# Blender 5.1.1
# www.blender.org
mtllib Lfist.mtl
o t_hand_-__1
v -0.248191 -0.460575 0.103751
v 0.115429 -0.272122 -0.290846
v -0.478828 0.026132 -0.070875
v 0.274571 -0.174719 -0.267640
v -0.112590 -0.010480 0.511692
v 0.200984 0.274773 -0.373822
v 0.003480 -0.284916 -0.545456
v -0.275496 -0.090049 0.496559
v -0.269709 0.271221 0.392752
v -0.429788 -0.300264 0.318772
v -0.039735 0.484007 -0.356130
v -0.056845 0.477610 -0.199754
v 0.248827 0.433996 -0.135077
v 0.213275 0.256586 0.412180
v -0.226970 -0.156444 -0.574273
v -0.396074 0.288883 -0.372613
v -0.311554 0.000882 -0.494578
v -0.252990 -0.395254 -0.258693
v 0.316655 -0.118245 0.475858
v -0.100216 -0.159464 0.521340
v 0.440474 0.018377 0.280164
v 0.247387 -0.250311 0.037194
v 0.192802 -0.196302 0.359993
v 0.130312 0.039702 -0.692702
v 0.343592 -0.010701 -0.360787
v 0.362920 -0.036745 0.075406
v 0.393948 -0.009903 -0.019998
v -0.296001 0.187329 -0.377814
v -0.256840 0.435342 -0.368757
v -0.085919 -0.332529 -0.220669
v -0.232280 0.144561 -0.579795
v 0.134778 0.236997 -0.566097
v 0.142523 0.253068 -0.529776
v -0.146654 -0.396405 0.232802
v -0.157686 -0.395568 0.246932
v -0.141595 -0.421076 -0.114578
v 0.015748 0.343364 -0.372122
v -0.347136 -0.021980 -0.385443
v -0.346541 0.044365 -0.382726
v 0.046757 -0.138115 0.501083
v 0.019561 0.002023 0.494744
v 0.016182 0.298185 0.412623
v 0.233644 0.205279 -0.436054
v 0.301746 -0.033485 -0.471947
v 0.306237 0.000390 -0.457410
v 0.201370 0.465962 -0.352249
v 0.138220 0.311541 -0.372682
v -0.045531 -0.322120 0.043173
v 0.395912 0.044995 -0.374548
v 0.317767 0.117017 -0.379929
v -0.448350 -0.291278 0.312009
v -0.128399 -0.332401 0.415700
v -0.126458 -0.160353 0.526394
v 0.356648 -0.229945 0.139996
v 0.265229 -0.315913 0.182411
v 0.277437 -0.315027 0.299080
v 0.325145 -0.333354 0.313215
v -0.444702 -0.423181 -0.138568
v -0.459874 -0.405237 -0.131031
v 0.102959 -0.357261 0.348819
v 0.122227 -0.371524 0.328655
v 0.081762 -0.362022 0.175116
v -0.123090 -0.184809 -0.638702
v -0.005573 0.295484 0.402921
v -0.014907 -0.083619 0.496086
v -0.012554 0.473135 -0.096480
v 0.306634 -0.044665 -0.412451
v 0.134966 -0.281062 -0.436140
v 0.179400 -0.034842 0.443564
v 0.177758 0.284508 0.363141
v 0.179525 0.245126 0.367032
v 0.007833 0.300536 0.367608
v 0.309295 -0.060990 0.113137
v 0.282068 -0.123173 -0.022545
v -0.457718 0.247009 0.002680
v 0.081734 -0.315880 -0.111964
v 0.187245 -0.229284 -0.155461
v 0.212092 -0.208362 -0.156354
v -0.483115 0.174530 0.295220
v 0.006049 -0.335360 0.045658
v 0.015384 -0.341262 0.029839
v 0.005156 -0.319528 0.033193
v 0.010670 -0.343041 0.045230
v 0.015125 -0.350439 0.058917
v -0.165612 -0.391942 -0.083267
v 0.291677 0.361447 0.318022
v 0.378394 0.248534 0.381735
v -0.192643 -0.249613 -0.464353
v -0.170395 -0.404769 -0.241084
v -0.392795 -0.140800 0.498150
v 0.025510 -0.338448 -0.341546
v 0.359282 -0.199474 0.213481
v 0.371921 -0.210844 0.222043
v -0.344618 -0.346226 0.200290
v -0.342252 -0.352972 0.363658
v 0.302700 -0.119530 -0.397680
v 0.143747 -0.285155 -0.312981
v -0.244760 -0.238087 0.282026
v -0.324166 -0.346693 0.169242
v 0.143271 -0.134651 0.481442
v 0.129665 -0.136407 0.491399
v 0.169190 -0.136109 0.490816
v -0.180205 -0.387167 0.333184
v -0.230553 -0.336018 0.233340
v -0.230628 -0.265213 0.234831
v -0.076990 0.281414 -0.538396
v -0.019435 0.223352 -0.634807
v -0.358897 -0.352310 0.145308
v -0.446408 -0.299488 0.106606
v 0.010012 0.324142 0.334447
v -0.232355 0.297420 0.404598
v -0.233903 0.022792 0.478593
v -0.448220 -0.428819 0.075202
v 0.189278 -0.247222 -0.032262
v 0.048730 -0.308410 0.018963
v -0.192090 0.291199 -0.374611
v -0.180781 0.225835 -0.549062
v -0.062677 0.303024 0.351481
v -0.058042 0.297215 0.405226
v 0.258911 -0.185215 -0.002952
v 0.174622 -0.256491 -0.441195
v 0.135472 -0.143015 -0.653653
v -0.219135 -0.156868 0.506631
v -0.242785 -0.098781 0.499816
v 0.352651 0.359063 0.034355
v 0.352272 0.256212 0.313324
v 0.145617 -0.250394 -0.014882
v 0.015172 -0.304554 -0.029264
v -0.485311 -0.130419 0.031837
v 0.125948 0.333443 0.332570
v 0.357682 -0.012222 -0.078142
v 0.353455 -0.044404 -0.076781
v 0.438597 0.035613 -0.137408
v 0.188330 -0.060036 0.470638
v 0.226762 -0.116988 0.468722
v -0.415264 -0.091802 0.167670
v 0.119058 -0.023653 -0.699424
v -0.148848 0.065335 -0.685180
v 0.318978 0.006471 -0.313842
v -0.438820 -0.376677 -0.106631
v -0.229025 0.310481 0.333909
v -0.231749 0.283484 0.349880
v -0.273473 0.391710 0.336197
v -0.012975 -0.281357 0.259275
v -0.011257 -0.294572 0.246230
v -0.441608 0.289125 0.043873
v -0.443212 0.275403 -0.040396
v -0.389282 0.346029 -0.220033
v 0.439483 0.085902 -0.098539
v 0.411979 0.038315 -0.286662
v 0.379886 0.035857 -0.372057
v -0.443228 0.295017 0.177535
v -0.386742 0.271849 0.392685
v -0.400631 0.277141 0.413920
v 0.375615 0.332397 -0.227121
v 0.392623 0.302160 0.056790
v -0.062406 -0.302977 0.171431
v -0.029761 -0.309258 0.182462
v -0.239881 0.214485 -0.411710
v -0.217584 0.234643 -0.441965
v -0.307745 0.093930 -0.439548
v -0.308079 0.098317 -0.412074
v 0.308839 -0.317577 0.090616
v 0.298579 -0.315814 0.180912
v -0.272749 -0.134890 0.464641
v -0.271520 -0.302336 0.357221
v -0.266851 -0.089349 0.486015
v 0.227126 -0.222107 -0.174257
v 0.055327 -0.361481 0.177139
v 0.074539 -0.317381 0.016029
v 0.100463 -0.334384 0.016362
v 0.120018 -0.312253 0.021083
v 0.322604 0.000950 -0.277588
v 0.335801 0.004739 -0.263916
v -0.189874 -0.409226 0.351388
v -0.158654 -0.412383 0.354261
v -0.046789 -0.365990 0.316660
v 0.147476 -0.298899 0.091507
v -0.060470 -0.310243 0.200890
v 0.128770 -0.285016 -0.171307
v 0.088031 -0.302115 -0.173226
v 0.214133 -0.257190 0.056182
v 0.113735 -0.296053 0.024248
v -0.272090 -0.269790 0.293139
v -0.280592 -0.299478 0.201783
v -0.055155 -0.356365 0.352735
v -0.055452 -0.153255 0.486142
v -0.043315 0.292826 0.386456
v 0.196228 -0.121220 0.493731
v 0.255585 -0.118549 0.477583
v 0.288926 -0.108868 -0.023060
v 0.360713 -0.026040 0.020370
v -0.121393 -0.366072 -0.116900
v -0.100733 -0.302395 -0.133666
v 0.298166 -0.011981 -0.296013
v 0.295486 -0.040685 -0.295380
v 0.278003 -0.144483 -0.307410
v 0.268696 -0.126504 -0.293702
v -0.420293 -0.320273 0.124845
v -0.407926 -0.380019 0.107637
v -0.413143 -0.332747 0.121000
v -0.303176 0.291052 0.363601
v -0.294482 0.266164 0.371217
v -0.136037 -0.266517 -0.014014
v -0.088373 -0.279773 -0.013177
v -0.026822 -0.287141 -0.012881
v -0.445566 -0.083245 0.479582
v 0.157039 -0.185714 -0.606305
v 0.186989 -0.183360 -0.579541
v 0.305283 0.251535 0.390778
v 0.308718 0.259615 0.423691
v 0.271573 0.259724 0.425635
v -0.237669 -0.231100 -0.401767
v -0.247571 -0.204243 -0.412310
v -0.373655 -0.083504 -0.349630
v -0.342138 -0.082911 -0.375004
v -0.262769 0.259053 0.345829
v -0.256968 0.265881 0.371652
v -0.248688 0.291376 0.380807
v 0.136252 -0.141397 0.522456
v 0.162229 0.196853 -0.592426
v 0.276494 0.106835 -0.504240
v 0.260417 0.143584 -0.502069
v -0.393456 -0.091646 0.175926
v 0.333187 0.055904 -0.382282
v -0.231873 -0.355126 0.360119
v -0.083304 -0.305139 -0.433497
v -0.078903 -0.307140 -0.412465
v 0.030114 -0.313410 -0.411150
v 0.026531 -0.311867 -0.447031
v -0.238548 -0.377265 0.325674
v -0.224158 -0.395792 0.340403
v -0.218600 -0.366939 0.316894
v -0.246032 -0.293238 0.257796
v -0.153770 -0.325867 -0.041618
v -0.170054 -0.368691 0.025842
v 0.248929 -0.024524 -0.595372
v 0.224503 0.144231 -0.571981
v -0.150401 0.300378 0.412729
v -0.190131 0.302671 0.423092
v -0.158486 0.301752 0.428797
v 0.302376 -0.150376 0.087096
v 0.281923 -0.149746 0.135985
v 0.293182 -0.155693 0.121007
v 0.327943 -0.008185 -0.182508
v 0.372880 -0.064309 0.476462
v -0.301011 -0.102371 -0.462644
v -0.297328 -0.083935 -0.502584
v -0.274551 -0.167847 -0.412350
v 0.111846 -0.292433 -0.410559
v -0.175398 0.267101 -0.440990
v -0.024266 0.317124 -0.411425
v -0.065358 0.311636 -0.412037
v 0.018191 -0.136711 0.493124
v 0.078480 -0.143321 0.532436
v 0.372846 -0.089639 0.313584
v 0.323357 -0.115935 0.218946
v 0.327154 -0.093992 0.227058
v -0.141459 -0.045082 -0.692661
v -0.170894 -0.040524 -0.677177
v 0.311039 0.408354 -0.235406
v -0.199764 0.251599 -0.411830
v 0.430891 0.153982 0.295874
v 0.054404 -0.293101 -0.290454
v -0.097259 -0.365969 -0.228948
v 0.034703 -0.175484 -0.669380
v 0.039935 -0.204361 -0.646408
v -0.048387 -0.157283 -0.681038
v -0.030160 -0.298989 -0.290296
v 0.345499 0.374661 -0.368916
v 0.373242 -0.288988 0.280069
v 0.359804 -0.315474 0.300042
v 0.343135 -0.298433 0.286794
v 0.356394 -0.278686 0.272164
v -0.461304 0.256562 0.337954
v -0.376013 0.326900 0.334965
v 0.319875 -0.140212 0.190637
v 0.331590 -0.083662 0.243749
v -0.164649 -0.433162 0.182391
v 0.219394 -0.259483 -0.362690
v 0.306721 -0.157518 -0.113510
v -0.273894 -0.050834 -0.571544
v -0.245771 -0.116142 -0.581351
v -0.257019 -0.136765 0.476156
v 0.353294 -0.064521 0.270041
v 0.356910 -0.148992 0.216189
v -0.352392 -0.092020 0.231068
v -0.364694 -0.091986 0.215873
v -0.421838 -0.211027 0.152161
v -0.072083 0.290353 0.376079
v -0.055552 0.279466 0.336018
v -0.008454 0.281622 0.351049
v 0.188722 -0.239256 0.307780
v 0.146394 -0.240423 0.126927
v -0.310405 -0.140545 0.496705
v -0.290193 -0.316390 0.376219
v -0.287962 -0.138456 0.484860
v -0.025900 -0.078227 0.478446
v -0.356885 -0.123945 0.261413
v -0.356136 -0.124787 0.199469
v 0.333407 0.282351 0.315945
v 0.337175 0.276735 0.328158
v 0.390667 -0.103225 0.392626
v -0.264054 0.254300 0.328412
v -0.018589 -0.301611 0.338609
v -0.027919 -0.144787 0.441155
v 0.280082 -0.122486 0.118141
v 0.292709 -0.101021 0.116330
v 0.312068 -0.101943 0.100569
v 0.288522 -0.108416 0.117080
v -0.197005 -0.159158 0.519613
v -0.215804 -0.161155 0.532430
v -0.322931 -0.088265 -0.400778
v -0.339104 -0.000630 -0.396818
v -0.386206 -0.114489 0.173099
v -0.405677 -0.190417 0.156323
v -0.346307 -0.159023 0.240634
v -0.205510 -0.441301 -0.120049
v -0.001174 0.258008 -0.595031
v 0.045421 0.156756 -0.680538
v -0.020138 0.053506 -0.721768
v -0.160940 -0.396811 0.033590
v -0.196178 -0.446584 0.050349
v 0.029870 0.338753 -0.381351
v 0.081789 0.292683 -0.494592
v 0.083778 0.299203 -0.464295
v 0.359787 -0.009041 -0.097774
v 0.371165 0.012846 -0.227371
v 0.209901 -0.282799 0.275196
v 0.192136 -0.293296 0.283256
v 0.234118 -0.332326 0.312268
v -0.203528 0.187821 -0.573010
v -0.236588 0.209390 -0.471940
v -0.250930 0.200127 -0.438903
v 0.321550 -0.233644 0.044784
v -0.429462 -0.203887 0.237725
v -0.427359 -0.259838 0.140525
v -0.387333 -0.170603 0.197401
v -0.219843 -0.001541 0.496069
v -0.173034 -0.102076 0.535261
v -0.147121 -0.160641 0.546146
v 0.305122 -0.073023 0.114109
v -0.462630 -0.087585 -0.104255
v -0.443071 -0.084234 -0.275232
v -0.484467 -0.008809 0.013403
v 0.365762 -0.111489 0.437550
v -0.060151 -0.295574 -0.290459
v 0.178726 -0.262493 0.177147
v 0.110615 -0.352447 0.313521
v 0.060636 -0.355800 0.316655
v -0.326537 0.398633 0.200195
v 0.160558 0.276675 0.332571
v 0.184180 0.275755 0.330851
v -0.149362 -0.274676 -0.471878
v -0.092021 -0.251233 -0.581194
v -0.073062 -0.270905 -0.557952
v -0.439036 -0.274506 -0.045564
v 0.237146 -0.242343 -0.205324
v -0.078698 0.200088 -0.645278
v -0.304144 -0.478611 0.063997
v -0.298000 -0.471390 0.066747
v -0.200235 -0.429599 0.065273
v -0.225048 -0.446881 0.065165
v 0.199776 0.244249 0.362459
v -0.005744 -0.311763 0.194877
v -0.011271 -0.304782 0.277498
v -0.003733 -0.302032 0.106651
v -0.314950 -0.435696 0.154272
v -0.200521 -0.385447 0.242830
v 0.167889 -0.256644 0.271738
v 0.168153 -0.309012 0.279717
v 0.152654 -0.251006 -0.516981
v 0.060259 -0.266037 -0.566089
v 0.304007 -0.313555 0.297994
v 0.286258 0.374440 0.300915
v 0.152978 0.445358 0.029257
v 0.413349 -0.029667 0.277745
v 0.452926 0.024120 0.267301
v 0.456469 0.029454 0.242562
v -0.477875 0.186099 0.047800
v -0.131158 -0.405520 0.101582
v -0.176665 -0.428726 0.112832
v 0.165504 -0.257237 0.239520
v 0.157069 -0.281921 0.258399
v 0.288527 0.008215 -0.524183
v 0.297983 -0.006526 -0.494538
v -0.264452 -0.233909 0.263670
v -0.447741 -0.261115 0.286132
v -0.143168 -0.413978 0.207824
v -0.140520 -0.413722 0.160181
v -0.032476 -0.094502 -0.710974
v -0.153114 -0.073140 -0.680815
v 0.221365 -0.196288 -0.292299
v 0.382290 -0.090599 0.321045
v -0.054594 -0.030976 -0.721584
v -0.044785 -0.281656 0.258256
v -0.027234 -0.280879 0.259478
v 0.268917 -0.141776 -0.471904
v 0.187638 -0.146070 -0.612441
v 0.213687 -0.149175 -0.580983
v 0.282586 -0.313027 0.037994
v 0.267192 -0.301627 0.030892
v 0.250643 -0.311925 0.296783
v -0.126446 -0.317799 -0.380518
v -0.166919 -0.300993 -0.379536
v -0.434329 -0.141710 0.504674
v -0.431269 -0.136353 0.472933
v -0.114293 0.336347 0.387451
v 0.367615 -0.084294 0.287618
v 0.365296 -0.189965 0.206689
v -0.452000 -0.384154 0.084804
v -0.447715 -0.317452 0.117230
v -0.131982 -0.294294 -0.036098
v -0.057880 -0.291996 -0.153018
v -0.130175 0.367192 0.338386
v -0.360537 -0.460895 0.094341
v -0.310389 -0.454591 0.133134
v -0.405918 -0.444528 0.088785
v -0.425201 -0.434039 0.093205
v -0.079138 0.301387 0.417591
v -0.083290 -0.006157 0.503202
v -0.193076 0.309578 0.394858
v -0.180042 0.325444 0.394471
v -0.087769 -0.380215 0.327594
v -0.106685 -0.410350 0.352289
v -0.069000 -0.368989 0.366602
v 0.408038 0.146458 -0.378201
v 0.420272 0.057330 -0.319699
v -0.432043 -0.306093 0.365866
v 0.240625 0.217328 -0.400145
v 0.286868 0.148466 -0.401260
v -0.354427 -0.101896 0.274567
v 0.444663 -0.018674 0.255719
v -0.026929 -0.128022 0.443864
v -0.032770 -0.133178 0.473981
v 0.003131 -0.135139 0.484208
v 0.118522 -0.316476 -0.218666
v 0.010098 -0.337981 -0.234898
v -0.427470 -0.087058 0.500836
v -0.425715 0.274572 0.404073
v -0.439232 -0.108501 0.314972
v 0.167644 -0.051369 -0.668893
v 0.198839 -0.040119 -0.647181
v 0.337417 -0.010353 -0.382219
v 0.327947 0.007255 -0.396361
v 0.336519 0.019820 -0.382384
v 0.133156 0.393705 0.331132
v 0.212662 -0.079638 0.501585
v 0.221873 0.029682 0.478308
v -0.064611 -0.288590 0.148037
v -0.031384 -0.275959 0.129970
v -0.065812 -0.295958 0.109863
v 0.331664 0.247264 0.374174
v 0.364462 0.253867 0.401527
v 0.330766 0.258182 0.419483
v 0.349117 0.256554 0.412653
v -0.280524 -0.335557 0.348679
v -0.307024 -0.327163 0.341377
v -0.175796 0.116427 -0.651340
v -0.204388 0.115163 -0.629564
v -0.119926 0.150081 -0.665323
v 0.338837 -0.050157 -0.349808
v 0.275797 -0.200876 -0.358573
v 0.210103 -0.114811 0.456388
v 0.361453 -0.033896 0.058547
v -0.459946 -0.116488 0.363502
v -0.438486 -0.057309 0.276599
v -0.420123 -0.088746 0.275137
v -0.249500 -0.142581 0.425618
v -0.260885 -0.172279 0.352560
v 0.239923 -0.218154 -0.397591
v 0.264872 -0.192605 -0.394431
v -0.342928 -0.083658 -0.344834
v -0.278270 -0.216920 -0.362612
v -0.217927 0.454410 -0.230522
v 0.204182 -0.231730 -0.448940
v 0.206921 -0.233128 -0.410203
v -0.164845 -0.186432 -0.610201
v -0.136328 -0.241826 -0.566116
v -0.115855 -0.268031 -0.536808
v -0.440709 -0.297725 -0.210593
v -0.470101 -0.379416 -0.133139
v 0.194292 0.155311 -0.599691
v -0.393242 -0.459483 0.082591
v 0.243364 0.287395 0.364942
v 0.254722 0.280274 0.377320
v 0.318260 0.291834 0.334161
v 0.200372 0.237756 -0.447138
v 0.115673 0.292700 -0.411051
v -0.389270 -0.331156 0.344744
v -0.416470 -0.318877 0.334420
v -0.084850 -0.327095 -0.091163
v -0.121629 -0.319428 -0.079440
v 0.376303 -0.244052 0.246748
v -0.418805 -0.313246 -0.266327
v -0.368986 -0.251666 -0.386716
v -0.265974 0.037384 -0.587641
v -0.180479 0.075018 -0.664138
v -0.066040 -0.308253 0.094935
v -0.067209 -0.272697 0.130037
v 0.323768 -0.070222 -0.041908
v 0.307947 -0.057347 -0.026170
v -0.437624 0.283536 0.310891
v -0.433627 0.262235 0.357410
v -0.242305 -0.149963 0.467472
v -0.260398 -0.135459 0.386699
v 0.364624 -0.030271 0.045045
v -0.480599 0.218027 0.296345
v -0.365219 0.278757 0.419036
v 0.147521 0.155275 -0.639437
v 0.136168 0.193144 -0.617023
v 0.114391 0.182305 -0.639199
v 0.086339 0.242296 -0.592435
v -0.246168 -0.446448 0.165302
v -0.233443 -0.424733 0.209468
v 0.299058 0.303460 0.320634
v 0.265859 0.307213 0.324509
v 0.275065 0.305433 0.333683
v -0.157162 -0.160474 0.527073
v -0.273936 0.437251 -0.364802
v -0.025490 -0.325317 0.293984
v 0.091572 0.349069 0.333118
v 0.017886 0.404395 0.334289
v 0.059360 0.330324 0.375185
v 0.072078 0.327896 0.379906
v -0.409760 -0.091905 0.173728
v -0.405125 0.318016 -0.232535
v -0.349893 0.386935 -0.360732
v 0.347102 -0.088910 0.184241
v 0.083090 -0.273836 -0.013509
v 0.062431 -0.278950 -0.013252
v -0.447819 -0.247429 -0.180141
v -0.179169 -0.399377 0.042968
v 0.423449 0.221141 0.295794
v -0.208434 -0.374862 0.373460
v -0.027989 -0.301132 0.275887
v -0.027997 -0.274373 0.290018
v -0.449478 -0.107640 0.311358
v -0.220683 0.289630 0.373298
v 0.141095 -0.308527 0.037335
v 0.143020 -0.294440 0.048577
v 0.197739 0.101872 -0.629470
v 0.254923 0.029603 -0.586023
v 0.251677 0.252645 0.395405
v 0.146928 -0.305899 -0.358970
v 0.155104 -0.270684 0.224892
v 0.302618 -0.165417 -0.236365
v 0.344880 -0.028713 -0.207545
v 0.038931 -0.142907 0.530163
v 0.027675 -0.092878 0.520583
v 0.098587 -0.015175 0.504644
v 0.328160 -0.247289 0.040243
v 0.281702 -0.269954 0.029840
v 0.306714 -0.163272 -0.070603
v 0.233164 -0.244304 -0.064509
v 0.186392 -0.104672 0.398258
v 0.184137 -0.111202 0.435863
v 0.192121 -0.162273 0.381275
v 0.168782 -0.245841 0.305894
v 0.390025 0.238073 0.339536
v 0.351639 0.240226 0.347009
v 0.063024 -0.297748 -0.488572
v 0.065903 -0.305499 -0.441235
v 0.087069 -0.301355 -0.410426
v 0.149561 0.283912 0.359422
v 0.006719 0.482152 -0.364028
v 0.019314 0.485879 -0.354542
v 0.120435 -0.267374 -0.153815
v 0.260119 0.158856 -0.473544
v 0.180517 0.229095 -0.524044
v 0.175592 0.246636 -0.490913
v -0.462470 0.247521 0.304713
v -0.087879 0.304087 -0.451131
v 0.027149 0.092498 -0.711177
v -0.015160 0.101694 -0.709900
v -0.490298 -0.165298 0.008178
v -0.469208 -0.085707 -0.085235
v -0.041853 -0.341786 0.297165
v -0.057453 -0.287492 0.251879
v -0.055897 -0.314689 0.274780
v -0.045763 -0.286869 0.252563
v -0.069933 -0.363437 0.314056
v -0.082554 -0.373645 0.040360
v 0.314446 -0.078685 -0.146399
v 0.247755 -0.169435 -0.157569
v 0.251636 -0.192905 -0.141620
v 0.206997 -0.268107 -0.209423
v 0.179332 -0.255504 -0.169859
v 0.169539 -0.241322 -0.155100
v 0.134262 -0.342779 0.189910
v -0.068813 -0.321937 -0.317740
v -0.074330 -0.327638 -0.326286
v 0.155997 -0.259842 0.240559
v 0.317842 -0.137890 -0.063989
v 0.170847 0.456715 -0.120487
v -0.358626 0.382914 0.196514
v -0.428339 0.318426 0.181707
v 0.167854 -0.125476 0.429416
v 0.144846 -0.329875 0.295823
v -0.348498 0.273077 0.397176
v -0.415992 -0.410645 -0.124514
v -0.424173 -0.435857 -0.019013
v 0.050109 -0.233174 -0.615493
v -0.104692 0.301645 -0.412089
v -0.128132 0.289711 -0.454935
v 0.297555 -0.130906 -0.179343
v 0.330664 -0.108974 -0.222422
v -0.311065 -0.054112 -0.477184
v -0.123517 0.215808 -0.611212
v -0.049393 0.246642 -0.604889
v -0.071469 0.265273 -0.571557
v 0.180868 -0.237401 0.142110
v 0.158557 -0.233778 0.127024
v 0.182605 -0.245128 0.107723
v 0.303868 0.062365 -0.412665
v 0.298257 0.032719 -0.488673
v 0.300858 0.067953 -0.444134
v -0.081406 -0.158144 0.513867
v -0.075118 -0.161174 0.534205
v -0.230070 -0.187612 -0.531243
v -0.280813 -0.154535 -0.441033
v 0.185309 0.237322 0.335826
v -0.195629 -0.116850 -0.634974
v 0.208959 -0.233855 0.102295
v -0.160595 -0.425612 -0.104143
v -0.178980 -0.440244 -0.115690
v -0.137379 -0.395212 -0.093409
v -0.455454 0.263669 0.364080
v -0.453440 -0.059420 0.457286
v 0.292542 0.084010 -0.472104
v 0.246685 0.098391 -0.573035
v -0.389325 -0.349694 0.124236
v -0.401619 -0.336434 0.214315
v -0.316969 -0.142538 -0.383000
v 0.023689 -0.095645 -0.710085
v 0.057453 -0.064678 -0.713047
v 0.029086 -0.149226 -0.686616
v -0.308531 -0.167341 -0.374448
v 0.032978 -0.317713 -0.045728
v 0.172055 -0.289029 -0.089409
v 0.305808 -0.043453 -0.431398
v 0.094225 -0.309051 -0.051320
v 0.332000 0.379801 -0.003630
v 0.129069 -0.285738 -0.133433
v 0.131888 -0.262393 -0.154159
v 0.110783 -0.271134 -0.153753
v 0.058795 0.349304 0.333670
v 0.053030 0.345252 0.346092
v 0.255990 -0.222072 0.035072
v -0.058974 -0.304299 0.225461
v 0.092903 0.077143 -0.700908
v 0.095661 0.099888 -0.692698
v 0.250605 -0.168783 -0.019677
v -0.292251 0.134120 -0.439500
v -0.285054 0.087285 -0.533193
v 0.108304 0.293739 0.395026
v 0.129262 0.290269 0.382864
v 0.318933 -0.124932 -0.359498
v -0.185104 0.347512 0.368546
v 0.269758 -0.111759 -0.515244
v -0.462248 -0.127551 0.425835
v -0.067532 -0.236904 -0.609788
v -0.264951 -0.305893 -0.383183
v 0.430509 -0.036546 0.242022
v 0.439327 0.024900 -0.095714
v 0.039859 0.293873 0.396043
v -0.260964 -0.132260 0.369039
v -0.177237 -0.411352 0.241532
v -0.190150 -0.408755 0.239499
v -0.041639 -0.139294 0.406410
v -0.247581 -0.160197 0.364376
v 0.269547 0.182492 -0.398589
v -0.261044 -0.157611 -0.511777
v -0.286070 -0.120022 -0.496732
v 0.339262 -0.034333 -0.255965
v 0.325253 -0.117521 -0.239913
v -0.123040 0.453400 0.067708
v -0.056605 -0.117173 -0.699439
v -0.109964 -0.049476 -0.705218
v -0.085035 -0.081493 -0.705411
v 0.310767 -0.185396 0.076312
v 0.345599 -0.164235 0.153835
v 0.121557 0.407291 0.322173
v -0.418227 -0.175679 0.241311
v -0.429603 -0.166538 0.257010
v 0.348589 -0.077952 0.167566
v 0.263886 -0.219652 -0.221560
v 0.215378 -0.203064 -0.292373
v 0.373796 -0.086365 0.297629
v -0.127394 -0.310900 -0.057720
v -0.415626 -0.460845 0.082762
v -0.272393 -0.315079 -0.380455
v -0.183202 -0.326317 -0.366289
v -0.123869 -0.323932 -0.359572
v 0.219230 -0.184633 -0.531279
v 0.244309 -0.172757 -0.494376
v 0.349095 0.003609 -0.216674
v -0.099880 0.297169 0.401090
v 0.206136 0.048461 -0.639287
v 0.354908 -0.069043 0.497167
v 0.286414 -0.189022 -0.109912
v 0.250117 -0.221133 -0.119221
v 0.211363 -0.262272 -0.067972
v 0.201029 -0.272304 -0.079268
v 0.060794 0.271628 -0.559438
v -0.006987 0.286909 -0.545559
v 0.349316 0.372470 -0.217684
v -0.189389 -0.062739 -0.660476
v -0.215079 -0.074879 -0.636050
v -0.340556 0.402461 -0.107373
v 0.065415 0.412674 0.323433
v 0.067022 0.441541 0.151300
v -0.033311 -0.236216 -0.618265
v -0.025615 -0.205797 -0.648715
v -0.219096 0.213269 -0.509450
v -0.245534 0.179905 -0.515316
v -0.191422 0.237590 -0.509353
v 0.179359 0.127142 -0.632804
v -0.488338 0.084020 0.050771
v -0.489765 0.007692 0.098459
v -0.047637 0.472998 -0.367039
v 0.055475 0.184251 -0.660284
v 0.063357 0.208488 -0.638357
v -0.315257 0.059453 -0.450995
v 0.040727 -0.355953 0.350857
v -0.353956 0.326703 0.341027
v -0.351140 0.319540 0.356703
v -0.294916 0.296890 0.343556
v -0.240640 -0.338034 0.350291
v 0.029409 -0.326754 0.018258
v 0.096440 -0.351859 0.019606
v 0.105844 -0.356010 0.026423
v -0.069266 0.325811 0.336236
v -0.027822 0.278189 0.334091
v 0.076403 -0.122609 -0.689483
v 0.084511 -0.090525 -0.699267
v 0.124430 -0.072399 -0.688817
v -0.234629 0.278327 0.331831
v -0.434304 -0.183990 0.147706
v -0.430526 -0.171854 0.158666
v -0.423725 -0.157197 0.165207
v 0.359147 0.231298 0.312236
v 0.320099 -0.120619 -0.351216
v 0.234257 -0.124673 0.516666
v 0.263335 -0.125616 0.521294
v 0.256684 0.176688 -0.411831
v 0.232680 0.178312 -0.516816
v 0.240149 0.189046 -0.471881
v -0.398738 0.297695 -0.369745
v -0.370406 0.354057 -0.369406
v -0.040487 0.342354 -0.372384
v 0.008686 0.335980 -0.390462
v -0.032069 0.338512 -0.385126
v -0.366980 0.383433 -0.005796
v -0.111635 -0.292574 -0.464301
v -0.059969 -0.306398 -0.464373
v -0.234361 -0.328966 0.286281
v 0.344422 0.327327 0.311412
v -0.005696 0.196327 -0.658767
v -0.035641 0.154206 -0.685483
v 0.280782 0.067218 -0.525437
v 0.024531 0.314713 0.373215
v -0.411576 -0.102453 0.280760
v -0.423275 -0.102457 0.281204
v -0.097195 -0.162259 0.540782
v -0.263385 -0.262793 0.355179
v -0.262939 -0.142734 0.427737
v 0.161322 -0.222849 -0.557962
v 0.191559 -0.217742 -0.524033
v -0.256778 0.286163 0.366420
v -0.256731 -0.071532 0.463498
v -0.176474 -0.418795 -0.101447
v 0.200958 -0.267668 -0.335280
v 0.261282 -0.204968 -0.329237
v 0.245655 -0.227527 -0.334702
v 0.203345 -0.265670 0.262520
v 0.138651 -0.307059 -0.341202
v 0.019528 -0.347410 0.351450
v 0.015779 -0.370368 0.329035
v 0.009759 -0.293574 0.384181
v 0.287012 -0.118889 0.479516
v 0.284186 -0.271230 0.372122
v -0.110804 0.311717 0.401835
v -0.083190 0.331738 0.364097
v -0.007749 -0.308057 0.222473
v -0.152842 0.146887 -0.649608
v -0.172378 0.159006 -0.628729
v 0.390784 0.229075 0.307175
v 0.291694 -0.135847 -0.272952
v 0.260501 0.267503 0.389183
v -0.206794 -0.025442 -0.653880
v -0.232396 -0.038362 -0.628340
v -0.210285 0.036126 -0.649680
v -0.233258 0.034445 -0.628236
v -0.379164 -0.145005 -0.362148
v -0.385122 -0.149041 -0.356074
v -0.379391 -0.222425 -0.376637
v -0.207771 0.343325 0.336614
v -0.189815 0.353489 0.349450
v -0.223881 0.307173 0.358130
v -0.211634 0.317705 0.372014
v 0.075351 -0.316629 -0.185826
v 0.011135 -0.325694 -0.184294
v -0.084173 0.293618 -0.502017
v -0.010744 0.311227 -0.471909
v -0.007863 -0.012857 -0.726342
v -0.008522 0.022699 -0.725856
v -0.085337 -0.283411 -0.523978
v -0.050196 -0.292431 -0.520453
v -0.119809 0.087398 -0.692668
v -0.055419 0.039415 -0.720500
v -0.033092 0.079770 -0.715456
v -0.311406 0.269963 0.384647
v -0.333373 0.282571 0.388870
v 0.094478 -0.366621 0.076222
v 0.106772 -0.358056 0.183453
v -0.091183 -0.391615 0.049091
v -0.151865 -0.403605 0.041321
v -0.114093 -0.401734 0.045755
v -0.134387 -0.398028 0.033849
v 0.442139 0.146289 0.060831
v 0.322641 -0.137093 0.027716
v 0.092229 -0.317346 -0.101382
v 0.058111 -0.324318 -0.102848
v 0.188022 -0.250584 0.251681
v -0.294837 0.112062 -0.479611
v -0.083391 -0.404911 0.348439
v -0.127653 -0.393103 0.372324
v -0.133355 -0.412329 0.354254
v -0.448411 -0.119622 0.378049
v -0.446895 0.249368 -0.119908
v -0.467720 0.218092 0.013297
v 0.174506 -0.068516 0.466275
v 0.184477 -0.125089 0.430183
v 0.064126 0.056727 -0.713491
v 0.156770 -0.093859 -0.664139
v 0.259590 -0.223320 -0.101620
v 0.146924 -0.331853 0.341938
v -0.099901 -0.370722 -0.247282
v 0.335331 -0.108897 0.201439
v -0.403202 -0.452668 -0.013618
v -0.383893 -0.461214 -0.009109
v 0.298812 -0.075634 -0.441209
v 0.286561 -0.040323 -0.522411
v 0.029859 -0.330534 -0.093420
v -0.288228 -0.143224 0.514183
v -0.285529 -0.101714 0.506361
v -0.325789 -0.048009 0.505971
v -0.334936 -0.108134 0.520156
v -0.353363 -0.171199 0.187044
v -0.343702 -0.136690 0.163357
v -0.311500 -0.181903 0.169862
v -0.323913 -0.155995 0.155116
v 0.227966 -0.248270 -0.107031
v 0.204074 -0.236161 -0.140636
v 0.448716 0.125950 0.179752
v 0.231095 -0.305837 0.336759
v 0.245543 -0.313383 0.335286
v -0.492795 0.041873 0.275440
v 0.304339 -0.314188 0.044410
v 0.334530 -0.305097 0.111745
v 0.081407 -0.302233 0.019279
v 0.010222 -0.303998 -0.492609
v 0.013286 -0.346315 0.183695
v 0.326547 -0.308902 0.052139
v 0.321335 -0.307524 0.042587
v 0.342652 -0.266590 0.041938
v 0.343685 -0.243728 0.049702
v 0.109823 0.006711 -0.704401
v -0.450787 -0.349114 0.094738
v -0.374766 -0.293292 -0.364072
v -0.353711 -0.286798 -0.389560
v -0.348661 -0.297151 -0.386650
v 0.066916 -0.086724 0.523881
v 0.206012 0.235714 -0.411150
v 0.162242 0.267661 -0.433505
v 0.387014 0.083675 0.297814
v 0.109553 0.456773 -0.003821
v 0.133122 0.464655 -0.124781
v 0.156272 0.271970 -0.410767
v -0.465711 -0.398465 -0.133080
v 0.250372 -0.098091 -0.566203
v -0.303185 0.310528 0.328671
v -0.327609 0.321211 0.341037
v -0.169842 -0.437497 0.136934
v 0.256007 -0.307681 0.036701
v 0.259981 -0.314276 0.044459
v -0.435525 -0.327189 0.342076
v -0.028336 -0.261976 -0.585401
v -0.032630 -0.282785 -0.547889
v 0.009483 -0.216632 -0.639278
v 0.005192 -0.238283 -0.616736
v 0.212149 0.212539 -0.496781
v 0.188765 0.186865 -0.575472
v 0.028065 -0.360122 0.069419
v 0.036252 -0.342222 0.018121
v 0.060176 -0.355613 0.020090
v 0.168465 -0.202572 0.361576
v -0.298643 0.015365 -0.531284
v -0.305799 -0.022954 -0.511250
v -0.291887 -0.055816 -0.534820
v -0.386685 0.367823 0.298006
v -0.068872 -0.156434 0.504169
v 0.239433 -0.304012 0.040539
v 0.216687 -0.277997 0.052050
v 0.058564 -0.327347 -0.328599
v -0.277328 0.165197 -0.411837
v -0.274353 0.161237 -0.464171
v -0.411209 0.310021 0.337468
v -0.430881 0.292684 0.325864
v -0.018005 0.329721 -0.398946
v -0.450290 0.001526 0.281631
v 0.198830 0.268863 0.330112
v 0.213241 0.285192 0.329389
v 0.256346 -0.194480 -0.177246
v -0.041602 -0.241018 0.344154
v 0.225404 -0.302455 0.289772
v 0.195116 -0.264098 0.320463
v 0.193907 -0.109549 0.426543
v 0.327320 -0.136488 0.042669
v -0.313059 -0.445757 0.146655
v -0.204294 -0.425597 0.220525
v 0.286524 0.299872 0.347878
v 0.235142 0.299497 0.327741
v 0.190371 -0.269456 0.038900
v 0.033252 -0.329329 -0.193215
v -0.026124 -0.122203 0.410347
v -0.021834 -0.127800 0.442658
v -0.259517 -0.149680 0.468211
v 0.033232 -0.291853 -0.153007
v 0.004565 -0.311493 -0.168338
v 0.004441 -0.294375 -0.152853
v 0.002469 -0.308930 -0.137473
v 0.364658 -0.048106 0.483135
v 0.140913 -0.295476 -0.257307
v 0.080362 -0.306788 -0.270495
v -0.445147 -0.430379 0.088200
v -0.446170 -0.403232 0.099477
v -0.140699 -0.269088 -0.008556
v -0.124094 -0.292919 0.010900
v -0.003452 0.306659 0.334285
v 0.004300 -0.328974 -0.396104
v -0.134152 -0.388977 0.028018
v 0.051126 0.299982 0.419527
v 0.074595 0.295545 0.402178
v -0.467627 0.240520 0.165665
v -0.477174 0.238432 0.287255
v 0.322215 -0.100729 -0.131257
v 0.289817 -0.092598 -0.160773
v -0.483410 0.108849 -0.006078
v -0.472903 0.174599 -0.047633
v -0.191855 -0.291232 -0.367130
v -0.135796 -0.288000 -0.412387
v 0.287369 0.115966 -0.431949
v 0.308595 0.012658 -0.437116
v 0.306203 0.273682 0.376117
v 0.326986 0.267462 0.364132
v 0.349691 0.257559 0.330561
v 0.095204 0.330001 0.372752
v 0.099832 0.343523 0.345437
v 0.116003 0.324539 0.366780
v -0.398799 0.354875 0.316608
v 0.045715 0.234677 -0.616857
v 0.037483 0.255793 -0.592444
v 0.031648 0.272632 -0.567444
v 0.037823 0.289192 -0.532815
v 0.398461 0.284591 0.287048
v 0.382703 0.311117 0.283480
v -0.324006 0.083480 -0.401675
v -0.337773 0.092252 -0.381258
v -0.323038 0.136760 -0.379466
v -0.440406 0.054153 -0.366300
v -0.037148 0.289409 0.374614
v -0.032719 0.285068 0.363708
v -0.231550 0.246095 -0.396316
v -0.293998 0.181985 -0.387304
v -0.238816 -0.445405 -0.127218
v -0.251756 -0.467176 -0.037359
v 0.309162 -0.155726 0.126957
v 0.347475 -0.184925 0.110043
v -0.367630 0.373066 -0.223845
v -0.114596 -0.318908 -0.100766
v -0.246714 -0.224471 0.310113
v 0.428691 0.206733 0.051945
v 0.359373 0.361827 -0.365149
v 0.374659 0.332916 -0.359780
v -0.354188 -0.092602 0.270287
v -0.356133 -0.093211 0.257802
v -0.042805 -0.320640 0.074902
v -0.068165 -0.318293 0.074958
v 0.112756 -0.306371 -0.187709
v 0.193652 -0.270356 -0.194982
v -0.105064 -0.344149 -0.333791
v -0.023697 0.290000 0.382684
v -0.032812 -0.025057 0.448920
v 0.135089 -0.321867 0.028054
v 0.141473 -0.324394 0.043853
v 0.129275 -0.337443 0.027198
v 0.118667 -0.346224 0.024182
v 0.131199 0.419788 0.243001
v 0.225075 0.376478 0.326177
v 0.122994 -0.004807 0.496923
v 0.143381 -0.004916 0.488542
v 0.148723 0.295626 0.403041
v -0.237446 -0.157604 0.517387
v 0.155805 -0.131741 0.464942
v -0.114871 0.249308 -0.573859
v -0.116015 0.275361 -0.524041
v -0.089617 0.237375 -0.603695
v -0.098524 -0.332604 0.034107
v -0.124766 -0.303651 0.028355
v -0.215757 -0.461766 -0.019572
v -0.215930 -0.473759 0.032427
v -0.258420 -0.487435 0.035159
v -0.249243 0.151582 -0.546686
v -0.270582 0.134224 -0.524008
v -0.256565 0.109143 -0.571421
v -0.076483 -0.319478 0.049153
v -0.074108 -0.340655 0.045278
v -0.139307 0.253580 -0.546731
v -0.029757 -0.340002 -0.374555
v -0.079273 -0.336217 -0.355182
v 0.119057 0.289725 -0.439238
v 0.126084 0.281453 -0.471939
v 0.208283 -0.293703 0.326459
v -0.186319 0.453674 -0.025105
v -0.202341 -0.451151 -0.026231
v -0.316856 -0.060857 -0.411897
v -0.304010 -0.104824 -0.432685
v -0.319637 -0.003160 -0.456608
v -0.319121 -0.038134 -0.441332
v -0.070481 0.410489 0.337543
v 0.355298 -0.046641 -0.092862
v 0.319406 -0.147692 -0.092493
v 0.073787 -0.331848 -0.367380
v -0.131025 -0.399927 0.173208
v 0.389761 0.300313 -0.211109
v 0.320719 -0.124396 -0.205991
v 0.302803 -0.167616 -0.225624
v 0.152369 -0.276337 0.182734
v -0.395947 -0.100921 0.274030
v -0.402176 -0.093151 0.271991
v 0.119496 0.221362 -0.599006
v -0.120694 -0.308663 0.039292
v -0.035370 -0.315458 0.024496
v -0.203896 -0.213452 -0.533787
v -0.192752 -0.234051 -0.511782
v -0.173075 -0.235438 -0.538340
v -0.195795 -0.188385 -0.579537
v 0.345569 -0.292275 0.131305
v 0.347437 -0.283610 0.060212
v 0.337426 -0.294554 0.045035
v 0.270916 -0.202510 -0.374544
v 0.310506 -0.129504 -0.381538
v -0.096338 -0.389734 0.206505
v 0.241687 -0.195184 -0.411242
v 0.201038 0.437123 0.002889
v -0.363149 -0.278924 -0.387428
v -0.372765 -0.260015 -0.383937
v -0.416582 0.267414 0.376433
v -0.441697 0.270507 0.389290
v 0.014493 0.316489 -0.411529
v 0.064385 0.309316 -0.410903
v 0.012826 0.315205 -0.441237
v 0.094203 -0.232299 -0.598645
v 0.122715 -0.256582 -0.541167
v 0.109122 -0.278875 -0.502056
v 0.448777 0.079315 0.060349
v -0.041606 -0.200084 0.379916
v -0.025375 -0.155118 0.401444
v 0.304184 0.397049 0.009314
v 0.245090 -0.141632 -0.538545
v 0.234171 -0.125935 -0.571518
v -0.235463 -0.481829 0.025513
v 0.280689 0.427482 -0.247835
v 0.245474 0.448694 -0.363205
v -0.374290 0.309802 0.369137
v -0.353239 0.304803 0.377065
v -0.394874 0.309229 0.359535
v -0.085029 -0.168465 -0.665664
v -0.157644 0.367273 0.338426
v -0.187407 0.358071 0.337737
v -0.162361 0.359689 0.362189
v 0.256514 -0.216887 -0.056188
v 0.223843 -0.196518 -0.017881
v 0.295904 0.286071 0.367898
v 0.101524 -0.167360 -0.655400
v -0.423436 -0.117789 0.160767
v 0.354221 -0.176143 0.196659
v -0.356882 0.001573 0.495078
v -0.333996 0.277699 0.418570
v 0.269101 -0.020216 -0.564034
v 0.255623 -0.068703 -0.572814
v 0.274829 -0.069024 -0.537009
v -0.436868 -0.310109 0.128024
v -0.277871 0.010253 -0.572834
v -0.281365 -0.019470 -0.566202
v -0.247076 -0.244304 -0.378344
v 0.064231 0.456560 0.044120
v 0.438893 -0.017798 0.267563
v 0.453917 0.067517 0.276515
v -0.086013 -0.141655 -0.681231
v -0.171189 -0.102953 -0.659741
v -0.275360 -0.228404 0.258324
v -0.134913 -0.002476 -0.699352
v 0.047025 0.310505 -0.448915
v 0.084897 0.302846 -0.433453
v -0.370560 -0.291939 0.409240
v -0.352092 -0.141723 0.503382
v 0.152721 -0.297503 -0.073434
v 0.197321 -0.262068 -0.051537
v -0.417734 -0.444915 -0.156034
v -0.053053 -0.098396 0.507211
v -0.049732 -0.157377 0.512702
v -0.079069 -0.120241 0.530125
v -0.154814 -0.432658 0.170535
v -0.206198 -0.404824 0.348953
v -0.220498 -0.372472 0.364868
v -0.241361 0.444129 -0.059125
v 0.006603 -0.094251 0.514139
v -0.032652 0.126300 -0.699463
v -0.139918 0.342262 0.389556
v -0.004684 -0.097399 0.508522
v 0.005777 -0.140939 0.521268
v 0.032658 0.304728 -0.489931
v 0.128988 0.298013 0.412423
v -0.153052 0.293946 -0.401305
v -0.237462 -0.259406 0.230498
v -0.241186 -0.245392 0.253229
v -0.277353 -0.227862 0.233451
v -0.252154 -0.064646 -0.598655
v -0.262412 -0.092316 -0.571516
v -0.213944 -0.137657 -0.604768
v 0.295002 0.156948 -0.387357
v -0.399142 -0.273919 0.413966
v 0.337872 0.014920 -0.337609
v 0.332538 -0.009667 -0.328870
v -0.092347 -0.384468 0.371260
v -0.422164 0.220676 -0.371565
v -0.462781 0.167501 -0.153980
v -0.436799 -0.272482 0.295404
v -0.426070 -0.297398 0.131122
v 0.022706 -0.355395 0.040457
v 0.049432 -0.308234 -0.132742
v 0.021054 -0.321327 -0.119930
v -0.027805 -0.320525 -0.123381
v -0.473618 -0.355223 -0.100447
v -0.479019 -0.303585 -0.068282
v 0.225669 -0.248334 0.043617
v -0.323026 -0.486407 0.050155
v -0.376739 -0.479388 0.045078
v -0.389196 -0.479805 0.065082
v 0.361777 0.326220 0.305967
v 0.384657 0.301702 0.299612
v 0.396644 0.273156 0.302179
v -0.385703 -0.218427 -0.364692
v 0.440681 0.164509 0.291274
v 0.420590 0.215752 0.299558
v -0.411566 -0.090277 0.068315
v -0.473127 -0.088981 0.005994
v 0.376445 -0.269750 0.266445
v 0.377073 -0.103262 0.390895
v 0.362821 -0.252094 0.252459
v -0.215136 -0.229010 -0.471927
v -0.359321 -0.469294 0.075284
v -0.322326 -0.467298 0.089802
v 0.284379 -0.169878 0.092291
v 0.286636 -0.189869 0.069575
v -0.423832 -0.078141 -0.386154
v -0.430838 -0.076544 -0.382483
v -0.186665 -0.455370 -0.135355
v -0.154406 -0.440115 -0.124825
v 0.354020 -0.222658 0.094528
v 0.350170 -0.216138 0.079615
v -0.114991 0.124115 -0.680918
v 0.342705 -0.308209 0.328716
v 0.343756 -0.327305 0.309098
v -0.382142 -0.328875 0.382367
v -0.393447 -0.349936 0.361263
v 0.192331 -0.280197 -0.226638
v 0.182201 -0.272273 -0.258221
v -0.227335 0.265456 -0.375624
v -0.257544 0.230465 -0.385974
v 0.237689 -0.212204 -0.312460
v 0.191174 -0.219894 0.336560
v 0.168770 -0.229105 0.334219
v 0.156323 0.470044 -0.364900
v 0.119081 0.480877 -0.359195
v 0.297326 -0.161955 -0.196861
v 0.284191 -0.191736 -0.208921
v 0.184537 -0.119416 0.396658
v 0.189277 -0.119999 0.396074
v -0.209850 -0.330082 -0.363461
v -0.347352 -0.322411 -0.362345
v -0.329259 -0.306385 -0.386285
v -0.249948 0.074624 -0.598640
v -0.230905 0.096019 -0.612127
v -0.218878 0.070060 -0.634512
v 0.340726 -0.280654 0.040605
v 0.330309 -0.281476 0.033777
v 0.303199 -0.289869 0.029306
v 0.299361 -0.154774 -0.254039
v -0.156051 -0.412812 0.231081
v -0.177161 -0.425845 0.220091
v -0.182395 -0.421898 0.228966
v 0.416100 0.132958 -0.373708
v 0.328689 -0.307233 0.293311
v 0.326088 -0.309227 0.188342
v 0.037274 -0.116564 -0.700656
v 0.211405 0.086471 -0.623081
v -0.447846 0.248560 0.307012
v 0.294743 -0.214369 0.051248
v -0.389130 -0.159976 0.240458
v -0.403979 -0.173304 0.205959
v 0.312050 -0.038708 -0.027404
v 0.301773 -0.078272 -0.025194
v 0.113166 0.404938 0.329246
v 0.199798 0.390907 0.325462
v 0.173291 0.399591 0.321943
v 0.094873 -0.280709 -0.290663
v -0.052305 -0.308694 -0.167198
v -0.090811 -0.285557 -0.153232
v 0.345707 -0.116163 0.464047
v 0.352227 -0.296319 0.329151
v 0.331337 -0.120810 -0.076686
v 0.337434 -0.110366 -0.089206
v -0.077774 0.309580 0.376559
v -0.130964 0.281829 -0.487165
v 0.045340 -0.356234 0.298642
v -0.168639 -0.405887 0.059474
v -0.182331 -0.402062 0.093085
v 0.161442 0.224556 -0.558024
v 0.199216 0.203402 -0.540121
v -0.270945 0.254324 0.328369
v 0.209667 -0.252683 -0.121102
v 0.151543 0.303440 0.332071
v -0.339798 0.379887 0.329068
v -0.255295 0.401176 0.335488
v -0.197208 -0.251935 -0.412360
v -0.172021 -0.267069 -0.441224
v -0.224934 -0.000213 -0.639592
v 0.163548 0.291537 0.388863
v -0.376932 -0.415801 0.120027
v -0.410578 -0.412652 0.098683
v -0.476407 -0.089650 0.055605
v 0.217973 0.248778 0.380263
v 0.198261 -0.067928 0.487297
v -0.438448 -0.104334 0.292599
v 0.223714 -0.204135 -0.481476
v 0.235959 -0.198272 -0.448935
v 0.115271 0.112584 -0.679943
v 0.120901 0.146492 -0.660299
v -0.270384 0.198345 -0.400011
v 0.341406 -0.198093 0.080560
v -0.428921 0.176218 -0.373809
v -0.435729 0.143292 -0.370992
v 0.043243 -0.365290 0.045618
v 0.042414 -0.365205 0.067929
v 0.063993 -0.367597 0.085877
v 0.208116 -0.255817 0.030354
v 0.218526 -0.242222 0.019235
v 0.172924 -0.259377 0.006703
v -0.405588 0.340711 0.318676
v -0.428804 0.323608 0.312436
v -0.263604 -0.413021 0.197410
v -0.212493 -0.397078 0.233462
v 0.117804 -0.359404 0.059128
v 0.123300 -0.351560 0.185986
v 0.083863 -0.363047 0.028016
v 0.105496 -0.363564 0.043095
v -0.070746 0.319490 0.355220
v -0.031564 -0.317851 -0.042785
v 0.070908 -0.157876 -0.672732
v 0.214197 -0.060102 -0.628316
v 0.047919 -0.250766 -0.593960
v 0.020687 -0.264970 -0.579887
v -0.169886 -0.216883 -0.571578
v -0.196436 0.456058 -0.367122
v 0.349568 -0.041651 0.079753
v -0.443376 0.256830 0.337417
v -0.403086 -0.342965 0.116999
v -0.106474 0.355841 0.352670
v 0.343327 0.253846 0.354342
v -0.096734 0.426227 0.275562
v -0.290964 -0.322739 0.193650
v -0.039115 -0.332759 -0.249521
v 0.026333 -0.317326 -0.270171
v 0.053436 0.312597 0.390566
v 0.089779 0.306411 0.394780
v 0.068901 0.307115 0.396106
v 0.028486 0.197877 -0.655299
v 0.012646 0.224395 -0.633485
v -0.271709 0.437514 -0.230891
v -0.270998 0.429746 0.041378
v -0.280670 0.413235 0.206394
v -0.493774 0.132540 0.285198
v -0.496732 0.096167 0.276451
v 0.089724 -0.251930 -0.574282
v 0.078274 -0.278886 -0.531264
v 0.362379 0.339893 0.189656
v -0.306907 0.419084 -0.367151
v -0.324803 0.410236 -0.235139
v -0.021616 -0.301519 -0.502056
v -0.006646 -0.310780 -0.464302
v -0.017807 -0.321337 -0.267920
v 0.003645 -0.299452 -0.290187
v 0.335334 0.348073 0.308631
v 0.358315 0.337475 0.296788
v -0.251616 0.446715 -0.360754
v -0.256998 0.445897 -0.354235
v 0.336627 -0.064360 -0.367121
v 0.284114 -0.319107 0.053397
v -0.247091 -0.133556 0.374261
v -0.144081 0.286036 -0.411821
v -0.353222 -0.143425 0.249416
v 0.337410 -0.044266 -0.375571
v -0.248899 -0.327199 0.285355
v 0.208630 -0.123170 0.506452
v -0.182784 -0.337478 0.408607
v -0.195342 -0.383068 0.373190
v -0.174242 -0.385955 0.376817
v -0.132647 -0.288710 -0.430924
v 0.449901 0.039865 0.279035
v 0.156372 -0.139231 0.509115
v 0.140568 -0.095694 0.513115
v -0.250270 -0.485429 0.047291
v -0.310239 -0.486666 0.054842
v -0.415859 -0.139171 0.488915
v -0.325728 -0.169306 0.200263
v -0.338445 -0.183230 0.151013
v 0.443576 0.166676 0.282138
v 0.318136 -0.082738 0.512901
v -0.357783 -0.181077 0.154617
v 0.108440 -0.142868 0.529183
v 0.340653 -0.124019 0.513629
v -0.073093 0.335444 -0.380774
v 0.372140 -0.051380 0.283086
v 0.379720 -0.009352 0.287912
v 0.281521 0.270951 0.386903
v -0.197385 -0.161607 0.538960
v -0.173131 -0.162508 0.543750
v 0.218967 0.215743 -0.464258
v 0.208721 0.263687 -0.383117
v -0.134277 -0.220060 -0.597463
v -0.095593 -0.208869 -0.629792
v 0.033898 0.303501 0.388148
v 0.027369 0.338095 0.334303
v 0.312242 -0.112026 -0.326950
v 0.284871 -0.161786 -0.321899
v -0.258919 0.178550 -0.479482
v -0.209091 0.153162 -0.599805
v -0.322627 -0.013109 -0.412014
v 0.021687 -0.285400 -0.012917
v -0.251214 -0.096754 0.484204
v -0.329183 0.314240 0.357081
v -0.314413 0.305385 0.358399
v 0.396820 0.050092 -0.379691
v -0.231986 -0.154013 0.490430
v -0.483592 0.141836 0.029464
v 0.157721 0.005779 -0.680448
v 0.147528 -0.029464 -0.684879
v 0.179037 -0.025140 -0.664966
v 0.313158 -0.124416 -0.256497
v -0.413698 0.337650 0.188144
v 0.290703 -0.336719 0.316397
v -0.066520 -0.335158 -0.376650
v -0.266511 -0.138903 0.494588
v -0.142487 0.414976 0.334577
v 0.056427 -0.305757 -0.169007
v 0.075114 -0.324854 -0.200140
v 0.109862 -0.199934 -0.625027
v 0.140867 -0.176048 -0.627133
v 0.054680 -0.376225 0.333053
v 0.358747 -0.055198 0.187724
v 0.140731 0.086414 -0.677001
v -0.195533 -0.396239 0.074883
v 0.243089 -0.225958 -0.190618
v 0.261262 -0.216636 -0.203385
v 0.207143 -0.252326 -0.184562
v -0.338830 -0.153825 0.190387
v -0.320135 -0.176223 0.181409
v -0.340645 -0.146494 0.206114
v 0.071371 0.334473 -0.372221
v -0.163281 0.254341 -0.516765
v -0.374067 -0.091619 0.187238
v -0.000009 -0.331156 0.297938
v -0.114964 -0.272815 -0.013599
v -0.408794 -0.104943 0.175211
v -0.336292 -0.111058 -0.349521
v -0.369229 -0.197928 -0.374776
v -0.345316 -0.083324 -0.358328
v -0.057155 -0.385418 0.332673
v -0.331108 -0.118409 -0.375567
v -0.325272 -0.141005 -0.362219
v -0.445408 -0.130695 0.440848
v -0.442347 -0.276553 0.360855
v -0.485281 -0.083492 0.143091
v -0.478492 -0.087179 0.263700
v 0.267028 0.055220 -0.559362
v -0.332264 0.404366 -0.359699
v -0.349701 0.390906 -0.225073
v 0.216102 0.261338 0.370769
v 0.325303 -0.121099 0.015988
v -0.363010 -0.337937 0.310834
v -0.042647 0.208184 -0.646529
v 0.349922 0.006771 -0.237948
v 0.346496 0.383678 -0.358962
v -0.098397 0.475793 -0.364426
v -0.180558 0.464603 -0.362542
v -0.114717 0.477186 -0.356936
v -0.112312 0.471406 -0.170852
v 0.138484 0.268365 -0.496515
v -0.159759 -0.148035 -0.643907
v -0.125306 -0.129545 -0.672973
v -0.206340 0.235743 -0.482020
v -0.417853 -0.275789 0.402905
v -0.149087 0.105714 -0.672606
v 0.309319 -0.165886 0.051547
v 0.287362 -0.193347 0.048489
v 0.327769 0.403581 -0.348502
v -0.383020 0.368928 0.314147
v -0.346244 0.385440 0.322659
v -0.013212 -0.132948 -0.697036
v 0.164947 -0.328278 0.295681
v 0.169774 -0.120179 0.399331
v 0.137122 -0.307769 -0.374337
v 0.134981 -0.302891 -0.386919
v 0.047201 -0.333273 -0.380796
v -0.472974 0.121041 -0.109856
v 0.336462 -0.056083 0.135595
v 0.432508 -0.016811 0.101828
v 0.434948 0.006091 -0.029309
v 0.217033 -0.285904 0.065524
v 0.224027 -0.298156 0.058891
v 0.337487 -0.049564 -0.197971
v 0.125376 -0.351383 0.039681
v -0.489146 0.179826 0.290869
v -0.160127 -0.259299 -0.504116
v 0.385886 0.243448 0.361898
v -0.142274 -0.347606 0.026727
v 0.236419 0.266331 0.382100
v -0.014095 0.301050 -0.509418
v 0.018509 0.297759 -0.516773
v 0.187606 -0.225629 -0.016435
v 0.192534 -0.222310 -0.016540
v -0.144551 -0.390819 0.336134
v -0.126190 -0.322292 -0.367563
v 0.137671 -0.338639 0.347898
v 0.141952 -0.362474 0.322513
v -0.148680 -0.419699 -0.102481
v 0.317045 0.058421 -0.401976
v -0.002164 0.002597 0.484727
v -0.133198 0.303549 0.427986
v -0.115508 0.323100 -0.383125
v -0.093029 0.333403 -0.372915
v -0.142499 0.316802 -0.373742
v 0.180195 -0.265678 0.088591
v 0.210442 -0.251572 0.081274
v -0.442950 -0.444232 0.075168
v -0.435151 -0.454363 0.079214
v 0.184020 -0.252764 -0.275463
v 0.181752 -0.233659 -0.290648
v 0.182081 -0.233992 -0.292511
v -0.425412 -0.464244 0.076347
v -0.409276 -0.472845 0.073510
v 0.284267 -0.119642 -0.441207
v 0.292740 -0.101423 -0.412265
v 0.283989 -0.097187 -0.488554
v 0.193769 0.466922 -0.360904
v -0.305899 -0.143861 0.520589
v -0.037875 0.274575 -0.566270
v 0.454326 -0.004955 0.220186
v 0.453000 0.000310 0.248010
v 0.450977 -0.015646 0.197958
v 0.254369 0.121355 -0.542995
v 0.454832 0.047230 0.167617
v 0.453007 0.000526 0.154314
v 0.129446 -0.301133 -0.058136
v 0.171796 -0.268073 -0.130689
v 0.158936 -0.248349 -0.154726
v 0.201297 -0.245183 0.247317
v -0.378056 -0.145060 0.525020
v 0.046438 -0.032154 0.509242
v -0.402322 0.341913 -0.095470
v -0.222320 0.299499 0.411998
v 0.340254 -0.008887 -0.343207
v -0.209507 0.301197 0.418070
v -0.201682 -0.004512 0.504452
v 0.035951 -0.291727 -0.523489
v -0.074046 -0.332109 -0.298429
v -0.455879 -0.201215 -0.135104
v -0.024041 -0.341530 -0.346982
v 0.014867 -0.330207 -0.322689
v 0.073663 -0.320500 -0.063599
v -0.393697 0.297571 0.373883
v -0.395213 0.282740 0.383752
v 0.203305 -0.266116 -0.379919
v -0.482080 -0.320730 -0.093348
v 0.291085 0.173833 -0.377637
v -0.052431 0.309238 -0.464288
v -0.049135 0.299111 -0.507994
v -0.234754 -0.246205 0.231164
v -0.207620 -0.460038 0.053665
v -0.225499 -0.478370 0.048050
v -0.016632 -0.335328 -0.329479
v 0.277561 -0.121542 -0.159414
v -0.445100 -0.339246 0.117889
v 0.231420 0.456796 -0.356405
v -0.381624 -0.083674 -0.343499
v 0.370666 0.339665 -0.012917
v -0.116864 -0.106125 0.535952
v -0.104619 0.302270 0.424241
v -0.101990 -0.229489 -0.604750
v -0.171953 0.345423 0.380182
v 0.413736 -0.042318 0.268673
v 0.431407 -0.033532 0.259713
v -0.159718 0.314617 0.406690
v -0.160190 0.335638 0.394166
v -0.181174 -0.453322 -0.150157
v -0.426595 -0.400138 -0.119335
v -0.071745 -0.316787 -0.267500
v 0.051829 -0.031188 -0.719432
v 0.070127 0.012619 -0.717060
v 0.282210 -0.197601 -0.228777
v 0.256045 -0.219589 -0.247539
v 0.257527 -0.273398 0.368461
v 0.082375 -0.289850 0.003306
v 0.329774 -0.265327 0.035348
v 0.283518 -0.236311 0.039187
v 0.252286 -0.231157 -0.230461
v -0.221085 -0.465542 0.057652
v -0.219536 -0.452666 0.079928
v -0.169240 -0.431777 0.127083
v -0.066931 -0.356274 0.177324
v -0.058870 -0.341336 0.296254
v 0.428529 0.032506 -0.200642
v -0.072105 -0.350867 0.048443
v -0.472528 0.061337 -0.129021
v -0.260445 -0.285817 0.307101
v -0.281407 -0.305082 0.322827
v -0.147369 -0.269463 -0.007060
v -0.160715 -0.318201 0.035003
v 0.028850 -0.355395 0.183829
v 0.022137 -0.348737 0.311293
v -0.433803 -0.456807 0.067768
v 0.330438 -0.068400 0.253295
v 0.135227 -0.275639 -0.470125
v 0.077669 0.471927 -0.123995
v -0.163871 -0.000719 -0.684850
v 0.248735 -0.231806 -0.363714
v -0.286315 0.274545 0.405936
v -0.053563 -0.337536 -0.227050
v -0.081074 -0.330912 -0.239038
v 0.120977 -0.122063 -0.672497
v -0.463421 -0.077496 -0.164140
v -0.279482 -0.306093 0.370028
v 0.173422 -0.247847 -0.487082
v 0.203033 -0.222422 -0.488943
v -0.436974 -0.087741 0.492179
v -0.481139 -0.089531 0.131795
v 0.305841 -0.169710 -0.081653
v 0.008986 -0.316914 0.027956
v 0.018783 -0.313411 0.022737
v -0.303760 0.423386 -0.086081
v -0.297999 0.422269 0.016806
v 0.285625 0.121730 -0.412273
v 0.266749 -0.201897 0.018565
v 0.308283 -0.160329 0.028967
v 0.280229 0.372682 0.314810
v 0.312747 0.360911 0.309947
v 0.378355 -0.118175 0.476370
v 0.102890 -0.316855 -0.086372
v -0.006200 -0.300753 0.161443
v -0.034590 -0.311730 0.204453
v 0.228520 0.039924 -0.618121
v 0.227738 0.006211 -0.622725
v -0.036289 -0.301158 0.163811
v 0.263866 0.443898 -0.356338
v 0.039483 -0.360631 0.033109
v -0.453756 0.288630 0.303822
v -0.468962 0.252265 0.300939
v -0.248665 -0.197627 -0.456640
v -0.235588 -0.199737 -0.496780
v 0.098630 -0.094306 0.523713
v 0.425268 0.072507 -0.294308
v 0.419168 0.077584 -0.371634
v 0.136397 -0.213790 -0.593836
v -0.042041 -0.264835 0.310514
v -0.026447 -0.247995 0.337157
v -0.042311 -0.310886 0.272713
v -0.292149 0.041565 -0.540747
v 0.163586 -0.279293 -0.398214
v 0.211750 -0.249684 -0.393213
v 0.175276 -0.283834 -0.382282
v 0.284853 -0.073096 0.514365
v 0.290877 0.013594 0.492709
v 0.212586 -0.270423 0.073251
v 0.181715 -0.264227 0.195286
v -0.458479 0.097831 0.291456
v -0.437881 0.052923 -0.374175
v -0.438589 0.132252 -0.365325
v -0.176631 -0.007348 0.510961
v 0.003881 -0.345182 0.343697
v -0.002700 -0.361506 0.321946
v -0.370411 -0.441665 0.110737
v 0.230858 -0.075184 0.508168
v -0.174289 0.185675 -0.605110
v -0.157171 0.226979 -0.573219
v -0.082856 -0.373347 0.375111
v -0.339050 0.028242 -0.395922
v 0.158993 -0.288516 -0.326249
v 0.116707 -0.303375 -0.319270
v -0.338427 -0.081926 -0.383173
v -0.427546 -0.082270 -0.380168
v 0.147940 -0.273863 0.099427
v 0.305746 -0.024154 -0.163283
v 0.333189 -0.097761 -0.062048
v 0.296864 -0.091760 -0.024099
v -0.285916 0.291500 0.328972
v -0.301342 0.070548 -0.502017
v -0.434743 -0.428218 -0.169938
v -0.431726 -0.437587 -0.158675
v -0.263608 0.277213 0.329903
v -0.313659 0.036927 -0.478990
v 0.178770 0.036063 -0.664050
v 0.179147 0.074509 -0.655511
v 0.091671 -0.346967 0.017147
v -0.139183 -0.406355 0.050492
v 0.276766 -0.320286 0.096796
v 0.298257 -0.065048 -0.161825
v 0.301265 -0.053642 -0.162443
v 0.332505 -0.013004 -0.143418
v 0.339913 -0.053369 -0.128634
v 0.355534 -0.033472 -0.106353
v 0.034362 -0.336899 -0.222714
v 0.043075 -0.334448 -0.211220
v 0.230463 -0.229436 -0.128651
v 0.259195 -0.200346 -0.130052
v 0.317467 -0.092589 0.133115
v 0.300341 -0.084671 0.115342
v 0.085057 -0.325063 -0.237179
v 0.102624 -0.312625 -0.253614
v 0.059118 0.338976 0.363286
v 0.040575 0.322325 0.376873
v 0.332408 -0.039892 -0.331434
v -0.389709 0.326349 -0.362426
v -0.314739 -0.063832 -0.441954
v -0.058884 0.102048 -0.705247
v -0.080213 0.160106 -0.673514
v -0.078945 0.115046 -0.696529
v -0.337761 -0.076366 -0.387138
v 0.302922 -0.157362 -0.366520
v 0.286798 -0.183162 -0.368254
v 0.139846 -0.335118 0.142609
v -0.024569 -0.201824 0.378805
v 0.179702 -0.114917 0.459805
v 0.179354 -0.131504 0.465086
v 0.135894 -0.293117 0.034113
v -0.042307 -0.145597 0.442733
v -0.096036 -0.387047 0.036994
v 0.407947 0.215917 -0.365688
v -0.142045 -0.110319 0.538469
v -0.146688 -0.024568 0.518042
v 0.416922 0.154388 -0.366310
v 0.431098 0.147833 -0.148252
v 0.425275 0.132554 -0.276315
v -0.356125 -0.112634 0.235434
v -0.267082 -0.316361 0.332879
v 0.212918 0.420898 0.114629
v 0.218855 0.392472 0.313011
v -0.258892 -0.176753 -0.479474
v -0.280405 -0.145344 -0.471942
v 0.159980 0.264152 -0.464231
v -0.090312 -0.318388 -0.184497
v -0.047534 -0.323079 0.054489
v -0.427429 -0.104564 0.292655
v 0.297816 -0.166145 -0.348822
v 0.343206 -0.073162 0.077993
v 0.298467 -0.137880 0.098165
v 0.289144 0.428808 -0.362679
v 0.315307 0.409166 -0.365676
v -0.208301 -0.457847 -0.147563
v -0.347645 -0.453960 -0.147303
v -0.005687 -0.320631 0.350862
v -0.009607 -0.132524 0.469373
v 0.006938 0.463326 0.015779
v 0.070590 0.467846 -0.070264
v -0.134749 0.040161 -0.697034
v -0.086898 0.070212 -0.708549
v 0.338603 -0.145614 0.203262
v -0.187810 -0.153486 -0.618788
v -0.007436 -0.333606 -0.083813
v -0.051493 -0.328714 -0.103733
v 0.073467 0.000300 0.502363
v -0.300695 0.424279 -0.228855
v 0.009428 -0.329580 -0.104473
v -0.023091 -0.332266 -0.095585
v 0.154352 -0.271288 -0.410044
v -0.117057 -0.376558 0.026594
v -0.094194 -0.360974 0.029829
v -0.108755 -0.389157 0.032198
v 0.305009 -0.031229 -0.163210
v 0.325613 -0.292036 0.033288
v 0.155136 -0.348769 0.310772
v 0.077927 0.280708 -0.531358
v 0.324636 -0.138278 0.061627
v 0.193431 -0.270991 -0.109527
v 0.156779 -0.286587 -0.116704
v 0.131185 0.298336 0.376759
v -0.384776 -0.117913 -0.347109
v -0.433768 -0.087343 -0.136230
v 0.345131 -0.056438 -0.228709
v 0.339896 -0.080658 -0.225344
v -0.488947 -0.251818 -0.041806
v -0.029867 -0.313955 -0.433511
v -0.023335 -0.314888 -0.411966
v -0.349401 0.383605 -0.368220
v 0.334143 -0.115231 -0.100820
v 0.321367 -0.134863 -0.109789
v 0.252488 -0.202177 -0.267635
v 0.355887 -0.052961 0.161358
v 0.263944 -0.147341 -0.159528
v 0.289026 -0.141379 -0.142519
v -0.370013 0.320026 0.354966
v -0.390157 0.317567 0.348585
v -0.154503 -0.422003 0.214729
v 0.327184 -0.082905 -0.258400
v 0.290220 -0.067466 -0.294877
v 0.310927 -0.059224 -0.280460
v 0.271412 -0.149701 -0.412150
v 0.292941 -0.146431 -0.395054
v -0.436487 0.211997 -0.302908
v 0.416525 0.244208 0.292432
v -0.122880 -0.154933 -0.659758
v 0.237102 0.074608 -0.598159
v 0.212835 0.444327 -0.107252
v 0.150433 0.297008 0.346354
v 0.213746 -0.263104 -0.348561
v 0.168346 -0.293130 -0.346550
v 0.080073 0.483985 -0.359195
v -0.434156 0.276531 0.346196
v -0.442657 0.271534 0.322589
v -0.302673 -0.335633 0.184762
v -0.484226 -0.105284 0.043892
v -0.147824 -0.434102 -0.156216
v -0.088818 -0.348959 -0.302879
v -0.281572 0.261383 0.354319
v 0.319465 -0.136105 0.204440
v -0.383979 -0.076289 0.513093
v 0.153813 -0.290131 -0.189293
v 0.230168 -0.073045 -0.606713
v 0.389865 -0.109665 0.430793
v 0.387534 -0.112755 0.449789
v 0.107172 -0.321809 -0.366720
v 0.095937 -0.318429 -0.386886
v 0.066443 -0.303436 -0.035431
v -0.448446 -0.426622 -0.148553
v -0.107621 -0.364001 0.390897
v -0.304350 0.277138 0.412709
v 0.215382 0.282264 0.343424
v -0.309638 0.311331 0.341129
v 0.254585 -0.147042 -0.509366
v 0.290476 -0.185624 0.032933
v 0.296154 -0.163220 0.013796
v 0.293663 -0.147140 -0.000436
v 0.245076 -0.284575 0.031146
v 0.117427 -0.336368 0.019416
v 0.130004 -0.318601 0.023547
v -0.381379 0.367681 0.191773
v -0.415007 0.345231 0.305251
v -0.019408 -0.335378 -0.200541
v 0.003492 -0.337799 -0.209379
v -0.119494 -0.405489 0.062633
v -0.106878 -0.401673 0.090300
v -0.230403 -0.097898 -0.611051
v 0.277220 -0.107988 -0.293955
v -0.474695 -0.366876 -0.113181
v -0.488387 -0.275623 -0.059587
v 0.343302 0.018399 -0.356980
v 0.349450 0.022719 -0.378595
v 0.339851 0.016677 -0.375959
v 0.343185 -0.027961 -0.003894
v 0.328150 -0.074275 -0.004916
v -0.093168 -0.374272 0.031559
v -0.084342 -0.336794 0.037981
v 0.235863 -0.219047 0.007758
v 0.082664 -0.304636 -0.128778
v 0.249462 -0.190628 -0.308180
v 0.009381 0.142451 -0.692650
v -0.214056 0.201250 -0.540562
v -0.197643 -0.159391 0.540154
v 0.331590 0.356437 0.295894
v 0.187382 -0.249096 0.277565
v 0.338469 0.358676 0.200814
v -0.166190 0.267149 -0.471915
v -0.048817 -0.325889 -0.057610
v 0.039421 -0.327097 -0.065631
v 0.351893 -0.267499 0.071804
v 0.275518 0.014867 -0.552423
v 0.323271 -0.087744 -0.385802
v -0.094498 -0.103693 0.531349
v 0.069020 -0.284808 -0.153162
v -0.357077 -0.125300 0.180872
v -0.353428 -0.432044 -0.130881
v -0.416869 -0.091238 0.124396
v -0.039396 -0.080118 0.480946
v 0.321514 -0.314983 0.333304
v 0.321130 -0.021398 0.498081
v 0.413163 0.069747 -0.379509
v 0.403017 0.062340 -0.381867
v -0.417198 0.286068 0.364544
v 0.146834 -0.289269 0.074759
v 0.014174 -0.032586 -0.723978
v 0.017294 -0.064424 -0.718748
v 0.414628 0.253325 0.257405
v 0.296979 -0.125879 0.521724
v 0.246534 -0.315662 0.071352
v 0.236090 -0.308407 0.191599
v 0.349058 -0.060624 0.211731
v 0.093463 -0.138240 0.501787
v 0.112210 -0.324943 0.371159
v 0.127623 -0.338258 0.355347
v 0.056646 0.094988 -0.705431
v 0.019080 0.123897 -0.700700
v 0.291584 0.381158 0.223143
v -0.322667 0.024100 -0.411554
v -0.142951 -0.254141 -0.538385
v -0.364509 -0.453225 0.103585
v 0.327394 -0.077891 -0.191827
v 0.001876 -0.324390 0.058870
v 0.000062 -0.320168 0.078781
v 0.453540 0.097744 0.275348
v -0.056726 0.224595 -0.628186
v 0.342677 -0.051863 -0.058864
v 0.337863 -0.022847 -0.049347
v -0.459245 0.210878 -0.112585
v -0.283086 0.113627 -0.515237
v -0.277842 -0.255713 0.202955
v -0.281666 -0.214099 0.197852
v -0.257553 -0.232603 0.214766
v 0.153430 0.046082 -0.679252
v -0.174933 -0.388085 0.029729
v -0.185851 -0.425957 0.041398
v 0.364918 -0.061359 0.276865
v 0.267945 -0.217757 -0.084803
v 0.238168 -0.245657 -0.088232
v 0.294105 -0.074990 -0.472728
v 0.316575 -0.116319 -0.193521
v 0.312558 -0.094734 -0.180535
v -0.466324 0.266573 0.286567
v 0.218586 -0.233711 -0.038792
v -0.057605 -0.058842 -0.716785
v 0.338726 -0.073637 -0.241848
v -0.083434 0.341001 0.347205
v -0.454973 -0.111084 0.330779
v 0.268303 0.200582 -0.385829
v 0.070846 -0.353482 0.355950
v 0.216564 -0.298009 0.333037
v 0.127458 -0.309402 -0.203328
v 0.263155 0.163832 -0.438932
v 0.278143 0.127192 -0.464244
v -0.330870 0.325723 0.326954
v 0.256795 0.300279 0.348058
v -0.187050 -0.433604 -0.023741
v -0.477893 -0.093691 0.259298
v -0.352297 0.330222 0.324905
v 0.334725 -0.160348 0.137310
v 0.316476 -0.108756 -0.046011
v 0.301123 -0.144680 -0.047404
v 0.300605 -0.166981 0.098968
v 0.316210 -0.169441 0.099997
v -0.026484 -0.138284 0.406566
v -0.377056 -0.269262 -0.373768
v -0.209217 -0.104705 0.527677
v -0.245791 0.292187 0.389395
v 0.147125 -0.318321 0.150189
v 0.219618 -0.258900 -0.094140
v 0.185567 -0.279621 -0.100633
v -0.052457 0.002851 -0.723216
v -0.168557 0.448246 0.068024
v -0.032840 -0.324730 -0.182632
v 0.207568 -0.104579 -0.618084
v -0.051815 -0.187283 -0.660438
v -0.067457 -0.202452 -0.645053
v -0.459231 -0.083499 -0.178038
v 0.319314 -0.136786 -0.225524
v -0.104777 -0.102516 -0.692790
v -0.151198 -0.343232 0.409196
v -0.072916 -0.363935 0.054480
v -0.067354 -0.340876 0.080914
v -0.138104 -0.354241 -0.059631
v -0.098763 -0.399022 0.063382
v 0.316234 -0.122043 0.150260
v 0.363550 0.357537 -0.357538
v -0.069707 -0.398188 0.342757
v 0.447136 -0.020787 0.241184
v 0.184452 0.236306 0.330088
v 0.196213 0.256665 0.346104
v 0.336353 -0.092039 -0.116868
v -0.451648 0.296377 0.288659
v -0.438075 -0.237801 0.143137
v 0.340488 -0.158935 0.152726
v 0.312116 0.119138 -0.387737
v -0.355197 -0.129031 0.236479
v -0.348473 -0.147012 0.225487
v -0.351513 -0.116730 0.218989
v -0.178788 0.460702 -0.137804
v -0.019112 -0.341285 0.306069
v -0.012951 -0.351079 0.315383
v -0.409242 -0.062140 0.503511
v -0.399032 -0.096063 0.514220
v -0.484298 -0.084828 0.259943
v -0.168927 -0.393632 0.253025
v -0.164846 -0.407003 0.243798
v -0.181197 0.298553 0.405555
v -0.188075 -0.007382 -0.669172
v 0.128965 -0.238431 -0.566036
v -0.253297 -0.027617 -0.606262
v -0.420218 0.247326 -0.363145
v -0.141354 -0.419261 0.191926
v -0.138035 -0.416105 0.174582
v -0.147052 -0.426711 0.164053
v 0.075885 -0.212825 -0.628327
v -0.135315 0.184019 -0.633934
v -0.206514 -0.276882 -0.379386
v -0.185962 -0.276162 -0.398700
v -0.421738 -0.319838 0.370490
v -0.406608 -0.329109 0.374766
v 0.267035 0.413396 0.024153
v 0.363054 -0.286421 0.318316
v -0.278936 -0.096562 -0.538368
v 0.276955 -0.193336 -0.340125
v 0.249182 -0.230709 -0.347840
v -0.443981 -0.310034 0.327244
v 0.096553 -0.294153 -0.458875
v 0.230535 -0.251952 -0.221770
v -0.459475 -0.131237 0.453348
v -0.328656 -0.297181 -0.390662
v 0.233427 0.450247 -0.365682
v 0.182482 -0.079284 -0.650796
v 0.170428 -0.227213 0.126422
v 0.210776 -0.200046 0.124495
v 0.309535 0.010735 -0.412477
v 0.276072 -0.313632 0.339953
v 0.195883 -0.194762 -0.554453
v -0.145439 -0.403196 0.143140
v -0.421621 -0.340729 0.353256
v -0.059434 -0.158972 0.523865
v 0.206007 -0.242350 0.166949
v 0.155715 -0.082454 0.499445
v 0.074649 -0.303591 -0.304818
v -0.309679 -0.278374 0.411180
v -0.317501 -0.328465 0.380485
v -0.301518 -0.324531 0.377422
v -0.233888 -0.218457 -0.430926
v 0.341568 -0.221855 0.060093
v 0.347254 -0.233497 0.060091
v -0.369723 -0.310689 -0.356642
v 0.326090 -0.068309 0.236811
v 0.199805 -0.309215 0.296574
v -0.397251 0.353655 -0.006121
v 0.190973 -0.271524 0.054544
v 0.159795 -0.279604 0.025559
v -0.220150 0.324173 0.346957
v 0.011272 -0.342909 0.306940
v -0.434079 -0.443850 0.088083
v -0.435744 -0.391472 0.106459
v 0.167204 0.164027 -0.618118
v -0.481152 -0.085267 0.047365
v -0.060814 -0.326725 -0.394802
v -0.201660 -0.380365 0.327712
v -0.373078 -0.092915 0.174525
v -0.034836 -0.304914 0.228727
v 0.317378 -0.031352 -0.313223
v 0.292131 -0.057746 -0.295004
v -0.321867 0.394969 0.318004
v 0.374378 0.319453 0.296142
v 0.394713 0.271759 -0.359796
v 0.391590 0.274848 -0.368158
v 0.344190 -0.054217 -0.215526
v 0.349523 -0.021329 -0.222993
v 0.366964 -0.120871 0.495439
v -0.147268 0.355275 0.373982
v -0.127057 0.351478 0.375885
v -0.104303 0.346110 0.369920
v 0.262948 -0.218889 0.048934
v -0.178445 0.034010 -0.673995
v 0.225734 -0.272471 0.037378
v 0.237960 -0.293169 0.033816
v 0.224498 -0.290672 0.044791
v 0.052341 -0.337438 0.015765
v 0.150565 -0.265393 0.157664
v 0.361415 -0.122672 0.501943
v 0.098596 0.255191 -0.566112
v 0.108257 0.272115 -0.526120
v -0.264012 -0.130606 0.440383
v -0.263178 -0.144912 0.443424
v 0.242023 -0.172757 -0.294002
v 0.245064 -0.168231 -0.291948
v -0.255809 -0.224604 -0.391624
v -0.340992 0.401280 0.009738
v -0.418982 -0.443496 -0.149726
v -0.339468 -0.294009 0.407985
v -0.407509 -0.438176 -0.141133
v -0.081896 -0.379962 0.207934
v 0.247803 0.381995 0.319338
v 0.006072 -0.192232 -0.660292
v 0.107982 0.314329 0.382570
v -0.488734 0.089049 0.284886
v 0.187837 -0.270453 0.266904
v -0.097069 0.325278 0.385662
v 0.051207 -0.327848 -0.249919
v -0.024225 -0.336173 -0.242251
v -0.044630 0.181197 -0.667611
v 0.186546 -0.117714 0.478529
v 0.327582 0.278716 0.348631
v 0.340242 0.265983 0.345290
v -0.421813 0.164315 -0.376820
v -0.182243 -0.451640 -0.127642
v 0.169513 0.424273 0.166797
v 0.149006 0.301897 -0.382962
v -0.003449 0.300657 0.345686
v -0.014189 0.277002 0.333803
v 0.259004 -0.335569 0.316560
v 0.243312 -0.231804 -0.378854
v 0.066085 0.123470 -0.692513
v 0.287134 -0.180587 -0.056645
v -0.480200 -0.078765 0.000777
v -0.416449 -0.193793 0.169953
v 0.309998 0.288581 0.354105
v 0.010285 0.288791 0.377384
v -0.210167 -0.469154 0.043227
v -0.164311 -0.444454 -0.158367
v -0.277167 -0.142074 0.506580
v 0.106667 -0.267084 -0.013760
v 0.139688 -0.270150 -0.027834
v -0.487645 0.159029 0.162076
v 0.119313 -0.314016 -0.237651
v 0.124621 -0.347562 0.309667
v 0.000119 -0.342773 -0.359755
v 0.023431 -0.340433 -0.367826
v -0.068028 -0.298131 -0.492995
v -0.113979 -0.283951 -0.496783
v -0.014473 -0.138887 0.506813
v -0.181346 0.291504 -0.386869
v -0.442519 -0.348232 -0.089950
v 0.266109 -0.080654 0.514945
v 0.405068 0.206879 -0.373537
v -0.136772 0.310147 -0.391747
v -0.192641 0.272370 -0.400022
v 0.262430 -0.191940 -0.040588
v 0.070731 -0.313338 0.385484
v 0.017405 -0.330803 0.022714
v -0.246471 -0.461706 0.062549
v 0.310642 -0.135286 -0.125858
v 0.099216 0.040382 -0.705726
v -0.355349 -0.089526 0.517814
v 0.034494 0.037372 -0.721577
v -0.195769 0.330334 0.379407
v -0.207149 0.309220 0.383310
v 0.121633 -0.292435 -0.041167
v 0.166170 -0.079368 0.485404
v -0.262188 0.406360 0.322055
v 0.172797 -0.132715 -0.634134
v 0.446055 0.077148 0.286192
v 0.296175 -0.182989 -0.097270
v -0.024583 -0.294745 -0.153008
v 0.036756 -0.321512 0.376096
v -0.150899 -0.407308 0.078829
v 0.327076 -0.037287 -0.394501
v 0.350465 -0.085306 0.040738
v 0.337938 -0.300163 0.057682
v 0.293046 -0.164609 -0.335668
v 0.188762 -0.282091 -0.355973
v -0.227907 -0.115838 0.519865
v -0.235093 -0.459609 0.088116
v -0.039327 -0.319652 -0.310384
v 0.140546 0.314678 0.344309
v -0.219236 -0.258324 -0.391878
v 0.076402 0.476814 -0.365802
v -0.398641 -0.331818 0.304316
v 0.321950 -0.313598 0.066133
v 0.306604 -0.317412 0.057679
v -0.299266 -0.164537 -0.391731
v 0.226960 0.166248 -0.545451
v 0.234865 -0.306232 0.049230
v 0.229774 -0.305485 0.070582
v 0.244234 -0.313396 0.055672
v 0.113459 -0.358868 0.036807
v -0.087496 0.467941 -0.063450
v 0.322244 -0.111962 -0.370745
v -0.451528 -0.137047 0.478145
v 0.331656 -0.087216 -0.358349
v -0.275367 -0.193962 -0.396833
v -0.288850 -0.193381 -0.380787
v -0.433322 -0.077233 -0.376034
v -0.418967 0.298199 0.348105
v -0.412533 -0.169076 0.241183
v -0.034722 -0.310919 0.095602
v -0.271017 0.221798 -0.376744
v 0.322252 0.368504 0.202837
v 0.334896 -0.255340 0.372417
v 0.079609 -0.185522 -0.650810
v 0.205050 -0.250596 0.190506
v 0.000299 -0.328820 0.187220
v 0.193963 0.251691 0.395767
v 0.439414 -0.025771 0.180849
v 0.446863 -0.023683 0.215203
v -0.094389 -0.323272 -0.389423
v 0.119085 -0.318051 -0.355858
v 0.048027 -0.337257 -0.348654
v -0.299068 -0.120553 -0.412141
v 0.348569 -0.052607 -0.115303
v 0.136532 -0.305078 -0.090529
v 0.134192 -0.301876 -0.106079
v 0.350042 -0.182598 0.127944
v 0.134399 -0.281752 -0.275475
v -0.388468 0.326422 0.320488
v 0.002961 -0.337954 -0.380207
v 0.052476 -0.323336 -0.396110
v 0.380177 0.270861 0.307872
v 0.111205 -0.312415 -0.070374
v 0.087627 0.215399 -0.622929
v -0.151178 -0.312822 -0.365107
v 0.285920 -0.195618 -0.076436
v 0.133009 -0.280136 0.009893
v -0.311547 0.139449 -0.394331
v 0.251032 0.229055 -0.375590
v 0.228806 0.238021 -0.393095
v -0.421107 -0.119388 0.170149
v -0.143865 -0.360073 -0.061187
v -0.091367 -0.344070 -0.321688
v -0.440380 0.313883 0.303768
v -0.434100 0.323343 0.287825
v 0.009318 -0.306043 0.010107
v -0.093758 -0.331675 -0.347437
v -0.289116 0.398409 0.330712
v -0.209625 0.331832 0.360441
v -0.356716 0.285206 0.391514
v -0.404677 -0.439397 -0.176605
v -0.254642 -0.144535 -0.542996
v -0.054607 0.462351 0.020310
v 0.094514 -0.356611 0.301558
v -0.294602 -0.320405 0.335672
v -0.373913 0.355620 -0.361741
v 0.341172 -0.072133 0.007977
v 0.348508 -0.076992 0.022965
v -0.421946 0.310415 -0.094098
v -0.427627 0.288664 -0.150707
v -0.184830 -0.401879 0.063396
v 0.422128 0.235169 0.202599
v -0.142848 -0.429665 -0.134766
v 0.277469 -0.191341 -0.251024
v -0.094234 0.352643 0.337422
v 0.077211 0.346389 0.348928
v 0.396961 -0.046457 0.276865
v 0.284325 -0.157156 -0.038622
v 0.261024 -0.154988 -0.020412
v 0.274616 -0.134991 -0.021874
v 0.181154 0.278132 -0.391263
v -0.459305 -0.404047 -0.151557
v -0.222121 -0.458697 -0.049718
v -0.237366 -0.471537 -0.013025
v -0.337603 0.064047 -0.391435
v 0.260893 -0.165753 -0.439198
v -0.134732 -0.397514 0.205409
v -0.433167 0.188292 -0.363887
v 0.322553 -0.207052 0.061607
v -0.052967 0.313008 -0.433462
v 0.128897 -0.350207 0.056317
v -0.078690 -0.378350 0.057764
v 0.348815 -0.266827 0.050680
v 0.226996 -0.189866 -0.292449
v -0.394064 -0.422994 -0.129687
v 0.220652 -0.242979 -0.259660
v -0.436703 -0.427593 0.004207
v -0.256004 0.025850 -0.603847
v 0.255001 -0.157332 0.120701
v 0.266216 -0.142982 0.119733
v -0.150296 0.462241 -0.071024
v 0.343257 -0.087230 0.206407
v 0.333175 -0.115445 0.176551
v -0.057486 0.330106 -0.394129
v -0.093093 0.321969 -0.395271
v -0.233229 -0.483484 0.038895
v -0.114824 0.323781 0.397186
v -0.134081 0.324255 0.402516
v 0.342603 -0.055589 0.500457
v 0.230816 0.288369 0.352995
v 0.012457 0.318513 0.353508
v -0.350218 -0.330284 0.384041
v -0.462037 -0.122327 0.394893
v -0.448405 -0.077859 -0.274852
v 0.005397 0.170123 -0.677454
v -0.128365 0.299949 0.411028
v -0.430321 -0.206199 0.033593
v -0.186817 -0.430693 -0.110233
v -0.220347 -0.364440 0.236485
v -0.411463 -0.107102 -0.241679
v -0.323270 -0.335030 0.308395
v 0.229168 -0.192113 -0.156905
v -0.146827 -0.427099 0.178474
v -0.353724 0.385070 0.310236
v -0.169565 0.362465 0.349725
v -0.146684 0.364833 0.353155
v 0.085271 -0.329034 -0.351337
v 0.102702 -0.319182 -0.335618
v -0.411191 0.279803 0.374656
v 0.021389 -0.318235 -0.308893
v -0.402704 -0.476231 0.058974
v -0.339126 -0.335088 -0.348242
v -0.318483 -0.314605 -0.379095
v -0.101710 -0.007759 -0.711931
v 0.089734 -0.278469 -0.153425
v -0.003016 -0.326055 -0.055475
v -0.450905 -0.401158 0.092578
v 0.145605 0.292317 -0.398429
v 0.096709 0.315628 -0.395429
v 0.304379 -0.197483 0.064362
v 0.111073 0.319357 -0.381623
v 0.176019 -0.236877 -0.155107
v 0.348081 -0.078050 -0.086867
v 0.344217 -0.075948 -0.070738
v -0.207452 0.410427 0.333861
v 0.333586 -0.179951 0.096179
v -0.371112 -0.091829 0.202643
v 0.016140 0.062026 -0.719890
v 0.062388 -0.365125 0.032415
v -0.451077 -0.411208 0.075503
v 0.358803 -0.057466 0.047778
v -0.119955 -0.340273 -0.344313
v -0.312529 -0.166656 -0.357359
v 0.032458 -0.000148 -0.724158
v 0.314823 0.258231 0.381691
v 0.311624 -0.144478 0.166204
v 0.329665 -0.114150 0.163694
v -0.339269 -0.163638 0.220266
v -0.148546 -0.300025 -0.394885
v 0.124593 -0.367909 0.331635
v -0.104097 0.188742 -0.645416
v 0.207472 -0.225678 0.146367
v 0.176300 -0.253193 0.158026
v 0.308655 -0.287380 0.357968
v -0.139112 -0.107984 -0.675949
v 0.347105 -0.025055 -0.241682
v 0.177271 -0.277529 0.067235
v -0.448006 -0.403393 -0.124502
v -0.261514 -0.216977 0.310565
v 0.209242 -0.209753 -0.016858
v -0.116473 -0.309974 -0.398390
v -0.479456 0.203850 0.171883
v -0.147356 -0.387575 0.378115
v 0.312422 -0.114198 -0.002082
v -0.258083 0.441451 -0.137364
v -0.270851 -0.443655 0.169881
v -0.246790 -0.356057 0.308633
v -0.377388 -0.344231 0.208272
v -0.015862 -0.062330 -0.720064
v -0.329363 0.297604 0.377172
v 0.226480 -0.253091 -0.236362
v 0.211023 -0.260892 -0.245768
v -0.082855 -0.294074 0.001684
v -0.079361 -0.307148 0.017795
v 0.157433 -0.312872 0.335840
v -0.451594 -0.133589 -0.107801
v -0.490543 -0.166522 0.002038
v -0.084803 -0.388269 0.077740
v 0.436879 0.191959 0.283787
v 0.304925 -0.094275 -0.312891
v 0.221333 -0.297284 0.199924
v 0.217020 0.271567 0.362252
v -0.193123 0.414482 0.323752
v -0.163460 -0.445125 -0.122558
v 0.120400 -0.086536 0.518043
v -0.061494 -0.304899 -0.031174
v -0.394435 0.356870 0.190191
v 0.215394 0.121819 -0.600252
v 0.157856 0.115948 -0.655100
v -0.163484 -0.448382 -0.137972
v -0.419737 -0.468922 0.062736
v 0.342076 0.385932 -0.364967
v 0.376598 0.313019 -0.369847
v -0.362215 -0.325010 -0.349524
v 0.282702 -0.160090 -0.179575
v 0.281332 -0.172160 -0.391243
v -0.490447 -0.220856 -0.029591
v -0.494470 0.023588 0.262445
v -0.485262 -0.088642 0.255484
v 0.195430 0.009592 -0.653655
v 0.034015 0.334318 0.355525
v -0.353364 -0.275727 -0.391891
v 0.171029 -0.289267 -0.205080
v 0.175620 -0.265363 -0.312144
v 0.087107 -0.325281 -0.211549
v 0.052640 -0.332783 -0.234567
v -0.287082 0.279952 0.351369
v 0.203606 -0.249174 0.214061
v 0.450825 0.088843 0.283398
v 0.357107 0.236548 0.332217
v -0.062072 -0.335372 -0.210893
v -0.045299 -0.321599 0.344630
v -0.051062 -0.331309 -0.196050
v -0.088160 -0.324269 -0.066900
v -0.054316 -0.331722 -0.082379
v 0.213886 -0.323914 0.306623
v -0.051962 -0.340374 -0.363136
v 0.061247 0.327866 -0.392004
v 0.159375 -0.299001 -0.219898
v -0.378788 -0.452644 -0.155348
v 0.448296 0.006088 0.269142
v 0.351275 -0.066266 0.066924
v -0.494635 0.128016 0.235075
v -0.493487 0.166844 0.279572
v 0.137320 -0.336407 0.045018
v -0.134480 -0.336146 -0.053292
v -0.168028 -0.417776 0.233038
v -0.413123 0.313235 0.316282
v 0.339707 -0.108558 0.033672
v -0.489407 0.190783 0.284874
v -0.275582 0.068282 -0.562630
v -0.088998 0.304608 0.390304
v -0.485084 0.210044 0.272319
v 0.093557 0.300047 0.419692
v -0.198081 -0.455256 0.034778
v 0.333150 -0.092345 -0.208209
v 0.347087 -0.154886 0.202253
v 0.081873 -0.315977 -0.320112
v -0.193396 0.463260 -0.357262
v 0.070914 -0.325117 -0.083708
v -0.065103 -0.100333 0.518571
v 0.255683 -0.015849 0.499032
v 0.239746 0.258774 0.420924
v -0.332985 0.397601 -0.369833
v 0.218869 -0.272402 0.043741
v -0.420865 -0.437858 -0.170222
v -0.091075 0.033294 -0.713572
v 0.137278 0.309063 0.359733
v -0.058134 0.298223 0.335285
v -0.383587 -0.101580 0.275708
v 0.302840 -0.304962 0.032958
v 0.263099 -0.219836 -0.072108
v -0.315165 -0.339908 0.212247
v -0.298429 -0.346312 0.357560
v -0.239819 -0.255800 -0.366036
v -0.462993 0.000445 -0.196298
v 0.035541 -0.354884 0.026043
v -0.293785 -0.458934 -0.150657
v -0.215558 -0.454478 -0.158596
v 0.342294 -0.000665 -0.200307
v -0.440045 -0.219979 0.251382
v -0.109033 -0.313814 -0.115167
v -0.230838 0.438296 0.061661
v 0.320049 -0.058720 -0.179673
v -0.453461 -0.419633 -0.150324
v -0.449641 -0.417933 -0.159299
v 0.372895 -0.261617 0.307149
v -0.417485 0.326730 -0.011818
v -0.026484 -0.332037 -0.391475
v -0.201123 0.403896 0.339383
v -0.136350 0.407808 0.339515
v -0.080768 -0.358746 0.036776
v 0.120630 0.437659 0.134830
v 0.154474 -0.308984 0.279488
v 0.325760 -0.123575 0.075898
v -0.222685 -0.157617 0.530264
v 0.329149 -0.088232 0.089539
v 0.352373 -0.008443 -0.120248
v -0.405984 0.290776 -0.359438
v -0.346667 -0.145379 0.526163
v 0.007047 0.440183 0.184426
v 0.318046 -0.071753 -0.320281
v -0.024179 -0.307581 0.011220
v -0.053275 0.453462 0.099211
v -0.182232 -0.449196 -0.162717
v -0.375967 0.373357 -0.100455
v -0.047930 0.416870 0.330935
v -0.336337 -0.154108 0.174715
v -0.102784 -0.307685 -0.042552
v 0.316998 -0.075127 -0.397986
v 0.282510 -0.176500 -0.127286
v -0.284670 -0.205224 -0.372421
v 0.205887 -0.240501 -0.310801
v 0.268751 -0.318687 0.053891
v 0.312934 -0.125795 -0.336415
v -0.059521 -0.336455 -0.340433
v 0.414802 0.063649 -0.373744
v -0.276180 0.274196 0.328857
v 0.322197 0.408210 -0.360397
v -0.337882 -0.106120 -0.366805
v -0.457102 0.267068 0.170148
v -0.374295 0.367624 0.322966
v -0.342948 -0.334511 0.347548
v 0.092714 0.174336 -0.655555
v 0.294419 -0.163835 -0.379401
v -0.089004 -0.327032 -0.199542
v 0.168926 -0.161705 0.387532
v 0.326914 -0.061374 -0.265164
v -0.117101 -0.162483 0.543871
v 0.347795 -0.075278 -0.101878
v -0.416231 -0.143483 0.516764
v 0.338405 -0.080734 0.149753
v 0.306232 -0.098410 -0.274592
v -0.012213 -0.172689 -0.674698
v 0.347309 -0.089601 0.059465
v -0.158187 -0.298148 0.043748
v -0.285893 -0.485408 0.028659
v -0.074495 -0.313774 0.028316
v 0.014459 -0.330077 -0.253814
v 0.084536 0.318902 0.387248
v 0.092027 -0.333893 0.369408
v 0.271528 -0.192557 -0.189935
v 0.025689 -0.342664 0.021972
v 0.080316 -0.367839 0.046831
v -0.083235 -0.317407 -0.050473
v 0.089021 0.339192 0.361816
v -0.294301 -0.004618 0.486499
v 0.125195 0.327423 0.350814
v 0.380780 -0.063157 0.460757
v 0.019730 0.478869 -0.193026
v 0.220000 -0.200969 -0.156495
v -0.381059 -0.242138 -0.374295
v 0.379469 -0.056754 0.265841
v 0.221295 -0.021433 -0.628234
v 0.339418 -0.112493 0.051371
v -0.005223 -0.276060 0.130123
v -0.295485 0.429295 -0.358600
v -0.232963 -0.475723 0.054009
v -0.304166 -0.099145 0.513425
v 0.163514 0.474570 -0.354148
v 0.284923 0.252827 0.396128
v 0.302046 0.299771 0.333960
v -0.126734 0.361734 0.356128
v 0.073194 -0.329895 -0.223526
v 0.090166 -0.042203 -0.708456
v 0.221396 -0.240947 -0.322775
v 0.201003 -0.237346 0.001383
v 0.072822 -0.358176 0.301022
v -0.433201 0.095034 -0.377355
v -0.200799 0.295175 0.393765
v 0.161205 -0.278405 -0.045408
v -0.315581 -0.125625 -0.395159
v 0.154161 -0.276744 0.209973
v -0.117024 -0.388467 0.334212
v -0.247651 -0.191181 0.345492
v 0.300350 0.424788 -0.353212
v 0.359248 -0.052887 0.034309
v -0.093076 -0.331230 -0.371616
v -0.336034 -0.043060 -0.397093
v 0.408960 0.055367 -0.374663
v -0.033089 -0.331171 -0.069457
v -0.040563 -0.153351 0.497425
v -0.034365 -0.150753 0.480205
v 0.201652 -0.242868 0.228591
v 0.174738 -0.289647 -0.369006
v 0.312349 -0.148089 -0.213044
v 0.233713 -0.268363 0.034976
v 0.285028 -0.105499 -0.160529
v -0.376037 0.290693 0.386284
v -0.112915 -0.333129 -0.351972
v 0.264314 -0.135547 -0.293732
v 0.087000 0.144444 -0.676259
v 0.412415 0.256680 0.047395
v 0.175259 -0.282210 -0.062599
v 0.329490 -0.078618 -0.338594
v 0.334113 0.369612 0.116106
v 0.092606 -0.375513 0.332864
v -0.487507 -0.118825 0.031204
v -0.155037 -0.292633 0.025573
v 0.203934 -0.066886 0.492746
v -0.144929 -0.163277 0.545281
v 0.134003 -0.341974 0.305305
v -0.382106 -0.475000 0.074054
v 0.313505 0.102542 -0.394381
v -0.305601 -0.483835 0.059809
v -0.414845 -0.445264 -0.014746
v -0.066757 -0.319552 -0.119652
v 0.272539 0.291875 0.365837
v 0.020839 -0.331334 -0.073633
v -0.481635 -0.092454 0.257835
v 0.160501 -0.295180 -0.240430
v -0.013352 -0.340002 -0.220413
v 0.163529 -0.241216 -0.015184
v -0.316947 0.414452 0.006943
v 0.389145 -0.098519 0.367719
v 0.447114 -0.012703 0.137932
v 0.119964 -0.301121 -0.117721
v -0.397543 -0.446579 -0.166781
v -0.278830 -0.223823 0.220758
v 0.191170 -0.214300 0.125301
v 0.148644 -0.255572 -0.291131
v -0.250025 -0.154689 0.496903
v -0.283962 -0.457107 -0.142046
v 0.303279 -0.165870 0.071655
v 0.219133 -0.227008 -0.274051
v 0.266007 -0.143942 -0.157857
v 0.332428 0.391101 -0.240017
v 0.240411 -0.179889 -0.019012
v -0.029248 -0.146522 0.458588
v 0.273985 -0.132823 0.118876
v 0.178957 -0.231973 -0.016164
v 0.104274 -0.273528 -0.153653
vn -0.8663 -0.4994 0.0091
vn 0.9944 0.0897 -0.0559
vn 0.2982 0.3809 -0.8752
vn -0.0026 -0.8611 -0.5085
vn 0.9544 0.2982 -0.0147
vn 0.1784 -0.1180 0.9769
vn -0.1014 0.3919 -0.9144
vn -0.9543 -0.1742 0.2430
vn 0.4853 0.0775 -0.8709
vn 0.2586 -0.9485 -0.1828
vn -0.0146 0.0368 -0.9992
vn -0.6794 0.3984 -0.6161
vn -0.0065 -0.9985 0.0541
vn -0.0130 0.0410 -0.9991
vn 0.9918 -0.0747 0.1038
vn 0.0056 0.0413 -0.9991
vn 0.0862 0.0797 -0.9931
vn 0.0140 -0.9828 -0.1843
vn 0.0044 0.0422 -0.9991
vn -0.9482 0.0470 -0.3143
vn -0.3721 -0.7258 -0.5785
vn -0.1166 -0.9930 0.0197
vn 0.1333 -0.7193 0.6818
vn 0.1919 -0.7054 0.6824
vn 0.0711 -0.9968 0.0355
vn 0.9657 0.0681 0.2508
vn 0.2762 -0.9379 -0.2101
vn 0.5920 -0.3728 -0.7146
vn -0.9967 -0.0196 -0.0786
vn -0.9167 0.3968 -0.0472
vn 0.4245 -0.5353 -0.7302
vn -0.1323 -0.0909 0.9870
vn -0.9967 -0.0816 -0.0036
vn -0.8589 -0.3459 -0.3778
vn 0.1297 0.2591 0.9571
vn 0.9764 -0.0543 -0.2089
vn 0.0152 -0.8513 -0.5245
vn 0.6060 -0.2695 -0.7484
vn 0.3043 -0.5980 0.7415
vn 0.5614 -0.4640 0.6852
vn -0.9974 0.0005 -0.0718
vn -0.1707 0.8745 -0.4541
vn 0.3363 -0.8194 -0.4641
vn -0.9904 0.1247 -0.0588
vn -0.7668 0.1710 0.6187
vn 0.5292 -0.8312 -0.1704
vn -0.7901 0.1610 0.5915
vn 0.7615 0.6478 0.0244
vn 0.0293 0.0203 0.9994
vn 0.9371 0.1617 -0.3094
vn 0.6979 -0.7155 0.0327
vn 0.9138 0.0811 0.3979
vn 0.0095 -0.9999 -0.0141
vn -0.1363 -0.5180 0.8445
vn -0.9947 -0.0975 -0.0323
vn 0.9891 -0.1420 -0.0393
vn -0.7831 0.6195 -0.0544
vn 0.9969 0.0366 -0.0701
vn -0.0036 0.9698 -0.2440
vn 0.0087 0.0430 -0.9990
vn -0.1393 -0.9861 0.0902
vn -0.1079 -0.9669 -0.2314
vn -0.0980 0.1942 -0.9761
vn -0.0197 -0.6935 0.7202
vn 0.4419 -0.4929 0.7495
vn 0.0955 0.1262 -0.9874
vn 0.6363 -0.0869 -0.7665
vn 0.4375 -0.8814 -0.1780
vn -0.0145 -0.9997 -0.0212
vn 0.6680 -0.4249 0.6110
vn 0.0063 -0.6381 -0.7699
vn 0.0162 -0.6382 -0.7697
vn 0.9980 0.0143 -0.0609
vn 0.2322 -0.6359 0.7360
vn 0.3049 -0.8144 -0.4937
vn 0.1275 -0.9888 0.0772
vn 0.0026 -0.9881 -0.1539
vn -0.0015 -0.9863 -0.1648
vn 0.5928 -0.3109 -0.7429
vn -0.1355 -0.7160 -0.6848
vn 0.6422 -0.0431 0.7654
vn 0.0681 -0.2644 0.9620
vn 0.7148 0.4206 0.5587
vn -0.0798 -0.6354 0.7680
vn -0.5463 -0.0182 0.8374
vn -0.0010 0.9712 -0.2383
vn -0.1490 0.2625 0.9534
vn -0.0057 -0.9995 -0.0304
vn 0.0103 0.9662 -0.2578
vn -0.0265 0.9650 -0.2607
vn 0.0050 -0.9863 -0.1647
vn -0.2158 -0.1289 0.9679
vn 0.0056 0.0033 -1.0000
vn 0.8847 0.4660 -0.0098
vn 0.0261 -0.9986 -0.0455
vn -0.0159 -0.6297 -0.7766
vn -0.0332 -0.6225 -0.7819
vn 0.3235 -0.9404 -0.1046
vn -0.1638 0.2624 0.9510
vn 0.8831 0.1216 0.4531
vn -0.9436 -0.2588 -0.2065
vn -0.6309 -0.3265 -0.7038
vn -0.2626 0.9648 0.0165
vn -0.1322 0.9911 -0.0130
vn -0.0040 -0.9871 -0.1599
vn 0.0105 -0.9850 -0.1721
vn 0.7942 -0.3268 0.5123
vn -0.8081 -0.0362 -0.5880
vn -0.4790 -0.1650 -0.8621
vn -0.4501 0.4841 -0.7504
vn -0.0810 -0.6761 0.7324
vn -0.0773 -0.7125 -0.6974
vn 0.1101 0.0705 -0.9914
vn 0.8270 -0.5622 -0.0093
vn 0.5684 0.4053 -0.7160
vn -0.7343 -0.3598 0.5756
vn 0.2461 -0.9667 -0.0708
vn 0.0125 -0.9998 -0.0124
vn 0.0101 0.9660 -0.2583
vn 0.9939 0.0940 -0.0585
vn 0.1497 -0.5160 0.8434
vn -0.0079 -0.9883 -0.1524
vn 0.7070 -0.3750 0.5996
vn -0.0028 -0.9865 -0.1635
vn -0.0236 0.5183 -0.8549
vn 0.8116 0.5839 0.0181
vn 0.9997 0.0053 0.0220
vn -0.0676 -0.0634 0.9957
vn 0.5977 -0.4105 -0.6887
vn 0.6014 -0.2640 0.7541
vn -0.0013 -0.9878 -0.1558
vn -0.6602 -0.2371 -0.7127
vn -0.0208 0.9755 -0.2189
vn 0.6577 -0.4024 0.6368
vn 0.2842 -0.9492 -0.1353
vn -0.0016 -0.6038 -0.7971
vn -0.6992 0.5514 -0.4551
vn 0.0260 -0.2346 0.9717
vn -0.1007 0.1386 0.9852
vn 0.6771 -0.1771 0.7142
vn -0.1349 -0.0361 0.9902
vn 0.9997 0.0053 0.0219
vn 0.0453 -0.6957 -0.7169
vn 0.0188 0.9659 -0.2581
vn -0.9880 0.1525 -0.0228
vn -0.1134 -0.5101 0.8526
vn 0.0037 -0.9853 -0.1708
vn 0.0057 -0.9857 -0.1682
vn 0.0024 -0.9873 -0.1590
vn -0.0057 0.9664 -0.2568
vn 0.0394 -0.9861 -0.1615
vn 0.0060 -0.9897 -0.1432
vn 0.1585 -0.4663 0.8703
vn 0.2031 -0.2974 0.9329
vn -0.9470 -0.3192 -0.0364
vn 0.0014 -0.6086 -0.7935
vn 0.0125 -0.6061 -0.7953
vn 0.3223 -0.8646 -0.3855
vn -0.9617 0.2493 -0.1135
vn -0.9710 0.2262 -0.0778
vn -0.0164 0.0351 -0.9993
vn -0.0079 -0.6206 -0.7841
vn 0.0233 -0.6123 -0.7903
vn 0.8880 -0.4535 -0.0762
vn -0.0213 -0.6442 -0.7646
vn 0.8781 -0.4150 0.2381
vn 0.7854 -0.3990 -0.4732
vn 0.5085 -0.4284 0.7470
vn 0.0246 -0.9848 -0.1722
vn -0.2274 0.0200 -0.9736
vn 0.6328 -0.5185 -0.5751
vn -0.2488 -0.9685 0.0020
vn -0.0093 -0.9859 -0.1673
vn 0.3290 0.7328 0.5956
vn 0.0963 0.0391 0.9946
vn 0.0547 0.9955 0.0772
vn -0.0015 -0.9857 -0.1687
vn -0.4157 0.3618 0.8345
vn 0.0173 -0.6402 -0.7680
vn -0.0279 0.5144 -0.8571
vn 0.2174 -0.7494 -0.6254
vn -0.0060 -0.9858 -0.1681
vn -0.0167 -0.9862 -0.1646
vn -0.1497 0.2606 0.9538
vn 0.8175 0.0771 -0.5707
vn -0.0009 -0.9872 -0.1595
vn -0.3795 0.2231 0.8979
vn 0.0047 0.9708 -0.2400
vn 0.3572 0.2460 0.9011
vn 0.0011 -0.6543 -0.7562
vn -0.1939 -0.1583 0.9682
vn -0.9989 0.0264 -0.0391
vn 0.9993 0.0169 -0.0325
vn -0.0012 -0.9997 -0.0245
vn 0.1788 0.2460 -0.9526
vn -0.2470 0.9655 0.0821
vn 0.4536 0.1914 -0.8704
vn 0.0852 -0.5230 0.8481
vn 0.0634 -0.4457 0.8929
vn 0.3082 0.9513 0.0074
vn -0.0040 -0.6599 -0.7513
vn -0.0114 -0.6513 -0.7587
vn 0.0150 -0.5955 -0.8032
vn 0.0092 -0.5992 -0.8005
vn 0.9970 0.0575 -0.0513
vn -0.0583 -0.6561 0.7524
vn -0.0233 -0.9861 -0.1644
vn -0.0165 -0.9843 -0.1755
vn 0.2219 -0.9546 -0.1989
vn -0.0085 0.9690 -0.2470
vn 0.0127 0.9680 -0.2507
vn 0.0050 -0.9859 -0.1671
vn 0.0189 -0.9848 -0.1725
vn 0.4446 0.5512 -0.7060
vn 0.2447 0.7322 -0.6356
vn 0.1107 -0.9681 0.2246
vn 0.1211 0.0474 0.9915
vn -0.0048 -0.9888 -0.1490
vn -0.0106 -0.6283 -0.7779
vn -0.0256 -0.6150 -0.7881
vn 0.0178 -0.9997 -0.0140
vn 0.0565 -0.2292 0.9717
vn -0.8895 0.4494 -0.0834
vn -0.7920 0.6089 -0.0447
vn 0.1692 -0.6463 0.7441
vn 0.9405 -0.2500 0.2300
vn 0.7421 0.3094 0.5947
vn 0.9205 0.3907 -0.0035
vn -0.3277 -0.5180 0.7901
vn -0.0059 0.9689 -0.2473
vn -0.0028 0.9720 -0.2348
vn -0.0024 0.9721 -0.2346
vn -0.0062 0.9675 -0.2526
vn 0.0038 -0.9853 -0.1709
vn -0.2411 -0.9678 0.0717
vn 0.0081 0.9711 -0.2385
vn 0.0069 0.9697 -0.2442
vn 0.0137 0.9658 -0.2591
vn 0.1585 -0.7208 -0.6748
vn 0.2467 -0.6210 0.7439
vn 0.0090 0.9668 -0.2554
vn 0.0007 0.9770 -0.2134
vn -0.4906 0.2919 0.8211
vn -0.0013 -0.6968 0.7173
vn 0.0423 0.3260 -0.9444
vn -0.6387 -0.7675 -0.0550
vn 0.0180 -0.6294 -0.7769
vn 0.0788 -0.6395 -0.7648
vn 0.5778 -0.2071 -0.7895
vn 0.0046 -0.6356 -0.7720
vn 0.6740 -0.7235 -0.1489
vn 0.9983 0.0016 -0.0580
vn 0.8442 -0.4472 0.2957
vn -0.4763 0.8783 0.0414
vn 0.0091 -0.6174 -0.7866
vn -0.0004 0.9678 -0.2518
vn -0.1311 -0.5416 0.8303
vn 0.9415 -0.2890 0.1735
vn -0.9735 -0.0768 -0.2154
vn -0.6870 0.0238 -0.7263
vn -0.1406 0.8217 -0.5524
vn 0.3185 -0.7000 -0.6392
vn 0.3153 -0.5940 0.7401
vn 0.9815 0.1182 -0.1508
vn 0.0043 -0.9889 -0.1486
vn 0.3274 -0.5667 0.7561
vn 0.9190 -0.3283 0.2181
vn -0.0157 0.9657 -0.2592
vn 0.0041 -0.6191 -0.7853
vn -0.2925 -0.9545 0.0586
vn 0.1350 -0.2392 -0.9616
vn -0.5549 -0.4121 -0.7227
vn 0.9146 -0.4041 -0.0134
vn 0.2537 -0.6627 -0.7046
vn 0.4867 -0.4901 -0.7232
vn 0.5071 -0.4204 0.7524
vn -0.0000 0.9665 -0.2566
vn -0.0309 -0.0334 0.9990
vn -0.0354 -0.9854 -0.1666
vn -0.1568 -0.7063 -0.6903
vn 0.6880 -0.7220 0.0733
vn 0.0255 0.9721 -0.2334
vn -0.0001 0.9678 -0.2517
vn 0.9995 0.0141 -0.0295
vn -0.2268 -0.4529 0.8622
vn 0.0368 -0.9847 -0.1702
vn 0.9995 -0.0167 0.0257
vn -0.2754 -0.4999 0.8212
vn 0.0042 0.0423 -0.9991
vn -0.5577 -0.0640 0.8275
vn 0.7296 -0.6832 0.0299
vn -0.0518 0.6151 0.7868
vn -0.1108 0.9863 0.1218
vn -0.9180 0.3801 -0.1135
vn 0.9239 -0.2024 0.3247
vn -0.2449 -0.9228 0.2973
vn 0.0349 -0.4624 0.8860
vn 0.1022 -0.3583 -0.9280
vn 0.1159 -0.5471 -0.8290
vn 0.9992 0.0071 0.0399
vn 0.0316 -0.9978 -0.0589
vn 0.6305 -0.5555 -0.5421
vn 0.2883 0.8456 -0.4493
vn -0.6378 0.7698 -0.0260
vn -0.1177 -0.6875 -0.7166
vn -0.0330 0.2942 -0.9552
vn 0.0043 -0.9876 -0.1568
vn -0.0190 -0.6484 -0.7611
vn 0.1786 -0.7116 -0.6796
vn 0.0226 -0.0254 0.9994
vn 0.0222 0.9746 -0.2227
vn -0.0189 0.9621 -0.2719
vn 0.0249 0.9633 -0.2673
vn 0.6288 -0.2571 0.7338
vn -0.0146 -0.6312 -0.7755
vn -0.9259 -0.3776 0.0084
vn 0.8091 0.5818 -0.0829
vn 0.7981 0.5424 -0.2622
vn -0.0275 -0.6286 -0.7772
vn 0.0095 -0.2905 0.9568
vn 0.0672 -0.9811 -0.1817
vn -0.5383 -0.4018 0.7408
vn -0.0352 0.5703 -0.8207
vn -0.4983 -0.2525 -0.8294
vn 0.2779 0.1218 0.9529
vn 0.0833 0.1383 0.9869
vn -0.7025 0.7097 -0.0538
vn -0.8069 0.1547 0.5701
vn 0.9069 -0.4201 0.0326
vn -0.8359 0.5443 -0.0706
vn 0.2514 -0.5614 0.7884
vn 0.4604 -0.6790 0.5719
vn 0.0440 -0.9897 0.1361
vn -0.9918 -0.1147 -0.0567
vn 0.5992 -0.2656 0.7552
vn 0.5792 -0.2771 -0.7667
vn -0.9544 0.0923 -0.2838
vn -0.7483 0.1242 -0.6516
vn -0.6232 0.7223 0.2999
vn -0.8158 0.2859 0.5027
vn 0.2546 -0.8403 0.4786
vn -0.5531 -0.1072 0.8262
vn -0.9401 -0.3401 -0.0223
vn -0.0022 0.9690 -0.2472
vn 0.0960 -0.8922 -0.4414
vn 0.2604 -0.8840 0.3882
vn -0.0182 -0.5955 -0.8032
vn -0.1641 0.9728 -0.1635
vn -0.7154 0.5586 -0.4197
vn -0.0208 -0.9844 -0.1749
vn -0.9507 0.3001 -0.0782
vn 0.9982 -0.0001 0.0598
vn 0.6872 -0.4110 0.5990
vn 0.8195 -0.5435 -0.1818
vn -0.3400 -0.9043 -0.2580
vn 0.9258 -0.2234 -0.3049
vn -0.7205 -0.5700 -0.3949
vn -0.4411 -0.6359 0.6333
vn -0.0056 0.9868 -0.1616
vn 0.7677 -0.6406 -0.0134
vn 0.1048 0.2297 -0.9676
vn 0.0301 -0.9372 -0.3474
vn 0.9734 -0.0072 0.2290
vn 0.4596 0.2669 -0.8471
vn -0.9924 -0.0219 -0.1208
vn 0.0252 -0.9840 -0.1765
vn 0.1306 0.9896 0.0607
vn -0.1669 0.9809 0.1002
vn 0.0057 0.0408 -0.9992
vn 0.4824 0.8319 -0.2744
vn 0.6982 -0.5437 -0.4657
vn -0.0912 -0.0539 0.9944
vn 0.4660 0.8683 0.1703
vn 0.3718 -0.9250 -0.0780
vn 0.1846 -0.9828 -0.0015
vn 0.1336 0.9892 0.0605
vn 0.0083 0.0524 -0.9986
vn -0.0541 -0.6682 -0.7420
vn -0.6080 -0.7938 0.0173
vn -0.9772 0.0616 0.2033
vn 0.9922 -0.0776 0.0972
vn -0.5598 0.8282 0.0252
vn 0.0217 -0.9872 -0.1579
vn 0.2332 -0.8416 0.4872
vn 0.2177 0.7020 0.6781
vn 0.2132 0.6644 -0.7163
vn -0.0863 0.7225 -0.6860
vn 0.5416 -0.4912 0.6822
vn 0.0111 -0.6069 -0.7947
vn 0.9751 -0.0946 -0.2006
vn 0.3604 -0.9130 -0.1910
vn -0.0245 0.9707 -0.2392
vn -0.7294 0.1645 0.6640
vn -0.0099 -0.6034 -0.7974
vn 0.9358 -0.3264 -0.1330
vn 0.7702 -0.6252 -0.1263
vn 0.9014 -0.4255 -0.0799
vn 0.4457 -0.4705 0.7615
vn 0.0072 -0.9870 -0.1604
vn -0.9910 -0.0555 0.1220
vn -0.9772 0.0647 0.2022
vn -0.9246 0.0997 0.3677
vn 0.0834 -0.5589 0.8251
vn 0.0626 -0.6693 0.7404
vn 0.0602 -0.7288 -0.6820
vn -0.0005 0.9687 -0.2484
vn 0.5942 -0.2640 -0.7597
vn -0.1834 -0.7464 -0.6398
vn 0.2687 0.6591 0.7024
vn 0.3596 0.8157 0.4531
vn -0.4646 0.8855 0.0032
vn -0.0142 0.0449 -0.9989
vn 0.0374 0.9739 -0.2239
vn -0.9902 0.0360 -0.1351
vn 0.5644 0.8198 -0.0971
vn 0.9348 0.0929 0.3427
vn -0.7024 0.7115 -0.0189
vn -0.7826 0.6213 -0.0385
vn -0.4459 0.2334 0.8641
vn -0.9996 0.0221 -0.0196
vn 0.0131 -0.9988 0.0467
vn -0.0042 -0.9860 -0.1667
vn 0.0050 0.9673 -0.2538
vn -0.0135 -0.7033 0.7107
vn -0.0318 -0.6138 -0.7888
vn 0.1835 0.9716 0.1494
vn 0.1912 0.3495 0.9172
vn -0.7712 0.4146 -0.4830
vn -0.4598 0.8776 -0.1355
vn -0.9501 0.0906 -0.2985
vn -0.7373 -0.3177 0.5962
vn -0.9583 -0.2856 0.0118
vn 0.0207 -0.0245 0.9995
vn -0.0040 -0.6419 -0.7667
vn 0.1656 -0.9599 -0.2263
vn 0.9172 0.3982 -0.0125
vn 0.0067 -0.2488 -0.9685
vn -0.2111 -0.4029 -0.8905
vn -0.5727 -0.7229 -0.3866
vn 0.5585 -0.8291 0.0257
vn -0.0223 -0.8576 -0.5139
vn 0.5551 -0.4560 -0.6956
vn -0.0119 0.9667 -0.2557
vn 0.9998 -0.0069 0.0172
vn -0.1083 -0.3972 0.9113
vn 0.7117 -0.3890 -0.5850
vn 0.4340 -0.8782 -0.2011
vn -0.2280 -0.3347 -0.9143
vn -0.0110 -0.0392 0.9992
vn 0.5099 -0.8501 -0.1317
vn 0.5116 0.6681 0.5404
vn 0.1657 0.8465 0.5060
vn 0.0350 0.9961 0.0816
vn 0.0073 -0.2426 0.9701
vn -0.8942 0.0052 -0.4477
vn -0.8393 0.2920 -0.4586
vn -0.4432 -0.8963 0.0160
vn -0.5575 0.0726 0.8270
vn -0.4741 -0.0853 -0.8763
vn -0.3465 0.0522 -0.9366
vn -0.2069 -0.8335 0.5124
vn 0.7693 -0.5039 -0.3927
vn -0.2765 -0.6183 0.7357
vn -0.0075 0.9937 0.1121
vn -0.2981 0.1492 0.9428
vn 0.0224 -0.6288 -0.7772
vn -0.9509 0.3015 -0.0695
vn -0.9788 0.1934 -0.0668
vn -0.5712 0.1012 0.8145
vn -0.0339 -0.9950 -0.0937
vn -0.2625 0.6502 -0.7130
vn -0.4408 0.5531 -0.7070
vn -0.9749 0.0788 -0.2083
vn -0.5959 -0.7313 -0.3317
vn 0.7729 0.1674 -0.6121
vn 0.8349 0.4070 -0.3706
vn 0.2846 -0.9521 -0.1123
vn 0.3116 -0.5189 0.7960
vn -0.9867 0.0988 -0.1294
vn 0.1181 -0.6404 0.7589
vn 0.0779 -0.7440 -0.6637
vn 0.0179 -0.8875 -0.4604
vn -0.1201 -0.9882 -0.0954
vn -0.0306 -0.8430 -0.5370
vn 0.5770 -0.3366 -0.7441
vn 0.0030 -0.9999 -0.0168
vn -0.9382 0.2773 -0.2069
vn 0.0156 -0.5962 -0.8026
vn 0.1097 -0.4338 0.8943
vn -0.0653 -0.9525 0.2973
vn 0.0442 0.7521 -0.6575
vn -0.4604 0.0202 -0.8875
vn 0.5100 -0.8417 0.1771
vn 0.0042 -0.9872 -0.1595
vn 0.2578 -0.5364 0.8036
vn 0.9731 0.0939 -0.2102
vn 0.4683 -0.4829 0.7399
vn 0.0615 0.6224 -0.7803
vn -0.9532 -0.2103 0.2170
vn -0.0261 -0.7950 -0.6060
vn -0.3053 -0.6684 -0.6782
vn -0.6628 0.2887 -0.6909
vn 0.5477 -0.2060 -0.8109
vn -0.9649 0.0672 0.2537
vn 0.3847 0.6176 -0.6859
vn 0.0113 -0.6070 -0.7946
vn 0.5213 -0.8534 0.0033
vn 0.6345 0.2612 -0.7275
vn -0.0274 0.9648 -0.2615
vn -0.0051 0.4837 -0.8752
vn -0.2205 0.5005 -0.8372
vn 0.6615 -0.0964 0.7438
vn 0.2720 -0.6357 0.7224
vn 0.2758 -0.7982 0.5355
vn 0.9272 0.0357 0.3729
vn 0.1694 -0.8302 -0.5311
vn 0.0859 -0.6236 -0.7770
vn 0.7211 -0.3068 -0.6212
vn -0.0063 -0.0262 0.9996
vn -0.0193 -0.6431 -0.7655
vn -0.5847 -0.8065 -0.0874
vn 0.0298 0.9683 -0.2481
vn -0.0100 0.9710 -0.2390
vn -0.0178 -0.9828 -0.1837
vn -0.0088 -0.9704 -0.2414
vn 0.9908 -0.0744 -0.1134
vn 0.7863 0.4063 -0.4655
vn -0.8444 0.1301 -0.5197
vn -0.7845 0.0405 -0.6188
vn -0.1099 -0.9939 -0.0003
vn -0.0997 0.1620 -0.9817
vn 0.0374 -0.0094 0.9993
vn 0.2109 -0.3335 -0.9189
vn -0.1511 -0.6829 0.7147
vn 0.6046 -0.3350 -0.7227
vn 0.0191 0.0029 0.9998
vn -0.3294 0.9320 0.1511
vn 0.2858 -0.9405 -0.1838
vn -0.0222 0.9655 -0.2593
vn 0.1194 -0.2578 0.9588
vn -0.7054 -0.7080 0.0350
vn 0.7321 0.6812 0.0023
vn 0.0089 0.9696 -0.2447
vn 0.8132 0.2026 0.5455
vn -0.5552 -0.0429 0.8306
vn 0.1092 -0.8208 -0.5606
vn -0.7264 -0.6873 -0.0056
vn -0.3556 0.9346 0.0125
vn -0.9834 0.0373 0.1775
vn -0.0149 -0.9940 -0.1088
vn -0.5441 0.7152 -0.4387
vn 0.0312 -0.7277 -0.6852
vn 0.5661 0.6185 0.5449
vn 0.0407 -0.6393 -0.7679
vn -0.4464 -0.8948 -0.0106
vn -0.0219 -0.9845 -0.1740
vn -0.9989 0.0259 -0.0387
vn -0.3401 0.5502 -0.7626
vn -0.3665 0.1368 0.9203
vn 0.2923 -0.6214 0.7269
vn 0.4484 -0.4696 0.7605
vn -0.1141 -0.5411 0.8332
vn 0.1793 -0.1172 0.9768
vn 0.1377 -0.1631 -0.9770
vn -0.0350 -0.9259 0.3761
vn 0.1320 -0.6422 0.7551
vn 0.0054 -0.9882 -0.1529
vn 0.1524 -0.2373 0.9594
vn 0.4150 0.1606 0.8955
vn 0.1050 0.1322 0.9856
vn -0.0026 -0.9869 -0.1612
vn 0.2870 0.1732 0.9421
vn 0.1904 -0.1458 0.9708
vn 0.9123 -0.1196 -0.3916
vn -0.0527 -0.9954 0.0797
vn 0.6957 0.4454 -0.5636
vn 0.6134 0.6528 -0.4445
vn -0.4304 0.5713 0.6989
vn -0.7516 0.6072 -0.2578
vn 0.9341 -0.1951 0.2991
vn -0.6597 0.5231 -0.5396
vn -0.6551 -0.0810 -0.7512
vn -0.8746 0.0641 0.4805
vn 0.3838 -0.6888 -0.6150
vn -0.0002 -0.6862 -0.7274
vn -0.2089 -0.7017 0.6812
vn -0.1632 -0.8742 -0.4574
vn 0.7644 0.1150 0.6344
vn 0.1723 -0.8553 0.4886
vn 0.0111 -0.7637 -0.6455
vn 0.9944 0.0910 -0.0544
vn -0.1199 0.3797 0.9173
vn -0.0014 0.9676 -0.2525
vn 0.7523 -0.2064 0.6257
vn -0.7847 -0.6093 -0.1138
vn 0.9940 0.0069 -0.1092
vn -0.0852 -0.8866 0.4546
vn 0.0095 -0.9998 -0.0148
vn -0.0195 -0.6176 -0.7862
vn -0.1345 0.1022 0.9856
vn 0.1784 0.2117 -0.9609
vn -0.9508 -0.3097 -0.0010
vn 0.9234 -0.2592 0.2833
vn 0.1697 0.0576 0.9838
vn -0.7795 -0.4077 0.4756
vn 0.0909 -0.5749 0.8131
vn -0.5767 -0.1372 0.8054
vn -0.7345 -0.1591 -0.6597
vn 0.4683 0.8634 -0.1877
vn -0.0443 -0.9967 0.0674
vn -0.2561 -0.8595 -0.4424
vn 0.1119 0.7184 -0.6866
vn -0.0150 -0.9843 -0.1757
vn -0.9883 0.0811 -0.1295
vn 0.7091 0.7033 0.0504
vn 0.0096 -0.2765 -0.9610
vn 0.0197 -0.9849 -0.1721
vn 0.1538 0.3105 0.9381
vn 0.1068 -0.1205 0.9869
vn -0.8935 -0.3837 -0.2334
vn -0.9816 0.1807 -0.0608
vn 0.9498 0.3115 -0.0282
vn -0.5159 -0.8389 -0.1732
vn -0.5220 -0.7796 -0.3461
vn 0.9842 0.0467 0.1709
vn 0.0489 0.9725 -0.2276
vn 0.0171 0.0195 -0.9997
vn 0.0073 -0.9893 -0.1460
vn 0.6760 -0.5096 0.5322
vn 0.8025 -0.3445 0.4872
vn 0.1528 0.2203 -0.9634
vn 0.2369 0.3043 -0.9227
vn -0.5155 0.4665 0.7187
vn 0.1571 -0.7006 -0.6960
vn 0.4154 -0.5847 -0.6968
vn -0.0055 0.9665 -0.2567
vn 0.6681 -0.0441 -0.7428
vn -0.3035 0.9174 -0.2574
vn 0.0005 0.0425 -0.9991
vn 0.4537 -0.6654 0.5928
vn 0.8816 0.0861 0.4640
vn 0.0386 -0.9837 -0.1755
vn 0.9980 0.0427 -0.0470
vn 0.1694 0.1495 0.9741
vn 0.0379 -0.9993 0.0052
vn 0.9991 -0.0307 -0.0291
vn 0.3187 -0.6420 -0.6973
vn 0.3318 -0.9072 -0.2587
vn 0.3437 -0.9327 -0.1088
vn 0.1302 0.1178 0.9845
vn 0.3132 -0.9237 0.2205
vn 0.0017 0.9807 -0.1953
vn -0.1115 0.9901 0.0850
vn -0.2994 0.4550 0.8386
vn 0.0473 -0.1079 0.9930
vn -0.9444 0.0293 -0.3275
vn -0.9373 0.2064 -0.2808
vn 0.9848 0.1449 -0.0954
vn -0.7219 -0.2287 -0.6531
vn -0.8355 -0.1390 0.5316
vn 0.0239 -0.2558 0.9664
vn -0.4372 0.6586 0.6124
vn 0.0523 -0.6404 -0.7662
vn 0.9978 0.0291 -0.0591
vn -0.2791 -0.6689 0.6890
vn 0.1367 -0.8705 -0.4728
vn 0.9101 -0.4057 0.0847
vn 0.9974 -0.0543 -0.0470
vn -0.0006 -0.9866 -0.1632
vn 0.3241 -0.6550 -0.6826
vn 0.2213 -0.3234 0.9200
vn 0.6776 -0.5626 -0.4735
vn 0.6149 -0.7700 -0.1703
vn 0.9945 -0.0569 0.0881
vn 0.0242 -0.6478 -0.7614
vn -0.5536 -0.5516 0.6239
vn -0.2901 -0.9564 0.0347
vn -0.5426 0.4156 -0.7300
vn -0.9993 -0.0044 -0.0369
vn 0.0919 0.9868 -0.1331
vn 0.1873 0.0088 0.9823
vn 0.0077 -0.9858 -0.1680
vn 0.7824 -0.3245 0.5315
vn -0.3954 0.9180 0.0321
vn 0.6216 0.1960 -0.7584
vn -0.9856 -0.1640 -0.0405
vn 0.6784 -0.1138 -0.7258
vn -0.0160 -0.6075 -0.7942
vn 0.5212 -0.5633 0.6411
vn 0.0629 -0.9477 -0.3130
vn -0.8290 0.0981 0.5506
vn -0.9711 -0.1791 -0.1580
vn -0.9456 -0.3244 -0.0238
vn -0.9659 0.2541 -0.0487
vn -0.0275 -0.4176 -0.9082
vn -0.9919 0.0385 0.1209
vn 0.1990 0.2393 0.9503
vn -0.0069 -0.8660 0.5001
vn 0.4298 -0.5826 -0.6898
vn -0.8330 0.1002 0.5441
vn -0.0437 0.2595 0.9648
vn -0.9908 -0.1294 0.0392
vn -0.1814 -0.1063 0.9776
vn -0.7924 0.6097 -0.0183
vn -0.2434 0.2463 0.9381
vn -0.4604 0.6542 -0.6001
vn -0.8537 0.0290 -0.5200
vn -0.0042 -0.9994 -0.0330
vn -0.5989 0.2109 -0.7726
vn 0.3303 -0.9354 -0.1262
vn 0.6474 -0.2008 0.7352
vn -0.0847 -0.0612 0.9945
vn 0.7235 0.6599 0.2027
vn -0.6558 -0.6574 -0.3712
vn -0.9405 0.1180 -0.3187
vn 0.0113 -0.5971 -0.8021
vn 0.5844 -0.1967 -0.7872
vn 0.7648 -0.0931 -0.6375
vn -0.8576 0.5111 -0.0584
vn 0.0096 0.7013 -0.7128
vn -0.4583 0.7073 0.5382
vn -0.2428 -0.6286 0.7389
vn -0.0019 -0.9141 0.4055
vn -0.1771 0.4437 -0.8785
vn 0.8954 -0.3994 -0.1970
vn -0.9807 -0.1057 0.1646
vn 0.0110 -0.9850 -0.1720
vn 0.3523 0.3092 -0.8833
vn 0.3116 -0.8365 -0.4509
vn 0.3379 -0.7526 -0.5651
vn -0.0604 0.1565 0.9858
vn 0.9877 0.1447 -0.0599
vn 0.2855 -0.8984 0.3338
vn -0.4401 0.8980 0.0019
vn 0.6944 -0.6399 -0.3291
vn 0.9464 -0.3128 -0.0802
vn 0.0069 0.9667 -0.2558
vn 0.6769 0.0721 0.7326
vn 0.2503 -0.9681 0.0122
vn -0.7679 -0.4102 0.4920
vn -0.2381 -0.9705 0.0379
vn -0.5259 0.8504 0.0126
vn -0.4515 0.8876 -0.0914
vn 0.7740 -0.2912 0.5622
vn 0.6048 0.7944 0.0559
vn -0.8512 -0.3508 0.3904
vn -0.0058 -0.9856 -0.1688
vn 0.4825 -0.7746 -0.4089
vn 0.4759 0.5132 -0.7143
vn 0.5194 -0.8519 -0.0667
vn 0.6137 -0.0720 -0.7863
vn -0.0056 0.9611 -0.2762
vn -0.6331 0.6639 -0.3981
vn 0.1483 0.9354 -0.3210
vn 0.3092 0.8942 -0.3237
vn 0.3387 -0.7264 -0.5980
vn -0.9536 0.1862 -0.2366
vn -0.7236 0.5321 -0.4396
vn 0.7810 -0.3579 -0.5118
vn 0.5917 -0.3156 0.7419
vn -0.0870 0.9338 0.3470
vn -0.2612 0.8189 0.5110
vn 0.9999 -0.0134 0.0083
vn 0.8453 0.2318 -0.4814
vn 0.0023 0.0391 -0.9992
vn 0.5581 -0.5329 0.6360
vn 0.0831 -0.6946 -0.7145
vn -0.9181 0.3940 -0.0438
vn -0.9135 0.3102 0.2633
vn 0.1000 0.1344 -0.9859
vn 0.4497 -0.8907 0.0658
vn -0.5573 -0.0772 0.8267
vn 0.8594 -0.4825 0.1690
vn -0.1090 0.2599 0.9595
vn 0.3297 -0.6006 0.7284
vn 0.9783 -0.1780 0.1065
vn -0.1997 0.0565 -0.9782
vn -0.8863 0.4580 -0.0683
vn 0.0785 -0.5742 0.8150
vn 0.0234 0.2651 0.9639
vn -0.6961 0.3641 0.6188
vn -0.7215 0.6476 0.2452
vn 0.0786 -0.8723 -0.4826
vn 0.0102 -0.8589 -0.5120
vn 0.6692 -0.4317 -0.6048
vn 0.0396 0.9908 -0.1296
vn 0.3910 0.2740 -0.8787
vn 0.5894 -0.2069 -0.7809
vn 0.4219 -0.8942 -0.1500
vn 0.6324 -0.1890 -0.7512
vn 0.5288 -0.8485 -0.0192
vn 0.4684 -0.0783 -0.8801
vn 0.4321 -0.5835 -0.6876
vn -0.0144 0.4797 -0.8773
vn 0.0968 0.4898 -0.8665
vn -0.1869 -0.4825 0.8557
vn 0.4693 0.6303 0.6184
vn 0.5241 0.8477 0.0825
vn -0.9997 -0.0092 -0.0242
vn 0.5762 0.8150 0.0609
vn 0.1053 -0.6073 -0.7874
vn 0.9977 -0.0366 0.0572
vn 0.1609 -0.2728 0.9485
vn 0.9893 0.0257 -0.1433
vn -0.0181 -0.9848 -0.1728
vn -0.9988 -0.0175 0.0447
vn -0.0109 -0.9865 0.1635
vn 0.3185 0.2289 0.9199
vn 0.2365 0.2442 0.9404
vn -0.1782 -0.9046 0.3873
vn 0.1375 -0.7137 -0.6868
vn -0.2334 -0.9308 -0.2814
vn 0.0997 0.2346 0.9670
vn 0.1707 -0.2555 -0.9516
vn -0.8668 0.4490 0.2171
vn 0.0217 -0.2632 -0.9645
vn -0.0117 -0.6454 -0.7638
vn -0.9652 -0.2607 -0.0204
vn -0.5681 -0.5516 0.6107
vn -0.0143 -0.6224 -0.7826
vn 0.2015 -0.6846 0.7006
vn 0.1744 -0.5527 0.8149
vn -0.6721 0.1068 -0.7327
vn -0.4914 -0.7906 -0.3653
vn -0.9349 -0.1738 -0.3094
vn 0.1006 0.4393 -0.8927
vn 0.0873 0.2623 -0.9610
vn -0.9845 0.1710 -0.0392
vn -0.0012 0.9752 -0.2214
vn -0.0811 0.9331 -0.3502
vn -0.1307 0.8839 -0.4491
vn -0.2815 -0.9541 0.1020
vn 0.0010 -0.9873 -0.1588
vn 0.9946 0.0682 -0.0782
vn -0.5462 0.0523 0.8360
vn 0.5565 0.1749 -0.8123
vn -0.6000 0.6515 -0.4643
vn -0.2484 -0.6963 -0.6734
vn 0.9639 -0.2481 0.0968
vn 0.9765 0.2108 -0.0439
vn 0.0089 0.9734 -0.2288
vn 0.4403 0.2384 0.8656
vn -0.9710 -0.2377 -0.0274
vn 0.0333 -0.2567 0.9659
vn -0.9101 0.3650 0.1963
vn -0.1388 0.7528 0.6435
vn -0.0154 -0.9977 0.0654
vn -0.0182 -0.9994 0.0292
vn -0.0697 0.9639 0.2570
vn 0.9201 -0.3906 0.0289
vn 0.1541 0.8995 -0.4088
vn 0.9995 -0.0269 0.0193
vn -0.8374 -0.2713 -0.4745
vn -0.3752 0.2360 0.8964
vn 0.0389 0.9653 -0.2583
vn -0.9148 -0.3893 -0.1076
vn 0.3288 -0.9441 0.0226
vn 0.0058 -0.9855 -0.1694
vn 0.7731 -0.3567 0.5244
vn 0.8663 -0.3015 -0.3983
vn -0.0196 -0.9820 -0.1878
vn -0.3713 -0.2461 -0.8953
vn 0.0376 -0.5714 0.8198
vn 0.8210 -0.5200 -0.2358
vn 0.0089 -0.6334 -0.7737
vn 0.8040 -0.3744 0.4620
vn 0.9241 -0.3230 0.2042
vn -0.8808 0.4710 0.0481
vn 0.8270 0.1495 0.5419
vn 0.6516 0.1792 -0.7371
vn -0.4952 -0.8217 -0.2822
vn -0.9370 -0.1606 -0.3103
vn 0.9174 -0.1968 0.3458
vn -0.2406 -0.7938 0.5586
vn -0.1735 -0.5624 0.8085
vn 0.6255 -0.0755 -0.7766
vn -0.8204 -0.0157 -0.5716
vn -0.9521 0.2839 -0.1135
vn -0.9287 0.0611 0.3659
vn 0.4306 -0.7232 -0.5399
vn -0.9991 0.0164 -0.0380
vn 0.0560 -0.9983 0.0167
vn -0.9827 -0.1051 0.1525
vn 0.3936 -0.9083 -0.1419
vn 0.3684 0.1490 0.9177
vn 0.0266 -0.4308 -0.9021
vn 0.6582 -0.2606 -0.7063
vn 0.5479 -0.2302 -0.8043
vn 0.5284 -0.1812 -0.8295
vn 0.3375 -0.6709 -0.6603
vn -0.9951 0.0860 -0.0495
vn 0.9977 -0.0523 -0.0422
vn 0.6546 -0.0346 -0.7552
vn -0.0652 -0.5754 0.8153
vn 0.9348 0.1156 -0.3359
vn 0.0034 -0.8660 -0.5000
vn 0.0173 -0.8063 -0.5912
vn 0.7739 -0.2624 -0.5763
vn -0.1312 -0.9886 0.0744
vn 0.7224 -0.4223 0.5475
vn -0.0023 -0.6602 -0.7511
vn -0.3970 -0.6626 0.6351
vn 0.5190 0.1265 0.8453
vn 0.3905 -0.6491 -0.6528
vn 0.2357 0.6657 0.7080
vn 0.1922 -0.5344 0.8231
vn -0.6460 -0.7580 -0.0906
vn 0.7219 0.3527 -0.5953
vn -0.6588 -0.4489 -0.6038
vn -0.2983 0.2269 0.9271
vn -0.4824 0.2143 0.8493
vn -0.2337 -0.9671 -0.1007
vn 0.9246 -0.2356 0.2992
vn 0.2516 0.4761 0.8426
vn 0.4832 -0.1814 -0.8565
vn 0.0962 0.9804 -0.1718
vn 0.4183 -0.7451 -0.5194
vn -0.8396 0.5432 0.0010
vn -0.0453 -0.0529 0.9976
vn 0.2981 -0.0407 -0.9537
vn -0.4790 -0.8776 0.0206
vn -0.1697 -0.3310 0.9282
vn 0.4903 0.5481 -0.6777
vn -0.0553 -0.7615 -0.6458
vn 0.0013 0.9651 -0.2620
vn 0.0619 -0.1033 0.9927
vn -0.9853 -0.1622 -0.0534
vn -0.1926 0.9773 0.0889
vn 0.9838 -0.1237 0.1300
vn -0.8316 -0.5292 -0.1683
vn 0.9339 0.2485 -0.2570
vn -0.5333 0.6522 0.5387
vn 0.4628 -0.8732 0.1530
vn -0.0587 0.9079 0.4150
vn -0.6540 -0.5758 -0.4907
vn -0.0204 0.8341 -0.5513
vn 0.0560 0.2339 0.9706
vn -0.4287 -0.3447 0.8351
vn -0.0251 -0.9838 -0.1774
vn -0.5764 0.8168 0.0259
vn 0.1755 -0.5339 0.8272
vn -0.0011 -0.5309 0.8474
vn 0.7127 -0.7009 0.0288
vn 0.5816 -0.8123 0.0429
vn 0.1140 -0.8686 0.4823
vn -0.9986 -0.0250 0.0468
vn 0.2234 0.8644 0.4505
vn 0.9950 0.0902 -0.0431
vn -0.4809 -0.1322 0.8667
vn -0.9693 -0.1498 0.1952
vn 0.8155 -0.4332 0.3837
vn 0.0034 -0.9852 -0.1713
vn -0.9220 0.0803 0.3788
vn 0.7022 0.4406 0.5592
vn -0.2620 0.0866 -0.9612
vn -0.0863 -0.6373 0.7658
vn -0.8205 -0.5616 0.1065
vn -0.8214 -0.3017 -0.4840
vn 0.0701 -0.7314 0.6783
vn -0.3599 -0.3187 0.8769
vn -0.9986 0.0336 -0.0409
vn 0.9490 0.3141 -0.0287
vn 0.1346 -0.8806 -0.4542
vn -0.7740 0.5602 0.2951
vn -0.9266 0.3326 0.1754
vn -0.0344 -0.8833 -0.4675
vn -0.0226 -0.7210 0.6926
vn 0.6714 -0.5615 -0.4837
vn 0.2221 0.4492 -0.8654
vn 0.6744 0.1475 0.7235
vn -0.9890 -0.1421 -0.0400
vn -0.5064 -0.8623 0.0103
vn -0.3389 -0.5765 -0.7435
vn 0.7224 -0.6847 -0.0965
vn 0.3284 0.2689 0.9054
vn 0.9980 0.0267 -0.0573
vn -0.8208 -0.1241 -0.5576
vn -0.7678 -0.0514 -0.6387
vn 0.0014 0.9882 0.1530
vn 0.7290 0.1068 0.6761
vn 0.3678 -0.9263 0.0820
vn -0.9814 0.1879 -0.0394
vn 0.8371 -0.5471 -0.0009
vn 0.5692 -0.3865 -0.7257
vn -0.1970 -0.1227 0.9727
vn -0.0445 -0.5483 0.8351
vn 0.0204 -0.9745 -0.2236
vn -0.3057 0.9512 0.0417
vn -0.0107 -0.5975 -0.8018
vn -0.9271 -0.3740 -0.0260
vn -0.6882 0.1330 0.7132
vn 0.8043 -0.3782 0.4582
vn 0.7088 0.7018 -0.0712
vn -0.1248 -0.5139 0.8487
vn -0.9933 -0.0809 -0.0822
vn -0.5609 0.8278 -0.0054
vn -0.1526 0.2125 0.9652
vn -0.2095 -0.1360 -0.9683
vn -0.0846 -0.7335 -0.6744
vn 0.0079 -0.9852 -0.1712
vn -0.3015 -0.5903 0.7487
vn 0.0286 0.2652 -0.9638
vn -0.0939 -0.5572 0.8251
vn 0.9951 -0.0608 0.0780
vn -0.7555 -0.2629 -0.6002
vn 0.1260 -0.3505 0.9280
vn 0.3672 -0.9260 -0.0875
vn -0.9953 0.0227 -0.0941
vn 0.0771 0.0643 -0.9950
vn -0.6657 0.5272 0.5280
vn 0.0362 -0.0080 0.9993
vn 0.8817 0.1248 0.4550
vn -0.7869 -0.6153 -0.0462
vn -0.9830 0.1521 0.1031
vn 0.5348 -0.0162 0.8448
vn -0.0545 -0.6568 0.7521
vn 0.8762 -0.4689 -0.1111
vn -0.6830 -0.1395 -0.7170
vn -0.6093 -0.1784 -0.7726
vn 0.9762 -0.2130 -0.0402
vn 0.9707 -0.1269 0.2040
vn -0.9338 0.0677 0.3514
vn 0.9767 0.0462 0.2095
vn 0.9932 0.1042 -0.0514
vn 0.0963 -0.6323 0.7687
vn 0.8692 -0.4931 -0.0373
vn 0.3840 -0.5356 0.7522
vn 0.7120 -0.4766 0.5157
vn 0.4960 -0.8678 -0.0307
vn 0.2084 -0.9713 0.1146
vn -0.9883 -0.1473 -0.0388
vn -0.0851 -0.8027 0.5903
vn 0.8218 0.4929 0.2858
vn -0.4813 -0.6921 -0.5380
vn -0.9450 0.0610 -0.3215
vn -0.9496 0.0528 -0.3089
vn -0.5169 -0.8539 0.0609
vn -0.0065 -0.6520 -0.7582
vn 0.2525 -0.9673 -0.0220
vn 0.8009 0.4686 -0.3729
vn -0.0192 -0.9835 -0.1798
vn -0.9547 -0.0847 -0.2852
vn 0.5873 -0.1758 -0.7901
vn 0.2340 -0.8052 -0.5448
vn -0.8620 -0.1367 -0.4880
vn -0.3606 0.9117 -0.1970
vn -0.0566 0.9688 -0.2415
vn 0.1969 0.1057 -0.9747
vn 0.2164 -0.6440 -0.7337
vn 0.8579 0.2426 0.4530
vn 0.0812 -0.9967 -0.0033
vn 0.6083 -0.7769 -0.1623
vn 0.0379 -0.6393 -0.7680
vn 0.3602 -0.6587 0.6605
vn 0.3042 0.2563 0.9175
vn 0.6059 -0.6710 -0.4274
vn 0.3240 -0.5512 -0.7689
vn -0.8653 0.1301 0.4841
vn 0.9821 -0.0148 0.1880
vn 0.6801 -0.4440 -0.5834
vn 0.6280 -0.3930 -0.6716
vn -0.0608 0.6194 0.7827
vn -0.6923 0.1908 0.6960
vn -0.0110 0.9671 -0.2541
vn -0.2056 0.2407 0.9486
vn -0.1014 0.9797 -0.1729
vn -0.5388 -0.1819 0.8225
vn -0.4170 0.3504 0.8387
vn -0.0044 0.9712 -0.2383
vn 0.8215 -0.2339 -0.5200
vn 0.9574 0.2351 -0.1678
vn 0.2609 -0.6399 -0.7228
vn -0.0070 -0.9859 -0.1671
vn -0.6999 -0.3732 0.6090
vn 0.1220 0.9505 -0.2856
vn 0.5372 0.2966 0.7896
vn 0.3416 -0.8876 0.3091
vn 0.6384 0.0518 -0.7679
vn 0.7758 0.0969 -0.6235
vn -0.5949 -0.3709 -0.7131
vn 0.7948 -0.6064 0.0237
vn -0.6299 0.3747 -0.6803
vn 0.0041 0.0431 -0.9991
vn 0.6373 0.5722 -0.5161
vn 0.3030 -0.5323 0.7905
vn -0.1128 -0.5244 0.8440
vn -0.7771 0.6259 0.0653
vn -0.2006 -0.9118 0.3583
vn -0.1638 0.3671 0.9156
vn -0.8131 0.4337 0.3883
vn -0.1155 0.2167 0.9694
vn -0.3057 -0.9518 -0.0233
vn -0.0379 -0.8459 -0.5319
vn -0.5002 0.3820 -0.7771
vn -0.0930 -0.8347 -0.5428
vn -0.0156 -0.9996 -0.0216
vn -0.7403 0.5834 0.3341
vn 0.8576 0.2644 -0.4412
vn -0.8326 -0.2389 0.4996
vn 0.0879 -0.9898 0.1126
vn 0.0442 -0.7809 -0.6231
vn 0.2102 -0.9758 -0.0609
vn 0.4471 0.5169 -0.7300
vn -0.0302 0.6729 0.7391
vn 0.0039 -0.6493 -0.7606
vn -0.8993 0.4308 -0.0753
vn 0.6739 0.7379 0.0365
vn 0.0241 -0.7038 -0.7100
vn 0.3893 0.2802 -0.8774
vn 0.3173 0.3819 -0.8680
vn 0.5418 -0.1106 -0.8332
vn 0.5659 0.7708 0.2926
vn 0.3034 -0.6524 0.6945
vn 0.7860 -0.2052 -0.5832
vn 0.5448 -0.4232 -0.7239
vn -0.5866 -0.8095 -0.0236
vn -0.9316 -0.0095 -0.3635
vn 0.0160 0.0001 0.9999
vn 0.3128 0.5417 0.7802
vn 0.2590 0.5002 0.8263
vn 0.1952 -0.9618 -0.1918
vn 0.2510 -0.9653 -0.0720
vn -0.3962 0.1700 -0.9023
vn 0.0890 -0.9944 0.0576
vn 0.9167 0.3996 -0.0033
vn -0.0505 0.9034 0.4258
vn 0.3726 0.6925 -0.6178
vn 0.5326 -0.4640 -0.7078
vn 0.5925 -0.2749 0.7572
vn -0.9898 0.0825 -0.1165
vn 0.8094 0.1558 -0.5663
vn 0.9024 -0.3097 -0.2995
vn -0.1053 -0.5375 0.8367
vn 0.6160 -0.5382 -0.5753
vn 0.5545 -0.3836 0.7385
vn -0.4718 -0.8805 -0.0464
vn -0.3141 -0.5270 0.7897
vn -0.0197 -0.6309 -0.7756
vn 0.0253 0.8932 -0.4490
vn -0.0352 0.9003 -0.4339
vn -0.9844 0.0939 0.1488
vn 0.3710 -0.3131 -0.8743
vn 0.5590 -0.6873 0.4638
vn -0.4201 0.2380 0.8757
vn -0.5426 -0.0178 0.8398
vn 0.2044 0.6146 0.7619
vn -0.2602 -0.9253 -0.2760
vn 0.5541 -0.3799 0.7407
vn -0.9321 -0.0235 -0.3616
vn 0.4853 -0.7645 0.4242
vn 0.0016 0.9744 -0.2250
vn -0.0825 -0.5446 0.8346
vn -0.9076 0.1674 0.3849
vn -0.0069 0.9680 -0.2508
vn -0.5452 -0.1895 0.8166
vn 0.3435 -0.5677 0.7482
vn 0.2676 -0.5697 0.7771
vn -0.9601 0.1152 -0.2548
vn -0.9952 0.0923 0.0337
vn -0.9466 -0.3216 -0.0236
vn 0.4963 -0.8664 0.0542
vn -0.0250 0.8143 0.5799
vn 0.7756 -0.6305 -0.0291
vn -0.9926 -0.1200 -0.0163
vn 0.9873 -0.1070 0.1172
vn -0.5009 0.5799 0.6425
vn -0.7168 0.5776 0.3905
vn 0.1738 0.5218 -0.8352
vn 0.0775 0.6800 -0.7291
vn 0.0016 -0.7556 0.6550
vn -0.8946 -0.2434 0.3748
vn -0.1934 -0.9710 -0.1406
vn 0.3168 -0.7630 -0.5634
vn 0.2167 -0.6997 -0.6807
vn 0.5426 -0.4483 -0.7104
vn 0.3312 0.7657 -0.5514
vn 0.9966 0.0236 -0.0791
vn 0.3887 -0.5678 -0.7256
vn 0.1369 0.2635 0.9549
vn -0.1491 0.9145 0.3762
vn -0.2181 -0.9756 0.0242
vn 0.9903 -0.1066 0.0889
vn 0.0765 -0.9834 -0.1643
vn 0.9980 -0.0168 -0.0604
vn -0.0229 0.0348 -0.9991
vn 0.4396 0.3945 -0.8069
vn 0.9477 -0.3064 0.0894
vn -0.0521 0.5103 0.8584
vn 0.1168 -0.8669 -0.4846
vn 0.5279 0.1705 -0.8320
vn 0.0149 -0.9957 -0.0914
vn 0.0687 -0.9787 -0.1935
vn -0.1884 0.8160 0.5465
vn 0.5951 0.4640 0.6562
vn 0.0067 0.9710 -0.2391
vn 0.6514 -0.5239 -0.5489
vn -0.8601 -0.3640 -0.3573
vn 0.2604 -0.7323 -0.6292
vn -0.3391 -0.6417 -0.6879
vn 0.1816 0.9784 0.0991
vn 0.3469 -0.7137 -0.6086
vn 0.4039 -0.7047 -0.5833
vn -0.4997 -0.4844 0.7181
vn 0.0491 0.9692 -0.2414
vn -0.8034 -0.4161 -0.4259
vn 0.5089 -0.3848 -0.7701
vn -0.3869 -0.2783 -0.8791
vn 0.9899 -0.0240 -0.1395
vn 0.3838 -0.9150 0.1248
vn -0.4941 -0.8669 0.0656
vn 0.9814 0.0392 0.1879
vn -0.0450 -0.9859 -0.1613
vn -0.2402 0.4929 0.8363
vn -0.2337 0.2460 0.9407
vn -0.9104 0.2977 -0.2872
vn -0.8220 -0.4694 -0.3225
vn 0.9959 0.0349 -0.0840
vn 0.8407 -0.3369 0.4239
vn 0.4705 -0.5710 -0.6727
vn 0.4859 -0.4795 0.7307
vn -0.3044 -0.7984 -0.5195
vn -0.9527 0.2952 -0.0716
vn -0.9529 0.2996 -0.0460
vn 0.0154 -0.6967 0.7172
vn 0.9856 -0.0002 -0.1690
vn -0.7402 0.1299 0.6598
vn -0.2997 0.9540 0.0035
vn -0.2998 0.9536 0.0291
vn 0.5628 -0.3271 0.7591
vn 0.5394 -0.6959 -0.4740
vn -0.0070 -0.6248 -0.7808
vn 0.0795 -0.9698 0.2305
vn -0.1926 -0.9371 -0.2911
vn -0.4186 -0.9055 -0.0703
vn 0.9639 -0.2595 0.0596
vn 0.1090 0.1644 -0.9804
vn 0.0287 -0.9775 0.2089
vn -0.9995 0.0145 -0.0281
vn 0.4928 0.5107 0.7045
vn 0.8439 -0.3763 0.3825
vn 0.0391 -0.9990 0.0226
vn 0.0083 0.9265 -0.3762
vn 0.0039 0.0411 -0.9991
vn -0.5790 0.5169 -0.6305
vn 0.4458 -0.6297 0.6362
vn 0.9938 0.0989 -0.0517
vn -0.1564 -0.7833 -0.6017
vn -0.9367 0.2241 -0.2690
vn 0.0898 -0.9955 0.0296
vn -0.9399 0.2242 -0.2575
vn -0.9084 0.4176 0.0209
vn -0.0898 0.0666 -0.9937
vn 0.1535 0.8805 -0.4485
vn 0.0095 -0.5948 -0.8038
vn -0.9967 0.0596 -0.0559
vn -0.0109 -0.6429 -0.7659
vn -0.6671 0.1847 -0.7217
vn 0.3073 -0.6595 0.6861
vn 0.2137 -0.7216 0.6585
vn 0.4234 -0.5077 -0.7503
vn 0.5113 -0.6957 0.5046
vn 0.0998 -0.6906 0.7163
vn -0.2191 0.9713 0.0927
vn 0.1672 0.2311 0.9585
vn 0.4120 0.9019 0.1297
vn 0.6492 0.3857 -0.6556
vn 0.5398 -0.8223 -0.1803
vn -0.4379 -0.6351 -0.6364
vn -0.9875 0.1198 -0.1020
vn 0.6754 -0.0860 0.7324
vn -0.7293 0.6263 -0.2753
vn 0.1980 0.9778 0.0685
vn -0.9616 -0.0949 0.2574
vn 0.1509 0.3476 -0.9254
vn 0.0032 0.9869 0.1611
vn 0.0014 -0.0244 0.9997
vn -0.3114 0.7844 0.5364
vn -0.9974 -0.0182 -0.0698
vn -0.2454 0.2992 -0.9221
vn -0.8809 0.4674 -0.0746
vn 0.4999 -0.8661 0.0084
vn -0.0176 -0.9750 0.2215
vn -0.0120 -0.7113 0.7028
vn 0.0208 -0.5411 0.8407
vn 0.0005 -0.9883 -0.1525
vn 0.8226 0.2217 -0.5237
vn 0.8840 -0.4531 -0.1153
vn -0.6846 -0.4845 0.5446
vn -0.2459 0.9682 -0.0453
vn -0.1798 -0.9575 0.2254
vn -0.9369 -0.2346 0.2591
vn 0.9887 0.0097 -0.1493
vn 0.8927 0.4505 0.0117
vn 0.5428 0.2942 0.7867
vn -0.0580 0.9923 -0.1097
vn -0.0684 0.2611 0.9629
vn -0.9941 0.0931 -0.0556
vn 0.6202 -0.3014 0.7242
vn 0.0436 -0.8346 0.5491
vn -0.1776 -0.9671 -0.1820
vn 0.4029 -0.8430 -0.3564
vn 0.4179 -0.7386 -0.5291
vn 0.1444 -0.1525 0.9777
vn 0.1211 -0.8785 0.4621
vn 0.8533 -0.4585 -0.2484
vn 0.2401 -0.0178 0.9706
vn 0.3744 0.4059 -0.8337
vn 0.0153 0.9765 -0.2148
vn 0.4770 0.2288 0.8486
vn 0.0430 -0.7739 0.6318
vn 0.0731 0.2606 0.9627
vn 0.7980 -0.5627 0.2159
vn -0.8382 0.5453 -0.0066
vn 0.4475 0.0389 -0.8934
vn 0.7566 0.1694 0.6316
vn 0.8598 0.1342 0.4927
vn -0.2961 0.9507 0.0922
vn -0.9993 -0.0261 -0.0261
vn 0.6410 0.4319 -0.6345
vn 0.3483 -0.5096 0.7868
vn 0.0121 -0.9895 -0.1441
vn 0.2420 -0.8908 0.3845
vn 0.2201 -0.9413 0.2558
vn 0.9979 -0.0302 0.0564
vn -0.1998 0.7930 -0.5756
vn -0.2331 -0.8345 0.4992
vn 0.7009 0.0805 -0.7087
vn -0.1251 0.0979 -0.9873
vn 0.0105 -0.9999 -0.0134
vn -0.6398 -0.2391 -0.7304
vn -0.0910 -0.8521 -0.5154
vn 0.9990 0.0257 -0.0364
vn 0.1714 0.2350 0.9568
vn 0.2311 0.1443 0.9622
vn -0.5557 -0.4732 -0.6836
vn -0.3846 -0.8575 -0.3416
vn 0.9264 -0.3076 0.2173
vn -0.0007 0.9687 -0.2482
vn -0.5295 -0.0674 0.8456
vn 0.6574 -0.6183 -0.4306
vn 0.5468 -0.6712 -0.5006
vn 0.8006 0.4882 0.3474
vn 0.2735 -0.7178 -0.6403
vn -0.9920 -0.1179 -0.0455
vn 0.9633 0.1415 0.2283
vn 0.5503 0.2960 -0.7808
vn 0.6495 -0.7390 0.1791
vn 0.4725 -0.5563 0.6836
vn 0.6112 -0.2825 -0.7393
vn 0.6349 -0.1699 0.7537
vn 0.9241 -0.3798 0.0435
vn -0.8000 0.2821 0.5295
vn -0.1911 0.9148 -0.3559
vn 0.8632 -0.3119 0.3969
vn -0.9888 -0.0398 -0.1439
vn 0.0773 0.9563 -0.2819
vn -0.9248 0.3066 0.2254
vn -0.2164 -0.5091 -0.8331
vn 0.0103 0.9655 -0.2602
vn 0.8312 0.5338 -0.1554
vn -0.9434 0.1738 -0.2824
vn 0.3416 -0.9343 -0.1021
vn 0.8246 -0.3946 0.4054
vn -0.8786 0.2165 -0.4257
vn 0.9652 -0.2591 -0.0348
vn 0.9039 -0.4269 -0.0283
vn -0.0040 0.3881 -0.9216
vn -0.6978 -0.5884 -0.4084
vn 0.0175 -0.5415 0.8405
vn -0.9877 0.1480 -0.0494
vn -0.4248 0.8302 -0.3609
vn 0.0323 0.6683 -0.7432
vn 0.9790 -0.1960 -0.0553
vn 0.6201 -0.1543 -0.7692
vn 0.0262 0.9647 -0.2619
vn 0.0119 -0.6153 -0.7882
vn 0.9902 -0.1314 -0.0468
vn 0.7870 -0.4596 0.4115
vn 0.1894 0.0848 -0.9782
vn -0.5353 0.7315 0.4225
vn 0.6748 -0.5707 -0.4679
vn -0.1042 -0.9893 -0.1022
vn -0.6522 -0.7507 -0.1051
vn 0.3197 -0.9385 -0.1304
vn -0.4256 0.2667 -0.8647
vn -0.3866 0.3267 -0.8624
vn 0.7552 -0.6552 -0.0200
vn 0.2054 0.4093 -0.8890
vn 0.8825 -0.0230 -0.4697
vn 0.1109 0.3617 -0.9257
vn -0.9429 0.3175 -0.1007
vn 0.7428 -0.1033 0.6615
vn -0.7910 0.2205 -0.5707
vn 0.9082 -0.3749 0.1859
vn -0.4434 0.8632 0.2414
vn -0.8043 -0.5940 -0.0148
vn -0.1207 -0.5165 0.8478
vn -0.0024 -0.9879 -0.1553
vn -0.2164 -0.0334 -0.9757
vn 0.9769 -0.0395 -0.2098
vn 0.0438 -0.6953 -0.7174
vn 0.6937 0.0738 -0.7165
vn 0.5630 -0.4756 0.6759
vn -0.0066 -0.9830 -0.1833
vn -0.5795 0.4215 -0.6975
vn 0.2538 -0.9520 -0.1713
vn -0.6989 0.1119 0.7064
vn -0.1941 -0.6999 0.6873
vn -0.5112 -0.1411 0.8478
vn 0.4133 -0.5427 0.7312
vn 0.6561 -0.1125 0.7462
vn 0.5997 -0.1353 -0.7887
vn -0.2785 0.7741 0.5685
vn -0.0050 -0.9853 -0.1710
vn -0.8612 -0.2922 0.4158
vn 0.0927 -0.6391 0.7635
vn 0.8357 -0.4214 0.3522
vn -0.3865 -0.8051 -0.4499
vn -0.4848 -0.7505 -0.4491
vn 0.7241 -0.3031 -0.6195
vn 0.6776 -0.5627 -0.4735
vn 0.7344 -0.6069 -0.3038
vn -0.9054 0.0892 0.4151
vn -0.1152 -0.9837 0.1384
vn 0.9401 -0.2265 0.2548
vn 0.4547 0.2709 -0.8484
vn 0.9324 -0.2298 0.2789
vn -0.5207 -0.5997 0.6076
vn -0.8022 -0.5970 0.0079
vn -0.8526 -0.5224 -0.0105
vn 0.1664 0.9361 0.3098
vn 0.0978 0.9811 0.1668
vn -0.2182 0.9756 0.0259
vn 0.3377 0.9332 -0.1225
vn 0.8671 0.0985 -0.4883
vn 0.4138 -0.7844 -0.4621
vn 0.3496 0.9352 -0.0568
vn 0.2223 -0.7568 -0.6146
vn 0.9766 0.2135 -0.0260
vn 0.4196 -0.6687 0.6138
vn -0.0198 -0.9716 -0.2360
vn -0.1673 0.5211 -0.8369
vn 0.4282 -0.4829 0.7638
vn -0.0165 -0.9660 -0.2581
vn -0.9312 0.3573 -0.0722
vn 0.9330 -0.2299 0.2767
vn 0.9830 0.1823 -0.0232
vn 0.9529 -0.1952 0.2320
vn -0.9527 0.0996 -0.2870
vn 0.0256 -0.9965 0.0790
vn -0.2500 -0.7602 0.5996
vn 0.8958 -0.4389 0.0702
vn 0.7471 -0.6646 0.0063
vn -0.5452 0.7527 -0.3689
vn 0.6335 -0.7731 -0.0306
vn 0.5284 -0.8489 0.0125
vn 0.4096 -0.6570 0.6328
vn 0.6341 0.7063 -0.3146
vn -0.9496 0.1098 -0.2937
vn -0.8725 0.2785 0.4015
vn -0.0947 -0.0599 0.9937
vn -0.0396 0.2295 0.9725
vn -0.5318 -0.3975 -0.7478
vn -0.0028 0.0393 -0.9992
vn -0.8479 0.5250 -0.0742
vn -0.3976 -0.0613 -0.9155
vn -0.8496 -0.5243 0.0574
vn -0.1161 0.8681 -0.4827
vn 0.9256 -0.3107 0.2160
vn 0.8539 -0.2815 -0.4378
vn -0.4022 0.2325 0.8855
vn -0.4010 0.2421 0.8835
vn 0.2409 -0.3062 0.9210
vn -0.9721 -0.1331 0.1934
vn 0.8519 -0.1873 -0.4891
vn 0.9085 -0.3756 -0.1835
vn -0.0909 0.9954 0.0308
vn 0.8158 -0.5518 -0.1732
vn 0.0284 -0.9983 -0.0519
vn 0.4471 -0.0106 -0.8944
vn -0.7260 0.4773 0.4950
vn 0.0778 0.2602 0.9624
vn 0.6657 -0.1879 -0.7222
vn -0.4297 -0.3602 0.8280
vn -0.0302 0.2442 0.9692
vn -0.0621 0.2286 0.9715
vn -0.2686 -0.1065 0.9573
vn 0.9842 0.1602 -0.0749
vn -0.0655 -0.6308 0.7732
vn -0.3035 -0.5689 0.7644
vn -0.1227 0.2085 -0.9703
vn -0.0871 0.2157 -0.9726
vn 0.3628 -0.9162 -0.1699
vn 0.5603 -0.3590 0.7465
vn 0.9429 -0.2355 0.2355
vn 0.0715 0.0488 0.9963
vn 0.1356 -0.9887 0.0634
vn -0.3939 0.8806 0.2635
vn -0.3820 0.8509 0.3606
vn -0.9070 -0.4025 -0.1237
vn 0.0180 -0.5886 -0.8082
vn -0.0442 -0.9915 -0.1225
vn 0.3371 -0.3515 -0.8734
vn -0.8920 0.4509 -0.0307
vn 0.6876 -0.7208 0.0879
vn -0.8177 -0.5631 -0.1199
vn -0.6527 0.3457 -0.6742
vn -0.1068 -0.0563 0.9927
vn -0.9946 -0.0760 0.0705
vn 0.8153 -0.0570 -0.5763
vn 0.5479 0.0042 -0.8365
vn 0.9417 -0.1790 0.2847
vn 0.9986 -0.0017 -0.0531
vn 0.7243 0.6890 0.0271
vn 0.7378 0.6739 0.0387
vn 0.1387 0.7344 0.6644
vn -0.0188 0.6165 0.7871
vn 0.6486 -0.5627 0.5124
vn -0.1125 -0.9617 -0.2500
vn -0.2885 -0.8339 -0.4705
vn -0.3366 -0.8065 -0.4860
vn 0.8790 -0.0191 -0.4765
vn 0.0564 -0.9787 -0.1974
vn 0.9775 0.1223 -0.1718
vn -0.6202 0.7839 -0.0288
vn -0.6134 0.7898 -0.0005
vn 0.9572 0.1040 -0.2700
vn -0.6334 0.7461 -0.2052
vn -0.5706 -0.0989 -0.8153
vn -0.5185 -0.8217 -0.2366
vn -0.8469 -0.5310 -0.0267
vn -0.1244 -0.5218 0.8440
vn -0.9463 0.1613 -0.2800
vn -0.4676 -0.7520 -0.4647
vn -0.0452 0.2430 0.9690
vn 0.2055 -0.6999 -0.6841
vn 0.2044 -0.6371 0.7432
vn -0.8035 -0.5697 0.1728
vn -0.2665 0.9587 -0.0997
vn 0.4761 -0.8060 0.3517
vn 0.8051 0.5814 -0.1172
vn -0.7852 0.1613 -0.5979
vn -0.2353 -0.5315 0.8137
vn 0.9711 0.2347 -0.0431
vn -0.0219 -0.9862 -0.1641
vn -0.9014 -0.2346 0.3638
vn -0.9084 0.2015 -0.3664
vn -0.9072 0.1137 0.4050
vn 0.7146 0.5258 0.4615
vn -0.2747 -0.5939 -0.7562
vn 0.8202 0.1782 -0.5436
vn 0.0135 -0.8687 0.4951
vn -0.5535 -0.1639 0.8165
vn -0.5332 -0.2986 0.7916
vn 0.5907 0.6497 -0.4785
vn 0.3491 0.8052 0.4794
vn -0.0603 -0.9290 -0.3652
vn 0.0331 -0.9397 -0.3403
vn -0.8168 0.1486 0.5574
vn -0.6002 0.5473 -0.5833
vn -0.5799 0.7965 -0.1714
vn 0.4685 -0.5181 -0.7156
vn 0.5241 -0.4077 0.7477
vn -0.3880 0.2058 -0.8984
vn -0.2047 0.1263 0.9706
vn 0.6108 0.1308 0.7809
vn 0.9141 -0.3917 0.1052
vn 0.9121 -0.3707 0.1749
vn -0.0010 -0.6345 -0.7730
vn -0.7975 0.6031 -0.0178
vn 0.4972 0.5205 -0.6942
vn -0.5800 0.6610 0.4760
vn -0.5842 0.7223 0.3702
vn -0.1376 -0.9887 0.0604
vn -0.7410 -0.3108 -0.5953
vn -0.1605 0.4283 -0.8893
vn -0.9109 -0.0998 -0.4004
vn 0.4723 0.8609 0.1892
vn -0.3997 -0.9048 -0.1469
vn -0.2605 -0.2507 0.9324
vn -0.2556 -0.9544 -0.1542
vn -0.9973 -0.0126 -0.0720
vn 0.0430 0.1579 0.9865
vn 0.9264 -0.3760 -0.0217
vn 0.9876 -0.1505 -0.0439
vn 0.2378 -0.0030 -0.9713
vn 0.6377 0.2013 0.7435
vn -0.6069 -0.4767 -0.6360
vn 0.2009 -0.9716 0.1253
vn 0.9207 0.1713 -0.3507
vn 0.0006 -0.7853 -0.6191
vn 0.4732 -0.7182 -0.5101
vn 0.1411 -0.4754 0.8684
vn 0.4071 -0.8794 -0.2470
vn -0.3461 -0.7578 -0.5531
vn 0.4126 0.5736 -0.7076
vn 0.8467 0.3180 0.4266
vn 0.6770 -0.5494 -0.4897
vn 0.0216 0.4567 0.8893
vn -0.7819 0.6193 -0.0711
vn 0.7944 0.1610 0.5857
vn 0.2599 -0.5865 -0.7671
vn 1.0000 0.0008 -0.0061
vn 0.1221 0.8801 0.4588
vn -0.2936 0.9397 -0.1754
vn -0.9076 0.1113 0.4048
vn 0.2029 -0.9695 0.1378
vn -0.0767 0.1027 -0.9918
vn 0.0602 0.1127 -0.9918
vn 0.9521 -0.1611 0.2599
vn 0.0377 -0.9860 -0.1625
vn 0.4764 -0.7629 -0.4371
vn -0.2241 -0.5816 0.7820
vn -0.2596 -0.5585 0.7879
vn -0.7646 0.2147 -0.6078
vn 0.0264 -0.4893 -0.8717
vn 0.4238 0.8796 -0.2161
vn 0.1630 0.2453 -0.9556
vn -0.0029 -0.5503 0.8350
vn -0.2750 0.9307 -0.2412
vn -0.1729 -0.5304 0.8299
vn -0.9883 -0.1104 0.1056
vn -0.1738 -0.8127 -0.5562
vn -0.2512 -0.7619 -0.5970
vn 0.1504 -0.7895 -0.5950
vn -0.7022 0.6184 -0.3527
vn -0.0085 -0.9882 -0.1531
vn -0.3540 -0.4878 0.7980
vn 0.0100 0.9844 0.1759
vn 0.0169 0.0013 0.9999
vn -0.8135 -0.5747 -0.0891
vn -0.8174 -0.5578 -0.1437
vn 0.2380 0.5181 -0.8215
vn -0.7830 0.4330 -0.4465
vn 0.6752 0.5712 -0.4668
vn 0.0046 -0.6708 0.7416
vn -0.0806 -0.9835 -0.1622
vn 0.8282 -0.4910 -0.2703
vn -0.8636 0.1103 -0.4919
vn 0.4271 -0.7172 -0.5506
vn -0.0765 -0.8133 0.5768
vn -0.4832 0.7590 -0.4364
vn 0.9657 -0.2596 -0.0055
vn 0.0230 -0.6471 -0.7620
vn 0.6947 -0.5044 0.5129
vn 0.4312 0.8113 0.3948
vn 0.4376 -0.5307 0.7259
vn 0.3067 -0.9372 -0.1663
vn 0.4002 -0.6377 0.6582
vn 0.3316 -0.9362 -0.1166
vn 0.7347 0.1079 -0.6698
vn -0.4746 -0.5891 -0.6540
vn 0.0702 -0.2693 0.9605
vn 0.2246 0.1538 0.9622
vn -0.9881 -0.0423 -0.1476
vn -0.9491 0.1187 -0.2916
vn -0.4473 0.6240 -0.6407
vn -0.4142 0.9100 0.0185
vn -0.6083 -0.7546 -0.2462
vn -0.6580 -0.6985 -0.2812
vn -0.1196 -0.5381 0.8343
vn -0.9719 0.1196 0.2026
vn 0.3632 0.8916 0.2704
vn 0.8031 -0.1885 -0.5652
vn 0.0006 -0.6367 -0.7711
vn 0.0141 -0.4359 0.8999
vn -0.9862 -0.0856 0.1415
vn 0.3639 -0.4513 0.8148
vn 0.5662 -0.5281 0.6329
vn 0.8165 -0.4156 -0.4007
vn 0.8257 -0.3009 -0.4771
vn 0.4296 -0.8847 -0.1812
vn 0.3392 -0.9360 0.0935
vn -0.0352 -0.8216 -0.5690
vn 0.4260 -0.1473 -0.8927
vn 0.9603 -0.2722 -0.0608
vn -0.1056 -0.5167 0.8497
vn -0.2522 -0.9597 -0.1237
vn -0.8064 -0.1428 -0.5739
vn 0.9974 0.0190 -0.0693
vn 0.9147 0.3437 -0.2127
vn -0.5020 -0.5885 0.6338
vn 0.9993 0.0172 -0.0333
vn 0.2529 -0.9197 0.3003
vn 0.1346 -0.7149 0.6861
vn 0.8158 -0.5591 -0.1479
vn 0.1557 0.5682 0.8081
vn 0.1530 0.5013 0.8516
vn -0.9163 -0.0857 -0.3911
vn -0.4799 -0.4445 0.7564
vn -0.9953 -0.0453 -0.0854
vn -0.5274 -0.2535 -0.8109
vn -0.5212 -0.1914 -0.8317
vn -0.3433 0.5862 -0.7338
vn -0.0873 0.5925 0.8008
vn -0.0350 -0.8113 -0.5836
vn 0.7981 -0.1737 -0.5770
vn 0.0889 0.1575 0.9835
vn -0.8664 0.0681 0.4947
vn 0.3040 -0.9054 -0.2965
vn 0.2751 0.2451 0.9296
vn 0.4450 0.8017 0.3990
vn 0.1612 -0.9505 -0.2657
vn 0.8066 -0.3835 -0.4497
vn 0.7522 0.6407 -0.1537
vn 0.8169 -0.5702 0.0869
vn 0.7814 -0.6154 0.1038
vn 0.9187 -0.2981 0.2590
vn -0.9355 -0.2266 0.2712
vn -0.0615 -0.5958 0.8008
vn 0.3878 0.2710 -0.8810
vn 0.4045 0.2090 -0.8903
vn -0.8074 0.2620 -0.5286
vn 0.5868 -0.5224 -0.6187
vn -0.1080 0.1635 0.9806
vn 0.1709 -0.5703 0.8035
vn -0.6164 0.1157 -0.7789
vn 0.3290 -0.7014 -0.6323
vn 0.2922 -0.7355 -0.6113
vn 0.8346 -0.5217 0.1766
vn -0.9983 -0.0144 -0.0571
vn -0.9774 0.0560 0.2036
vn 0.4139 -0.7594 0.5020
vn 0.5671 -0.7925 -0.2244
vn 0.7318 0.3096 -0.6072
vn -0.4369 -0.5238 0.7312
vn 0.6798 -0.6099 0.4072
vn 0.5658 -0.7915 0.2310
vn 0.1736 -0.6584 0.7324
vn -0.3283 0.5463 0.7706
vn -0.6091 0.2772 -0.7431
vn 0.2517 0.4199 0.8720
vn 0.9254 0.2518 -0.2833
vn -0.4130 -0.1929 0.8900
vn -0.5492 0.6260 0.5536
vn -0.1428 -0.9897 -0.0102
vn -0.0261 0.4455 -0.8949
vn 0.1478 -0.2359 -0.9605
vn 0.5915 -0.8057 -0.0309
vn -0.1360 -0.6435 -0.7533
vn 0.6192 -0.2961 -0.7273
vn -0.9774 0.1736 -0.1207
vn -0.0564 -0.4903 -0.8697
vn -0.0833 -0.6055 -0.7914
vn -0.0412 -0.9919 -0.1205
vn -0.0013 -0.9997 -0.0250
vn -0.9523 -0.2408 -0.1875
vn 0.1203 0.4474 -0.8862
vn 0.1594 0.4203 -0.8933
vn -0.7831 0.2816 -0.5545
vn 0.6007 -0.7885 -0.1323
vn 0.2714 0.3215 -0.9072
vn 0.1631 0.3622 -0.9177
vn -0.2156 0.2576 0.9419
vn -0.2193 0.2359 0.9467
vn 0.7734 0.1648 0.6121
vn -0.0455 -0.9430 0.3296
vn -0.4454 -0.8876 0.1178
vn 0.4763 -0.5027 0.7214
vn 0.7225 -0.6851 -0.0934
vn -0.1933 0.0394 -0.9803
vn -0.8180 0.1493 0.5554
vn 0.7494 -0.5486 0.3707
vn -0.8274 0.4804 -0.2909
vn 0.0626 -0.2876 0.9557
vn 0.6468 0.7309 -0.2178
vn -0.8374 -0.3474 -0.4221
vn -0.9104 -0.3578 -0.2076
vn -0.4857 -0.5990 0.6367
vn 0.1656 0.0587 -0.9844
vn -0.2663 0.5026 0.8225
vn 0.1953 -0.7991 -0.5687
vn -0.8023 -0.4715 0.3660
vn -0.9553 -0.2182 0.1996
vn -0.0848 -0.0427 -0.9955
vn -0.7375 -0.6439 -0.2035
vn -0.2303 0.2292 0.9457
vn 0.0071 -0.9851 -0.1720
vn 0.9680 -0.1369 0.2105
vn -0.7963 0.6050 0.0041
vn -0.7205 0.6898 -0.0714
vn 0.2888 0.9315 0.2209
vn -0.0140 -0.5520 0.8337
vn -0.0001 -0.9860 -0.1665
vn 0.6645 0.0702 -0.7440
vn -0.0612 0.9891 0.1336
vn -0.6664 0.1934 0.7201
vn -0.6425 0.1927 0.7417
vn -0.8243 -0.1015 -0.5569
vn 0.5791 -0.2831 0.7645
vn 0.5788 -0.2780 -0.7666
vn -0.9537 -0.2494 -0.1683
vn -0.9538 -0.2763 -0.1181
vn -0.9986 -0.0283 0.0456
vn 0.2795 -0.9093 -0.3081
vn -0.1524 -0.9870 0.0517
vn 0.8251 -0.3874 -0.4113
vn 0.8908 0.4543 0.0052
vn 0.2406 0.2168 0.9461
vn -0.9496 0.0760 -0.3040
vn -0.3623 0.1876 -0.9130
vn 0.9961 0.0823 -0.0316
vn 0.8813 0.0864 0.4645
vn 0.1640 -0.9639 -0.2099
vn 0.0298 -0.9981 0.0534
vn 0.5986 0.5636 0.5693
vn 0.3235 0.4859 0.8119
vn 0.4801 0.6065 0.6338
vn -0.6745 0.0084 -0.7382
vn 0.7728 -0.3622 0.5211
vn 0.9748 0.0263 -0.2216
vn 0.9572 0.0363 -0.2873
vn -0.7280 -0.4367 -0.5285
vn 0.0994 -0.8500 -0.5173
vn -0.2271 0.6804 0.6967
vn -0.1399 0.6752 0.7243
vn -0.3804 -0.6102 0.6949
vn 0.0067 -0.3778 0.9259
vn -0.9019 -0.1410 -0.4082
vn 0.6811 0.6297 0.3736
vn -0.9085 0.4081 -0.0901
vn 0.1207 -0.9597 -0.2537
vn 0.4819 0.8507 -0.2099
vn -0.6790 0.7140 -0.1710
vn 0.5645 0.7473 0.3505
vn 0.3259 0.9427 0.0715
vn 0.2999 0.9514 0.0700
vn 0.8906 -0.3131 -0.3298
vn -0.9370 -0.1733 -0.3033
vn 0.6119 -0.4237 0.6679
vn 0.5338 -0.6523 -0.5382
vn 0.6689 0.1307 0.7318
vn 0.3499 -0.8610 -0.3692
vn 0.3228 -0.8383 -0.4394
vn -0.2907 -0.9062 -0.3070
vn 0.9778 -0.1741 0.1166
vn -0.2971 -0.8982 -0.3240
vn 0.1831 -0.0873 0.9792
vn -0.3601 0.1338 0.9233
vn -0.0603 -0.3561 0.9325
vn -0.0664 -0.7241 -0.6865
vn -0.0151 0.9084 0.4178
vn 0.1773 -0.5339 0.8267
vn 0.1847 0.3687 0.9110
vn 0.2180 0.8697 0.4429
vn 0.0039 -0.6194 -0.7851
vn 0.1526 0.9575 -0.2448
vn 0.0567 -0.2840 0.9572
vn 0.2005 -0.6667 -0.7179
vn -0.5515 0.4295 0.7151
vn -0.6492 0.4617 0.6045
vn 0.2364 0.8788 -0.4145
vn 0.3712 -0.9041 -0.2118
vn 0.0017 -0.6851 0.7284
vn -0.5216 -0.2023 0.8289
vn 0.6106 -0.1884 -0.7692
vn 0.9754 -0.1637 -0.1473
vn 0.8517 0.1021 0.5139
vn -0.9812 0.1928 -0.0115
vn -0.3010 -0.5317 -0.7916
vn -0.9979 0.0471 -0.0445
vn -0.8945 0.2550 0.3672
vn -0.0220 0.9678 -0.2509
vn -0.6123 0.6982 -0.3708
vn -0.0780 -0.8519 0.5178
vn 0.6001 -0.2894 -0.7457
vn 0.5173 0.8223 -0.2371
vn 0.5151 0.8008 -0.3057
vn 0.9639 0.2648 0.0288
vn 0.0115 0.9674 -0.2530
vn 0.6436 0.2658 -0.7178
vn 0.7815 -0.5164 -0.3501
vn 0.6199 0.1643 -0.7673
vn 0.0740 -0.8945 0.4408
vn 0.2911 -0.9530 -0.0843
vn 0.3886 -0.9157 -0.1025
vn 0.1316 0.1003 -0.9862
vn 0.4934 -0.4721 -0.7306
vn 0.0899 0.1697 -0.9814
vn -0.1149 0.2592 -0.9590
vn -0.0681 -0.5729 0.8168
vn 0.7483 -0.3285 -0.5763
vn 0.0305 -0.7204 -0.6929
vn 0.1268 -0.3472 0.9292
vn 0.3956 -0.9175 -0.0397
vn 0.9978 0.0264 -0.0600
vn -0.9970 -0.0676 -0.0378
vn -0.6283 0.7773 -0.0324
vn 0.8560 -0.2394 0.4583
vn -0.9254 -0.3580 -0.1243
vn 0.0124 0.9320 -0.3623
vn 0.7569 -0.3171 0.5714
vn -0.9642 -0.2619 -0.0420
vn -0.5019 -0.8276 -0.2511
vn -0.0432 -0.8726 0.4865
vn -0.8189 0.5020 -0.2782
vn -0.7881 0.5004 -0.3586
vn 0.7199 -0.6052 0.3398
vn -0.8416 0.0991 0.5309
vn -0.7145 0.6649 0.2178
vn -0.7947 0.5311 0.2940
vn -0.4803 -0.8652 0.1439
vn 0.6203 -0.7841 0.0216
vn 0.6237 -0.7817 0.0069
vn 0.7582 0.6504 0.0464
vn 0.4668 0.4098 -0.7837
vn -0.7357 -0.3582 0.5749
vn -0.5058 0.8625 0.0130
vn -0.8870 0.1233 0.4450
vn 0.9914 0.0329 0.1270
vn -0.0564 -0.5746 0.8165
vn 0.4798 -0.8623 -0.1623
vn 0.5877 -0.5132 0.6254
vn -0.0055 -0.1250 -0.9921
vn 0.6717 -0.1225 0.7306
vn -0.0642 0.8065 0.5877
vn 0.7489 -0.3256 -0.5772
vn -0.7349 0.6289 -0.2539
vn -0.9901 0.0761 -0.1178
vn -0.0361 -0.0467 0.9983
vn -0.0299 -0.9985 -0.0459
vn -0.9674 0.2139 -0.1358
vn -0.2534 0.5943 0.7633
vn -0.1352 -0.6672 0.7325
vn 0.1250 0.9909 -0.0498
vn 0.9973 -0.0062 -0.0737
vn -0.0061 0.7082 0.7060
vn -0.7521 0.6146 0.2379
vn 0.4856 0.7564 -0.4382
vn 0.1642 0.8002 -0.5768
vn 0.2885 0.6906 -0.6632
vn -0.0048 -0.6311 -0.7757
vn -0.6353 -0.7713 0.0377
vn 0.4160 -0.5270 -0.7411
vn 0.5165 0.8546 0.0539
vn 0.5101 0.8570 0.0733
vn 0.0207 -0.9524 0.3040
vn 0.1426 0.9892 -0.0342
vn 0.2262 0.9713 -0.0729
vn 0.9143 -0.4022 0.0478
vn 0.7419 -0.6359 0.2126
vn -0.0421 0.9972 0.0613
vn -0.0112 0.9717 -0.2358
vn 0.5891 0.8081 0.0015
vn 0.1533 -0.9751 0.1603
vn -0.1503 -0.6558 0.7398
vn -0.6286 -0.3227 -0.7076
vn 0.8586 0.5124 0.0173
vn 0.4614 -0.3762 -0.8035
vn 0.9955 -0.0606 -0.0730
vn -0.5626 0.0132 0.8266
vn 0.0882 -0.9709 -0.2225
vn 0.3988 -0.6687 0.6276
vn -0.7388 -0.6053 -0.2962
vn 0.9212 -0.3882 -0.0243
vn 0.1839 -0.9808 0.0653
vn -0.6635 0.1988 0.7213
vn 0.6354 0.7693 0.0666
vn 0.2906 -0.3307 0.8979
vn -0.8602 -0.2340 -0.4532
vn 0.7511 -0.6230 0.2184
vn 0.0344 0.9985 0.0432
vn -0.2746 -0.8837 -0.3790
vn -0.1872 -0.9612 -0.2028
vn 0.6426 -0.0800 0.7620
vn 0.2339 -0.1440 -0.9615
vn 0.2233 0.8079 -0.5453
vn 0.2138 0.7734 -0.5968
vn -0.6233 -0.0587 0.7797
vn 0.3261 -0.9382 -0.1161
vn 0.2072 -0.9782 -0.0107
vn -0.8901 0.0574 -0.4521
vn 0.1174 0.9816 0.1507
vn 0.0964 0.0328 0.9948
vn -0.2193 0.9556 0.1970
vn 0.5862 -0.4404 0.6800
vn 0.0169 -0.9882 -0.1524
vn -0.0040 0.9731 -0.2305
vn -0.2829 -0.9079 -0.3093
vn -0.9563 0.2369 0.1716
vn 0.5540 0.1193 0.8239
vn 0.3115 0.0608 -0.9483
vn 0.3253 0.7480 -0.5786
vn 0.5335 -0.5632 -0.6310
vn -0.0064 -0.9866 -0.1631
vn 0.2648 0.1135 -0.9576
vn -0.6536 0.5069 -0.5620
vn 0.9951 -0.0577 -0.0808
vn -0.3463 -0.4790 0.8067
vn -0.7184 -0.6953 -0.0189
vn 0.7913 0.5590 0.2478
vn -0.0052 -0.9999 -0.0123
vn 0.2641 -0.9562 -0.1266
vn 0.6354 0.3969 0.6624
vn -0.4139 -0.9068 -0.0798
vn 0.0246 -0.6345 -0.7725
vn -0.0196 -0.9828 -0.1837
vn -0.8704 0.2681 -0.4130
vn 0.3800 -0.4331 -0.8173
vn 0.8934 0.0895 0.4402
vn -0.6348 0.7719 -0.0354
vn -0.0943 -0.6519 0.7524
vn -0.1324 -0.7539 0.6435
vn 0.4226 -0.7707 -0.4769
vn 0.1203 0.9902 0.0715
vn 0.3728 -0.5424 0.7529
vn 0.3431 -0.6452 -0.6827
vn -0.4520 0.6482 0.6128
vn 0.5665 -0.7587 -0.3216
vn -0.0085 -0.5999 -0.8000
vn -0.0042 0.2661 0.9639
vn -0.6791 0.7340 -0.0114
vn -0.1172 -0.5590 0.8209
vn 0.3896 0.4971 0.7753
vn 0.7482 -0.4678 -0.4705
vn -0.6114 0.6998 -0.3694
vn -0.0185 -0.9194 -0.3928
vn 0.3979 0.4248 -0.8131
vn 0.9897 -0.0802 -0.1188
vn 0.9756 -0.1696 -0.1394
vn -0.7110 -0.6874 -0.1482
vn 0.5900 -0.5474 0.5935
vn -0.7664 0.6407 -0.0463
vn -0.1688 -0.0395 0.9849
vn 0.4033 0.7356 -0.5443
vn 0.0827 0.1646 -0.9829
vn -0.0286 -0.6791 -0.7335
vn -0.5730 -0.6174 -0.5390
vn -0.5038 -0.8629 0.0391
vn -0.5040 -0.8636 0.0156
vn -0.4625 -0.3546 0.8126
vn -0.9009 -0.2641 0.3444
vn -0.8877 -0.4601 -0.0197
vn -0.9081 -0.4080 -0.0939
vn -0.5761 -0.4465 0.6847
vn -0.8979 0.1165 0.4245
vn 0.2128 0.3290 0.9200
vn 0.0077 -0.9998 -0.0156
vn 0.6225 -0.4646 0.6298
vn 0.8591 -0.4688 0.2053
vn 0.1627 0.5456 -0.8221
vn 0.0291 -0.1592 -0.9868
vn 0.9114 0.4115 -0.0024
vn -0.5264 0.5466 0.6513
vn 0.2239 -0.7262 -0.6500
vn -0.0516 0.2699 -0.9615
vn -0.4487 -0.8660 -0.2205
vn 0.0057 0.9671 -0.2543
vn 0.3402 0.2085 0.9169
vn 0.4313 0.8975 0.0922
vn 0.4450 -0.6160 -0.6500
vn 0.5874 -0.8093 -0.0022
vn 0.4129 -0.5717 -0.7090
vn 0.4594 -0.5215 -0.7190
vn 0.3733 0.6346 -0.6767
vn 0.7443 -0.2371 0.6243
vn 0.1726 0.9744 0.1441
vn 0.3720 0.2182 0.9022
vn 0.9590 0.2801 -0.0420
vn 0.9559 0.2938 -0.0013
vn -0.7960 -0.5902 -0.1344
vn -0.1380 0.9554 0.2610
vn -0.3302 0.9283 0.1712
vn -0.9711 -0.2240 -0.0828
vn 0.5137 -0.5805 0.6317
vn -0.3968 -0.8974 -0.1927
vn -0.5566 0.0655 0.8282
vn -0.9824 0.0953 0.1604
vn -0.2435 0.5984 0.7633
vn -0.0651 -0.7907 -0.6087
vn -0.8416 0.5396 -0.0241
vn -0.9816 0.1808 -0.0607
vn 0.6595 -0.7111 0.2436
vn 0.5335 -0.8113 0.2393
vn 0.9975 -0.0637 0.0294
vn 0.9713 -0.2378 -0.0081
vn -0.7432 -0.6204 -0.2506
vn -0.9398 -0.3415 -0.0132
vn 0.8499 -0.3037 -0.4306
vn 0.2763 -0.2106 -0.9377
vn 0.8871 0.0894 0.4528
vn 0.8300 -0.5573 0.0249
vn 0.4083 -0.5248 0.7469
vn -0.9024 0.1135 0.4156
vn -0.6373 0.7703 -0.0215
vn 0.9220 -0.3634 0.1334
vn -0.9989 -0.0170 -0.0446
vn 0.5833 -0.3728 0.7217
vn -0.0069 -0.6707 0.7417
vn 0.5170 -0.4274 -0.7416
vn 0.7067 -0.6790 -0.1988
vn 0.7065 -0.6800 -0.1962
vn -0.7215 0.2121 0.6591
vn -0.7592 0.3982 -0.5148
vn -0.6262 0.3716 -0.6854
vn -0.9950 0.0213 -0.0976
vn 0.0005 -0.8594 0.5113
vn -0.7513 0.6309 0.1939
vn -0.1744 -0.4672 0.8668
vn 0.1085 -0.9938 0.0254
vn 0.3912 -0.9098 -0.1388
vn -0.0683 -0.0606 0.9958
vn 0.5248 0.3544 0.7739
vn 0.3284 -0.6433 -0.6916
vn 0.4453 -0.8954 0.0045
vn 0.5321 0.1347 0.8359
vn 0.0049 0.0415 -0.9991
vn 0.0012 -0.6082 -0.7938
vn 0.9698 -0.2408 -0.0381
vn 0.4540 -0.7162 -0.5300
vn 0.6369 -0.6055 -0.4772
vn -0.5686 0.8226 0.0062
vn -0.0653 -0.8907 -0.4500
vn -0.0179 -0.9150 -0.4030
vn 0.5860 0.5555 -0.5900
vn 0.2305 0.2542 0.9393
vn 0.3709 0.2319 0.8992
vn 0.4637 -0.8794 -0.1080
vn 0.8554 0.0149 -0.5178
vn -0.9859 0.1352 -0.0991
vn -0.9963 -0.0511 0.0694
vn -0.8569 -0.2375 -0.4576
vn -0.8129 -0.2254 -0.5370
vn 0.1977 -0.2794 -0.9396
vn -0.2166 -0.9357 -0.2783
vn -0.0965 -0.5433 0.8340
vn 0.1850 0.2090 -0.9603
vn -0.9523 -0.2584 0.1621
vn 0.5790 -0.5675 0.5854
vn -0.3776 -0.8991 -0.2214
vn -0.2415 -0.3281 0.9133
vn -0.9583 0.0432 0.2825
vn 0.1032 -0.9912 0.0829
vn -0.5574 -0.0762 0.8267
vn -0.9964 0.0595 -0.0604
vn -0.0024 -0.6425 -0.7662
vn 0.7631 -0.4115 -0.4984
vn 0.1063 0.9541 -0.2801
vn -0.6419 0.0356 -0.7660
vn -0.9900 0.1076 -0.0915
vn 0.1306 0.7748 -0.6186
vn 0.1679 0.9365 -0.3080
vn 0.0135 -0.7619 -0.6476
vn 0.9153 -0.2874 0.2823
vn -0.8568 -0.5156 0.0002
vn 0.2575 -0.7273 -0.6361
vn 0.7698 -0.6376 0.0302
vn 0.0086 -0.6467 -0.7627
vn -0.6223 -0.7368 -0.2643
vn 0.2485 -0.8718 -0.4222
vn -0.4622 -0.4048 -0.7890
vn -0.7356 -0.3720 0.5661
vn -0.4910 0.8711 -0.0075
vn 0.3755 0.9205 0.1084
vn 0.0166 -0.0253 0.9995
vn 0.9928 0.0803 -0.0888
vn -0.3564 0.9170 -0.1792
vn 0.9927 0.0809 -0.0898
vn -0.2034 -0.9544 0.2186
vn -0.8037 0.1059 -0.5856
vn 0.3142 -0.8938 -0.3201
vn 0.3739 -0.4637 -0.8032
vn -0.7706 -0.5962 0.2251
vn -0.0761 -0.6729 0.7358
vn 0.7168 -0.3466 0.6050
vn -0.2057 0.5697 -0.7957
vn 0.5226 0.8525 -0.0093
vn -0.1304 -0.8606 -0.4923
vn -0.8300 0.0614 -0.5544
vn 0.8847 -0.4608 0.0700
vn 0.5977 0.2114 0.7733
vn 0.8603 -0.5044 0.0742
vn 0.4588 0.8863 0.0630
vn 0.4066 -0.5166 0.7535
vn 0.4229 -0.6191 -0.6617
vn 0.0033 -1.0000 0.0073
vn -0.0667 -0.6840 0.7265
vn 0.0003 -0.8498 -0.5272
vn 0.8129 0.2738 -0.5140
vn 0.4849 -0.7230 0.4920
vn 0.0065 -0.5839 -0.8118
vn 0.8658 -0.3353 -0.3714
vn 0.7987 0.0154 -0.6015
vn 0.2858 -0.9579 -0.0265
vn 0.0852 -0.8903 0.4473
vn -0.9339 -0.0433 -0.3550
vn -0.3865 -0.9214 0.0398
vn 0.1403 -0.9569 -0.2544
vn 0.5424 -0.3035 -0.7834
vn 0.8749 0.2864 -0.3906
vn -0.1494 -0.9854 0.0814
vn -0.1290 -0.7872 -0.6031
vn 0.6323 0.7738 0.0381
vn 0.6346 0.7704 0.0614
vn -0.9932 -0.0563 -0.1015
vn -0.9923 -0.0426 -0.1165
vn -0.1325 -0.7897 -0.5990
vn -0.9552 -0.1727 0.2402
vn 0.2144 -0.6957 0.6856
vn -0.1188 0.9860 0.1173
vn -0.6705 0.3829 0.6355
vn 0.7254 -0.6334 -0.2694
vn 0.6550 -0.6847 -0.3196
vn -0.4893 0.6510 0.5804
vn -0.7036 -0.6767 -0.2172
vn 0.6154 -0.2169 -0.7578
vn 0.6326 -0.1512 0.7596
vn 0.6891 -0.4539 0.5649
vn 0.7569 -0.4800 0.4434
vn 0.1900 0.2583 0.9472
vn -0.4127 -0.7334 -0.5402
vn 0.5821 -0.8131 -0.0053
vn -0.0878 0.2444 0.9657
vn -0.2510 -0.5358 0.8062
vn -0.6938 -0.5990 -0.3999
vn 0.5828 0.5538 -0.5947
vn 0.3017 -0.6825 -0.6658
vn -0.5556 0.6550 -0.5121
vn -0.5449 0.6422 -0.5392
vn 0.5459 -0.8351 -0.0676
vn -0.5091 -0.6333 0.5829
vn 0.5156 -0.7353 -0.4399
vn 0.3501 0.8790 -0.3237
vn -0.0073 0.4881 -0.8727
vn 0.7543 -0.3291 -0.5681
vn 0.1980 -0.9573 -0.2105
vn 0.7098 0.1580 -0.6864
vn 0.6594 0.6852 -0.3093
vn 0.8634 0.4695 -0.1848
vn -0.0144 -0.8969 0.4419
vn -0.9399 -0.3412 -0.0110
vn 0.7640 -0.5600 -0.3204
vn 0.6323 -0.1887 -0.7514
vn -0.4623 -0.5150 0.7218
vn 0.3037 -0.9464 -0.1100
vn -0.4721 0.3448 0.8113
vn -0.6554 -0.7552 -0.0137
vn 0.6248 -0.7788 -0.0561
vn 0.1350 0.0617 0.9889
vn 0.9985 0.0095 -0.0535
vn 0.6437 -0.7634 -0.0542
vn 0.7542 -0.6501 -0.0920
vn 0.2308 -0.9730 0.0081
vn 0.2213 -0.9742 0.0442
vn -0.2704 -0.9610 0.0579
vn 0.3828 -0.6049 -0.6983
vn 0.6058 -0.4432 0.6607
vn -0.1610 0.2096 -0.9644
vn -0.1504 -0.0654 0.9865
vn -0.9505 0.2901 -0.1113
vn 0.9849 -0.1322 -0.1118
vn 0.0110 -0.1911 0.9815
vn 0.0029 0.0411 -0.9992
vn 0.0031 0.0411 -0.9992
vn 0.9164 0.4002 -0.0076
vn -0.3631 -0.8391 -0.4051
vn -0.2980 -0.7972 -0.5250
vn -0.0063 -0.9999 -0.0133
vn 0.9896 -0.0024 -0.1440
vn -0.2397 0.8952 -0.3756
vn -0.0093 -0.6474 -0.7621
vn -0.8225 -0.5682 0.0241
vn 0.8083 0.5529 0.2023
vn 0.4065 -0.8738 -0.2670
vn -0.7063 0.7079 -0.0015
vn 0.9681 -0.2326 0.0937
vn -0.8626 0.5049 -0.0327
vn -0.3222 0.2536 0.9121
vn 0.1641 -0.9159 0.3663
vn 0.2026 -0.7753 0.5982
vn 0.6497 -0.1887 0.7364
vn 0.2441 0.8419 -0.4813
vn 0.6322 -0.7504 -0.1928
vn -0.5437 -0.4621 -0.7006
vn 0.7190 -0.4222 0.5520
vn -0.1724 -0.2947 -0.9399
vn 0.4559 -0.8886 0.0499
vn -0.0244 -0.2413 -0.9701
vn 0.0318 -0.4239 -0.9052
vn 0.8500 0.0855 0.5198
vn 0.5386 -0.5622 -0.6276
vn -0.0166 -0.5413 -0.8407
vn 0.1047 0.9891 0.1034
vn -0.0503 0.9888 0.1403
vn 0.6031 -0.4094 -0.6846
vn 0.6147 -0.4159 -0.6702
vn -0.9814 -0.1610 0.1047
vn -0.9970 -0.0554 -0.0547
vn 0.2820 0.8548 -0.4357
vn -0.9780 0.1800 -0.1051
vn -0.0656 0.0124 -0.9978
vn 0.8503 -0.2858 0.4419
vn 0.8342 -0.3077 0.4577
vn -0.6784 0.2420 -0.6937
vn -0.8484 0.5261 -0.0583
vn -0.0158 0.9544 -0.2981
vn -0.0348 -0.9872 -0.1558
vn 0.0865 0.7677 -0.6349
vn 0.0937 0.3248 0.9411
vn -0.1010 0.6093 -0.7865
vn 0.6380 -0.1223 0.7603
vn 0.2666 0.5773 0.7718
vn 0.9963 0.0814 -0.0262
vn -0.2229 0.9744 0.0280
vn -0.0961 -0.3909 0.9154
vn 0.0287 -0.3539 0.9348
vn 0.8781 -0.4717 0.0798
vn -0.0919 -0.5629 0.8214
vn -0.2374 -0.1399 -0.9613
vn -0.0727 -0.8075 -0.5854
vn -0.5647 0.7860 -0.2517
vn -0.3875 -0.2173 -0.8959
vn -0.9264 0.3742 -0.0414
vn -0.3128 0.9286 -0.1996
vn 0.3463 -0.6116 0.7113
vn -0.0327 0.9988 0.0373
vn 0.2722 -0.7401 -0.6149
vn -0.9004 -0.3901 -0.1927
vn -0.5125 0.6766 -0.5287
vn -0.5049 0.6712 -0.5427
vn 0.6666 -0.6813 0.3024
vn 0.1994 -0.9488 0.2451
vn 0.9327 -0.2717 0.2372
vn -0.7451 -0.5690 -0.3479
vn -0.0905 -0.1595 -0.9830
vn -0.0950 -0.2249 -0.9697
vn 0.6332 -0.3220 -0.7038
vn -0.7681 -0.0111 -0.6402
vn 0.3087 -0.9483 0.0741
vn 0.0050 -0.6574 -0.7535
vn -0.3253 0.6594 0.6778
vn -0.0707 -0.9564 0.2835
vn 0.7852 0.0203 -0.6189
vn 0.8652 -0.2016 -0.4591
vn -0.4561 -0.8872 -0.0701
vn 0.4414 -0.5370 0.7189
vn 0.9622 0.2281 -0.1487
vn -0.9770 0.0509 0.2072
vn -0.6725 0.1355 0.7276
vn 0.8843 0.2114 -0.4164
vn -0.0009 -0.9864 -0.1645
vn 0.5366 -0.5352 0.6524
vn -0.0043 -0.6024 -0.7982
vn -0.3556 -0.9345 0.0179
vn -0.0150 -0.6865 0.7270
vn -0.3734 0.2434 0.8952
vn 0.8807 -0.0438 0.4716
vn -0.9685 -0.2248 -0.1070
vn 0.3620 0.4474 -0.8178
vn 0.8943 0.1187 0.4315
vn -0.5723 -0.0948 0.8146
vn -0.1433 -0.9861 0.0845
vn -0.5154 -0.1460 0.8444
vn -0.4662 -0.8822 0.0662
vn 0.9541 -0.1637 -0.2509
vn 0.1102 -0.6573 0.7456
vn -0.6980 0.1884 0.6908
vn 0.5204 -0.8496 -0.0857
vn -0.4437 0.8950 0.0463
vn 0.8741 -0.1687 0.4555
vn 0.5796 -0.7119 -0.3965
vn -0.4705 0.6896 0.5505
vn 0.7916 0.6109 0.0153
vn -0.7013 0.7129 -0.0016
vn -0.1788 -0.1149 0.9772
vn -0.9717 -0.0593 -0.2285
vn 0.1306 -0.6468 0.7514
vn 0.0853 -0.6875 0.7212
vn -0.1436 -0.0467 0.9885
vn -0.1880 -0.9725 -0.1373
vn 0.8165 -0.4096 0.4070
vn -0.4298 -0.8597 -0.2761
vn 0.4709 -0.5178 -0.7142
vn 0.4935 -0.4407 0.7498
vn 0.7595 -0.3790 0.5287
vn -0.9909 0.0247 -0.1323
vn 0.9730 -0.1763 -0.1489
vn -0.9981 -0.0180 -0.0587
vn 0.4508 -0.6137 -0.6482
vn 0.7169 -0.5078 0.4777
vn 0.0593 -0.7566 -0.6512
vn 0.7557 -0.6335 -0.1661
vn -0.1871 0.9747 -0.1225
vn -0.2170 0.9741 -0.0631
vn 0.4124 0.0145 0.9109
vn 0.4466 -0.0246 0.8944
vn 0.3299 -0.8838 -0.3319
vn -0.1265 0.1382 0.9823
vn -0.3056 -0.8896 -0.3395
vn -0.0673 0.0875 -0.9939
vn 0.5122 -0.8451 0.1531
vn 0.4301 -0.8146 -0.3891
vn 0.4467 -0.8261 -0.3436
vn 0.7838 -0.5918 -0.1883
vn -0.8329 0.0187 -0.5530
vn 0.2167 -0.9761 0.0161
vn 0.8722 -0.4689 0.1390
vn 0.0030 0.9658 -0.2593
vn 0.7230 -0.6867 -0.0759
vn 0.0747 -0.7754 -0.6270
vn -0.2045 -0.9235 -0.3245
vn 0.7434 -0.1980 0.6389
vn 0.1944 0.9761 0.0972
vn -0.4402 0.1548 -0.8845
vn 0.7588 0.5472 -0.3532
vn -0.3707 -0.5765 0.7282
vn -0.7556 -0.5344 -0.3788
vn 0.6276 0.7227 -0.2894
vn -0.4174 -0.5215 -0.7442
vn 0.7044 0.6223 -0.3414
vn -0.7660 -0.6428 0.0086
vn -0.2849 -0.6805 -0.6751
vn 0.9478 -0.0547 -0.3141
vn -0.4122 0.7668 -0.4921
vn 0.8170 -0.0664 0.5728
vn -0.6053 -0.0361 0.7952
vn 0.3066 -0.7137 0.6298
vn 0.8866 -0.2328 -0.3997
vn -0.0139 -0.8769 0.4805
vn 0.4018 -0.7815 0.4773
vn -0.1408 0.9893 0.0373
vn -0.1431 0.9892 0.0326
vn -0.0557 -0.1168 -0.9916
vn 0.3420 -0.5276 0.7776
vn -0.0517 -0.2318 0.9714
vn -0.3095 -0.1995 0.9297
vn -0.3724 -0.1652 0.9133
vn 0.5429 0.2151 0.8118
vn 0.5527 0.2164 0.8048
vn 0.6187 0.2080 -0.7576
vn 0.6096 0.1420 -0.7799
vn -0.0783 0.7110 -0.6989
vn 0.9116 -0.3373 0.2352
vn 0.5227 0.8505 0.0578
vn -0.8994 -0.2533 0.3563
vn -0.7226 -0.2031 -0.6608
vn -0.6582 -0.6864 -0.3092
vn 0.0833 0.7649 -0.6387
vn 0.5469 -0.6626 -0.5117
vn -0.6141 -0.4249 -0.6651
vn 0.3613 0.6885 0.6288
vn 0.3581 0.9206 -0.1559
vn -0.8719 -0.1347 -0.4708
vn 0.8687 0.1315 -0.4776
vn 0.5966 0.0909 -0.7974
vn 0.7666 0.6414 0.0306
vn -0.5304 0.2223 0.8181
vn 0.9442 -0.1800 0.2758
vn -0.1826 0.2588 0.9485
vn 0.4908 -0.8627 0.1220
vn 0.1748 -0.9732 -0.1496
vn 0.1238 -0.9572 -0.2617
vn 0.5492 -0.3701 0.7493
vn 0.0697 -0.6358 0.7687
vn 0.6720 -0.4053 -0.6197
vn 0.2207 -0.2713 -0.9368
vn 0.1519 -0.3164 -0.9364
vn -0.4056 -0.9127 -0.0502
vn 0.0364 -0.9859 0.1631
vn 0.3377 -0.9202 -0.1978
vn 0.8969 0.3938 0.2010
vn 0.9944 0.0988 -0.0381
vn -0.1457 -0.8969 0.4175
vn 0.5365 0.5348 0.6528
vn 0.8164 -0.5083 -0.2741
vn 0.6943 -0.4625 0.5514
vn -0.2140 0.1555 -0.9644
vn 0.2849 -0.6037 0.7446
vn -0.5178 -0.5828 -0.6263
vn 0.2989 -0.9438 -0.1412
vn 0.9983 -0.0241 -0.0522
vn -0.4772 0.1412 -0.8674
vn 0.4666 0.5846 -0.6637
vn 0.8881 -0.4402 0.1322
vn 0.3981 0.8880 -0.2302
vn 0.0515 -0.9986 -0.0123
vn 0.1816 0.9716 0.1518
vn 0.0678 -0.9975 0.0195
vn 0.0187 -0.9979 0.0622
vn 0.9801 0.0329 0.1957
vn -0.0060 -0.9854 -0.1699
vn -0.4257 0.8460 -0.3210
vn 0.3167 -0.9394 -0.1311
vn 0.2355 -0.9210 0.3103
vn -0.7497 0.5850 -0.3094
vn -0.8249 -0.0820 0.5592
vn -0.8951 -0.0942 0.4357
vn 0.1771 0.6280 -0.7578
vn 0.2562 0.6014 -0.7568
vn -0.6885 -0.0849 0.7202
vn -0.0198 -0.6272 -0.7786
vn 0.7922 -0.2091 0.5734
vn -0.3911 -0.6011 0.6969
vn 0.9963 -0.0204 -0.0836
vn 0.7823 -0.3388 0.5227
vn 0.4404 0.1205 -0.8897
vn -0.7955 0.6050 -0.0344
vn 0.1568 -0.9846 -0.0780
vn -0.5169 0.2197 0.8274
vn 0.4724 -0.3083 0.8257
vn -0.8441 -0.3922 -0.3656
vn -0.8387 -0.4192 -0.3476
vn -0.6301 -0.4336 0.6442
vn -0.6307 -0.4330 0.6440
vn 0.8780 -0.3971 0.2671
vn 0.5500 -0.3461 -0.7600
vn 0.1312 -0.9663 -0.2214
vn 0.5684 0.6125 0.5493
vn 0.0420 -0.9837 0.1751
vn 0.3292 0.7150 -0.6168
vn -0.2615 0.6717 -0.6931
vn 0.8301 -0.5269 -0.1826
vn 0.3767 0.8156 -0.4392
vn 0.9157 -0.3879 0.1047
vn -0.0692 0.9569 -0.2821
vn -0.7384 -0.2052 -0.6424
vn -0.9399 0.0691 0.3345
vn -0.3140 -0.9480 0.0525
vn -0.0045 -0.6353 -0.7722
vn 0.7280 0.1977 -0.6565
vn -0.8827 -0.1335 -0.4506
vn 0.0967 -0.7663 -0.6351
vn -0.5117 -0.7229 -0.4643
vn 0.7021 -0.5872 0.4029
vn 0.3811 0.8820 -0.2774
vn -0.9016 0.4134 -0.1274
vn -0.9750 0.1897 -0.1155
vn 0.9959 -0.0620 -0.0664
vn 0.9981 -0.0062 -0.0606
vn 0.0692 0.9838 0.1656
vn 0.0495 0.0205 0.9986
vn 0.0589 0.0275 0.9979
vn -0.5529 0.7911 -0.2618
vn 0.5306 -0.4610 -0.7113
vn 0.2241 -0.6983 0.6798
vn 0.9975 -0.0452 0.0549
vn 0.6218 -0.2965 0.7249
vn -0.4394 -0.8978 0.0315
vn 0.4821 -0.3775 -0.7906
vn -0.3636 -0.9313 -0.0211
vn 0.3230 0.4972 -0.8052
vn -0.1743 0.9844 0.0231
vn 0.3584 -0.8429 -0.4012
vn 0.9437 -0.3293 -0.0314
vn 0.3847 0.5195 -0.7630
vn 0.4519 -0.0186 -0.8919
vn 0.4646 0.4303 -0.7739
vn 0.4161 0.5165 -0.7484
vn -0.2757 -0.5986 -0.7521
vn 0.8849 -0.1656 0.4354
vn 0.7090 -0.4776 0.5189
vn 0.7441 0.6667 0.0433
vn 0.7464 0.6633 0.0541
vn -0.4415 0.2380 0.8651
vn -0.4448 0.0503 -0.8942
vn -0.4501 -0.0707 -0.8902
vn -0.3681 0.9280 -0.0571
vn -0.6834 0.0739 -0.7263
vn -0.3081 0.2558 -0.9163
vn 0.4447 -0.7982 0.4062
vn 0.0342 -0.2358 -0.9712
vn 0.9242 0.0640 0.3765
vn 0.1684 0.8957 -0.4116
vn -0.5928 -0.2939 -0.7498
vn 0.9426 -0.3250 -0.0766
vn 0.5572 -0.3815 0.7376
vn 0.2123 -0.1099 -0.9710
vn -0.6066 -0.4015 0.6862
vn -0.0504 0.8648 -0.4996
vn -0.0206 0.9396 -0.3417
vn 0.0073 0.0012 1.0000
vn -0.0061 0.8631 -0.5049
vn -0.9835 0.1680 -0.0670
vn -0.0176 -0.9375 -0.3475
vn 0.3744 -0.5493 -0.7471
vn 0.1516 0.2177 -0.9642
vn -0.0021 0.0421 -0.9991
vn -0.5190 0.4330 -0.7370
vn 0.2598 -0.0563 -0.9640
vn 0.9936 0.1090 -0.0294
vn 0.2018 -0.6983 0.6868
vn -0.3053 0.3263 -0.8946
vn 0.4092 -0.6470 0.6434
vn 0.0857 -0.8706 -0.4846
vn -0.6082 0.7894 0.0841
vn 0.2720 -0.5834 0.7653
vn 0.5482 -0.3339 0.7668
vn 0.8500 -0.5082 -0.1390
vn -0.9038 0.2851 -0.3192
vn 0.5381 -0.4034 -0.7401
vn 0.5553 -0.4155 -0.7204
vn -0.7648 -0.6325 -0.1224
vn -0.1176 -0.6447 -0.7553
vn 0.1702 0.5765 0.7992
vn -0.5630 -0.6975 -0.4434
vn 0.0108 0.2169 -0.9761
vn -0.6702 -0.5773 -0.4664
vn -0.8847 0.2064 -0.4179
vn -0.2852 -0.8272 0.4841
vn 0.7763 -0.6303 -0.0000
vn -0.2446 -0.6566 0.7134
vn -0.8658 0.4928 -0.0865
vn -0.9082 -0.3876 -0.1581
vn -0.6410 -0.7666 -0.0386
vn -0.8560 0.0421 0.5153
vn 0.1564 -0.9243 0.3481
vn 0.6822 -0.4100 -0.6054
vn 0.4745 0.8699 -0.1343
vn -0.7879 0.1604 0.5946
vn 0.7908 -0.5849 -0.1802
vn 0.2378 -0.7934 -0.5604
vn -0.3082 0.9504 0.0418
vn 0.8009 -0.3279 0.5011
vn 0.0212 -0.9730 -0.2298
vn 0.2894 0.6172 -0.7317
vn 0.3194 0.6134 -0.7223
vn 0.5578 -0.7344 -0.3866
vn 0.4846 -0.7654 -0.4234
vn 0.8756 -0.4615 -0.1423
vn 0.4209 -0.6811 -0.5991
vn 0.0916 0.2087 0.9737
vn -0.0573 -0.9237 -0.3787
vn 0.0602 -0.9264 -0.3717
vn -0.5962 0.4480 -0.6662
vn 0.0012 -0.9865 -0.1637
vn 0.1127 -0.5718 0.8126
vn 0.8419 0.0968 0.5308
vn -0.9979 -0.0270 -0.0596
vn 0.5070 -0.4572 0.7307
vn -0.0363 0.9191 -0.3922
vn 0.0802 0.2417 0.9670
vn -0.9978 -0.0003 -0.0670
vn -0.0002 -0.9928 -0.1197
vn 0.9045 0.1200 -0.4092
vn 0.7105 0.5864 -0.3890
vn -0.9165 -0.3999 -0.0110
vn -0.0741 -0.5767 0.8136
vn 0.0260 0.9904 0.1359
vn 0.6407 -0.7676 0.0169
vn -0.7784 0.6048 -0.1684
vn 0.5875 0.3561 -0.7267
vn 0.3427 -0.9118 0.2264
vn 0.1192 -0.3044 -0.9450
vn -0.1902 -0.8970 -0.3989
vn -0.2639 -0.8704 -0.4157
vn 0.0310 -0.7642 0.6443
vn -0.0274 -0.0206 -0.9994
vn 0.5802 -0.7473 -0.3240
vn 0.1656 0.0654 0.9840
vn 0.9006 -0.1854 0.3930
vn 0.9316 -0.2162 -0.2923
vn -0.4426 0.8792 -0.1761
vn -0.5425 0.8045 -0.2417
vn 0.4119 0.2237 0.8833
vn -0.9925 0.0676 -0.1018
vn -0.4421 -0.5552 -0.7045
vn -0.4355 -0.8468 -0.3055
vn -0.6301 0.7181 -0.2954
vn 0.1223 -0.0744 -0.9897
vn 0.1943 -0.0281 -0.9805
vn -0.1648 0.6147 -0.7714
vn 0.5191 -0.8544 0.0221
vn -0.5858 -0.4869 0.6479
vn 0.1284 0.0913 -0.9875
vn 0.5432 -0.4481 -0.7100
vn 0.4090 -0.4101 0.8152
vn -0.0798 -0.9750 -0.2075
vn 0.1169 -0.7556 -0.6445
vn -0.0043 -0.9875 -0.1574
vn 0.9297 0.3370 -0.1484
vn 0.2426 0.5206 -0.8186
vn 0.8829 -0.3939 -0.2557
vn -0.7357 0.1616 -0.6578
vn -0.7210 0.2297 -0.6537
vn 0.0375 0.9636 -0.2648
vn -0.1992 0.9788 0.0477
vn 0.0331 0.9630 -0.2675
vn 0.8385 -0.4826 -0.2530
vn 0.4975 -0.4298 -0.7535
vn -0.9119 -0.0431 -0.4082
vn -0.9078 -0.0907 -0.4094
vn 0.4631 -0.5384 -0.7041
vn 0.4809 -0.4634 0.7444
vn 0.0136 -0.8515 -0.5241
vn -0.9872 0.0943 -0.1287
vn -0.7410 -0.4129 0.5295
vn -0.7323 -0.4136 0.5410
vn 0.0109 -0.9854 -0.1701
vn 0.9389 -0.1941 0.2842
vn 0.0688 0.2716 -0.9599
vn -0.3227 -0.2457 -0.9141
vn 0.8206 0.5511 -0.1512
vn 0.8366 0.5472 0.0267
vn 0.9123 0.1114 -0.3940
vn 0.7335 0.6440 -0.2172
vn 0.0466 -0.9739 0.2220
vn -0.1593 -0.8950 -0.4166
vn 0.4927 -0.8322 -0.2543
vn -0.9069 0.1259 -0.4020
vn 0.7774 -0.6230 -0.0863
vn 0.7611 -0.6410 -0.0992
vn 0.1917 -0.6857 -0.7022
vn 0.1211 -0.7059 -0.6978
vn 0.6864 -0.7265 0.0309
vn -0.8439 -0.5010 -0.1918
vn 0.5153 -0.8530 0.0831
vn -0.1752 -0.9805 0.0890
vn 0.9057 -0.0256 -0.4232
vn -0.4080 0.9109 0.0619
vn -0.8262 -0.5070 -0.2454
vn -0.8477 -0.4556 -0.2717
vn 0.7634 0.2641 0.5894
vn -0.5172 -0.8267 -0.2216
vn -0.3018 0.9292 -0.2132
vn -0.6806 0.1484 -0.7175
vn -0.9046 -0.4051 -0.1324
vn 0.8075 0.3889 0.4436
vn -0.7720 -0.5680 -0.2852
vn 0.8361 0.4686 0.2851
vn -0.3841 -0.8989 -0.2109
vn -0.5287 -0.0698 -0.8459
vn 0.0866 -0.6607 0.7456
vn 0.5688 -0.3175 -0.7588
vn -0.5192 -0.8546 0.0065
vn 0.1977 -0.4455 -0.8732
vn -0.4905 0.7679 -0.4120
vn -0.8940 -0.2519 -0.3706
vn 0.8840 0.4009 -0.2405
vn 0.1839 0.1480 0.9717
vn -0.0049 0.0384 -0.9993
vn 0.3072 0.8782 -0.3665
vn 0.8049 0.5267 -0.2736
vn -0.0554 0.1382 0.9889
vn -0.2570 0.8665 0.4279
vn 0.8336 -0.3647 -0.4149
vn 0.5869 0.6911 -0.4218
vn 0.1267 -0.9918 0.0177
vn -0.9912 -0.0033 0.1325
vn -0.1313 0.9043 -0.4061
vn -0.1785 -0.5430 -0.8205
vn 0.5364 0.0821 -0.8400
vn -0.7395 0.5881 0.3275
vn 0.3095 0.9461 0.0950
vn 0.3064 0.9461 0.1048
vn -0.8125 -0.3679 -0.4522
vn -0.8054 -0.3719 -0.4616
vn -0.8154 0.1893 -0.5471
vn -0.4490 -0.7199 -0.5292
vn -0.1019 0.7012 -0.7056
vn -0.2907 -0.7466 -0.5984
vn 0.8980 -0.1998 -0.3919
vn 0.9078 -0.2486 -0.3379
vn 0.9405 -0.2031 0.2723
vn 0.7862 -0.4022 0.4692
vn 0.2617 0.8130 -0.5201
vn -0.7062 0.7063 -0.0494
vn -0.7165 -0.6689 -0.1982
vn 0.5335 -0.5388 -0.6520
vn -0.6983 0.5382 -0.4719
vn 0.6149 -0.3682 -0.6973
vn -0.3483 -0.7591 -0.5499
vn 0.1617 -0.8335 -0.5283
vn 0.9881 -0.0950 0.1211
vn -0.4551 -0.5526 -0.6982
vn -0.6264 -0.5149 -0.5852
vn -0.2798 0.6771 -0.6806
vn -0.9243 0.3565 -0.1364
vn -0.3244 0.3723 0.8695
vn -0.5062 -0.5301 -0.6803
vn 0.7928 -0.3618 -0.4905
vn 0.1973 -0.7141 -0.6717
vn 0.1692 -0.7173 -0.6759
vn 0.7806 -0.6079 -0.1456
vn 0.3679 -0.6488 -0.6661
vn 0.4943 -0.4039 -0.7697
vn 0.5141 -0.6528 -0.5564
vn 0.0497 0.2508 0.9667
vn 0.6905 -0.0168 -0.7231
vn 0.0015 -0.9846 -0.1748
vn -0.0323 0.9940 -0.1041
vn 0.7048 -0.2139 -0.6764
vn -0.2494 -0.7154 -0.6527
vn 0.1920 0.2589 0.9466
vn -0.6697 0.5810 0.4624
vn -0.3323 -0.5568 0.7613
vn 0.7464 0.3173 -0.5850
vn 0.8408 0.0004 -0.5413
vn 0.0084 0.0446 -0.9990
vn 0.2180 0.9736 0.0676
vn 0.4734 0.7937 0.3820
vn 0.5346 0.7699 0.3484
vn 0.9103 -0.1385 -0.3900
vn 0.1827 0.0542 0.9817
vn -0.0188 -0.6193 -0.7849
vn 0.9968 0.0230 -0.0771
vn 0.2933 0.5192 0.8027
vn -0.9508 0.0260 -0.3088
vn -0.4224 -0.4499 -0.7869
vn -0.4588 -0.3957 -0.7956
vn -0.5520 0.8334 -0.0287
vn -0.4790 0.2584 -0.8389
vn -0.9702 -0.1545 0.1866
vn 0.2778 -0.8078 0.5198
vn 0.0396 -0.0277 0.9988
vn 0.1816 -0.9686 -0.1696
vn -0.9036 0.3989 0.1564
vn 0.0414 -0.0190 0.9990
vn -0.3650 -0.6056 0.7071
vn 0.8611 -0.3864 0.3303
vn 0.7993 -0.2806 0.5314
vn -0.9366 0.2227 0.2704
vn -0.9561 0.2902 0.0393
vn 0.5736 -0.3189 0.7545
vn 0.6565 0.7525 0.0518
vn 0.5683 0.6472 -0.5082
vn 0.1821 -0.5178 0.8359
vn -0.1741 -0.8171 -0.5495
vn -0.0227 0.4313 -0.9019
vn 0.4221 -0.7495 -0.5100
vn -0.0347 0.5466 0.8367
vn 0.3744 -0.5356 0.7570
vn 0.9360 0.0630 0.3464
vn 0.0379 0.9960 0.0805
vn -0.1901 0.7422 -0.6426
vn 0.9333 0.3566 0.0423
vn 0.5809 -0.4872 -0.6521
vn -0.7626 -0.2949 -0.5758
vn -0.7644 -0.2843 -0.5787
vn 0.4365 -0.6237 -0.6484
vn 0.2826 -0.9576 0.0553
vn -0.4451 0.7102 0.5454
vn 0.1339 0.5539 -0.8218
vn 0.7130 0.5375 0.4503
vn 0.7575 -0.2092 0.6184
vn 0.1338 -0.7789 0.6127
vn -0.9968 -0.0517 0.0610
vn -0.3793 -0.0864 -0.9212
vn 0.3194 0.9409 0.1130
vn -0.0917 0.7424 0.6636
vn 0.6875 -0.7027 -0.1832
vn -0.2000 0.2597 0.9448
vn -0.3617 -0.6579 -0.6605
vn -0.7505 0.1916 -0.6325
vn -0.8874 -0.2431 0.3918
vn 0.9800 -0.1956 -0.0355
vn -0.9985 0.0446 0.0310
vn -0.1783 -0.4403 -0.8800
vn -0.2386 -0.3785 -0.8943
vn -0.8799 -0.1741 0.4421
vn -0.9163 -0.1323 0.3781
vn -0.1417 0.9457 0.2925
vn 0.2890 0.1730 -0.9416
vn 0.9981 0.0057 -0.0611
vn 0.0405 0.7390 -0.6725
vn 0.2043 -0.9628 -0.1769
vn -0.9118 -0.1716 -0.3730
vn 0.0080 -0.3373 -0.9414
vn -0.3485 -0.8119 -0.4684
vn -0.8777 0.4651 0.1156
vn -0.7579 -0.0089 -0.6523
vn -0.7382 0.0433 -0.6732
vn -0.5769 -0.5855 -0.5695
vn -0.2431 0.6970 -0.6746
vn 0.1933 -0.7998 -0.5683
vn 0.3191 0.8421 0.4349
vn 0.1867 -0.4271 -0.8847
vn 0.0672 -0.4082 -0.9104
vn -0.3473 0.8526 0.3906
vn -0.3019 0.8188 0.4883
vn -0.9979 -0.0186 -0.0623
vn -0.7739 -0.2896 -0.5631
vn 0.0188 0.1385 -0.9902
vn 0.4239 -0.8080 -0.4092
vn -0.1596 0.3749 0.9132
vn -0.0187 -0.9867 -0.1616
vn 0.2996 -0.9471 -0.1148
vn 0.3770 0.6463 -0.6634
vn 0.2267 0.7047 -0.6723
vn 0.4076 0.8199 -0.4021
vn 0.3263 -0.9323 -0.1561
vn -0.8274 0.1530 -0.5403
vn -0.8827 0.1990 -0.4258
vn 0.3831 0.1844 -0.9051
vn -0.3188 0.9031 -0.2877
vn 0.7656 -0.6433 -0.0104
vn 0.6111 -0.7335 -0.2976
vn -0.0941 0.7377 -0.6685
vn -0.3283 0.9410 -0.0825
vn -0.1678 -0.2726 -0.9474
vn 0.3281 -0.9446 -0.0107
vn 0.9670 0.1692 -0.1904
vn 0.7675 0.4463 0.4601
vn 0.2255 -0.7765 -0.5884
vn 0.1714 0.9186 0.3560
vn 0.4999 -0.6823 -0.5334
vn 0.6041 -0.3259 -0.7273
vn 0.9338 -0.2595 0.2465
vn -0.3465 0.0523 -0.9366
vn -0.0029 -0.9348 0.3552
vn -0.9994 0.0099 0.0324
vn -0.3640 -0.0774 -0.9282
vn 0.1149 0.8439 -0.5240
vn 0.0678 -0.0437 -0.9967
vn 0.0026 0.7534 -0.6576
vn -0.8540 0.5153 -0.0724
vn -1.0000 -0.0030 -0.0073
vn 0.6147 0.4825 -0.6240
vn 0.6966 -0.2578 -0.6695
vn 0.3371 -0.2138 -0.9169
vn 0.6451 0.7501 0.1458
vn -0.8769 0.4750 -0.0736
vn -0.7311 -0.3577 -0.5810
vn 0.9383 0.0890 0.3341
vn 0.0240 -0.6537 0.7564
vn 0.1914 -0.2981 -0.9351
vn -0.1026 -0.9556 -0.2762
vn -0.8757 0.4711 0.1065
vn -0.0646 -0.2573 -0.9642
vn 0.1662 0.2231 -0.9605
vn 0.0091 0.6660 -0.7459
vn 0.1914 -0.2973 -0.9354
vn 0.7118 0.1897 -0.6763
vn 0.9609 0.0315 0.2750
vn -0.9973 -0.0514 -0.0521
vn -0.1723 0.8287 -0.5326
vn 0.6029 0.2164 0.7679
vn 0.6664 0.3907 -0.6350
vn -0.2858 0.2951 -0.9117
vn 0.7972 0.4827 -0.3626
vn -0.3426 0.1933 -0.9194
vn 0.4077 -0.1314 0.9036
vn 0.3641 -0.7972 0.4815
vn 0.5033 -0.5430 -0.6722
vn 0.0105 -0.9998 -0.0156
vn 0.7571 -0.6461 -0.0963
vn -0.6776 -0.6530 -0.3383
vn 0.2186 -0.9191 -0.3280
vn 0.1793 0.9572 0.2274
vn 0.9404 0.0538 0.3357
vn -0.6489 -0.3184 -0.6910
vn 0.4275 -0.9034 0.0340
vn 0.0009 0.9303 -0.3667
vn -0.0181 -0.7060 0.7080
vn 0.3716 0.2476 0.8948
vn -0.9986 -0.0230 -0.0486
vn 0.6383 -0.1412 -0.7567
vn 0.0217 0.1235 -0.9921
vn 0.0107 0.0585 -0.9982
vn 0.5591 -0.3698 -0.7421
vn -0.0035 0.3964 -0.9181
vn 0.0495 0.0146 -0.9987
vn -0.9535 0.1628 -0.2536
vn 0.3844 -0.1556 -0.9100
vn -0.5456 -0.6654 -0.5094
vn -0.9828 -0.1578 -0.0961
vn -0.2050 0.7515 -0.6270
vn -0.2372 0.9078 -0.3459
vn -0.6842 0.5283 -0.5027
vn -0.7159 0.5329 -0.4512
vn -0.0089 -0.6587 0.7524
vn -0.0392 -0.7335 0.6786
vn -0.1946 -0.9645 0.1785
vn 0.3865 0.0856 -0.9183
vn -0.1152 -0.5084 0.8534
vn -0.9963 0.0737 -0.0443
vn 0.5361 -0.5501 0.6403
vn -0.9757 -0.1628 -0.1467
vn -0.9795 -0.0926 -0.1789
vn 0.7154 -0.3569 0.6007
vn -0.2433 -0.1837 -0.9524
vn -0.9496 -0.1912 0.2485
vn -0.8734 -0.4864 -0.0225
vn 0.5541 -0.6866 0.4706
vn 0.7173 0.3236 -0.6171
vn 0.7970 -0.5904 -0.1269
vn 0.1451 -0.9872 0.0658
vn 0.8711 -0.2495 -0.4230
vn 0.8482 -0.2178 -0.4827
vn 0.6915 0.5716 0.4416
vn 0.4958 -0.8230 0.2774
vn 0.7306 -0.2127 0.6489
vn 0.1476 -0.9887 0.0274
vn 0.0505 0.2106 0.9763
vn -0.1619 0.4099 -0.8976
vn -0.5529 -0.1388 0.8216
vn 0.1764 0.1135 0.9778
vn 0.2376 0.2445 -0.9401
vn -0.1154 -0.0541 0.9918
vn 0.3079 -0.9514 -0.0085
vn 0.2885 -0.9567 -0.0387
vn -0.6537 0.1048 0.7495
vn 0.5394 -0.7870 -0.2996
vn -0.0448 -0.9111 -0.4098
vn 0.2794 -0.3893 -0.8777
vn 0.3019 -0.5705 -0.7638
vn 0.8334 0.1439 0.5335
vn -0.2690 0.8959 -0.3536
vn 0.3373 -0.9346 -0.1132
vn -0.1503 0.3802 -0.9126
vn 0.9963 0.0681 -0.0520
vn -0.7443 0.3413 0.5740
vn -0.7697 0.3762 0.5158
vn 0.0961 0.9048 0.4149
vn -0.0739 -0.9787 -0.1913
vn -0.4155 0.9096 -0.0032
vn -0.2181 0.2886 -0.9323
vn 0.8803 -0.4745 -0.0055
vn 0.8599 -0.5104 0.0097
vn 0.2931 -0.9512 -0.0967
vn -0.8629 0.3163 -0.3942
vn 0.5496 0.4241 -0.7198
vn -0.8371 0.5426 -0.0701
vn 0.9821 0.0523 0.1811
vn -0.2735 0.0899 -0.9576
vn 0.6523 -0.1345 -0.7459
vn 0.1604 0.2467 -0.9557
vn -0.5830 -0.7825 -0.2188
vn 0.6790 -0.0633 0.7314
vn -0.2173 -0.5931 0.7752
vn 0.3926 -0.9117 -0.1213
vn -0.3613 0.5395 -0.7605
vn 0.6590 -0.7416 -0.1252
vn -0.0258 0.5933 -0.8046
vn 0.9921 -0.1055 0.0672
vn -0.3189 -0.9434 -0.0915
vn -0.4402 -0.4641 -0.7687
vn -0.6867 -0.7253 0.0490
vn 0.7132 0.6915 -0.1146
vn 0.6332 -0.5567 -0.5377
vn 0.6086 0.7096 -0.3551
vn 0.6461 0.6385 -0.4182
vn -0.0133 0.9678 -0.2516
vn -0.4680 0.1182 0.8758
vn -0.8934 -0.4083 0.1875
vn -0.5647 0.5095 -0.6493
vn -0.8896 0.4531 -0.0569
vn -0.8722 0.4866 -0.0492
vn 0.1240 -0.1490 -0.9810
vn 0.3392 -0.5936 -0.7298
vn 0.7946 0.3180 0.5172
vn -0.4100 0.5121 -0.7547
vn -0.4524 0.5195 -0.7249
vn -0.8451 -0.5341 -0.0243
vn 0.9159 0.4012 -0.0126
vn -0.0057 0.5829 0.8125
vn -0.2172 -0.9701 -0.1083
vn 0.6212 -0.2962 -0.7256
vn 0.8059 -0.5670 -0.1703
vn 0.9204 -0.3904 -0.0187
vn 0.0715 -0.8373 -0.5420
vn -0.0328 0.8113 0.5838
vn 0.5956 -0.6794 -0.4285
vn -0.4547 -0.8829 -0.1170
vn 0.4915 -0.4709 -0.7326
vn 0.1668 0.2344 -0.9577
vn -0.8366 0.3417 -0.4281
vn -0.8473 0.3409 -0.4073
vn -0.7193 0.6842 -0.1204
vn -0.2982 0.8378 -0.4574
vn 0.5147 -0.8442 0.1498
vn 0.7752 0.4490 -0.4444
vn -0.6489 -0.6129 -0.4507
vn 0.5891 0.7892 -0.1734
vn 0.5813 0.8025 -0.1344
vn 0.1904 -0.8849 -0.4250
vn 0.3044 -0.9490 -0.0815
vn 0.2445 0.9619 -0.1225
vn -0.8266 0.5557 -0.0890
vn 0.9488 0.2952 -0.1127
vn 0.2162 0.6263 -0.7490
vn -0.9460 0.2672 -0.1838
vn -0.8004 0.5801 -0.1509
vn -0.6063 0.7906 -0.0863
vn 0.7172 -0.6811 -0.1472
vn 0.4644 0.8772 -0.1221
vn -0.6010 0.7856 -0.1471
vn 0.9360 -0.3159 -0.1553
vn 0.9392 -0.3104 -0.1466
vn 0.3579 -0.9313 -0.0684
vn 0.3362 -0.9351 -0.1119
vn 0.5221 0.8073 -0.2751
vn 0.4827 0.7193 -0.4996
vn -0.0696 0.9900 -0.1223
vn -0.4369 0.1120 0.8925
vn 0.6292 -0.7738 -0.0724
vn 0.4587 0.8878 -0.0387
vn -0.5452 0.3033 0.7815
vn -0.0040 0.9664 -0.2570
vn 0.0569 -0.3793 -0.9235
vn -0.5530 -0.4699 -0.6880
vn -0.4726 -0.0783 -0.8778
vn 0.0810 0.9724 -0.2187
vn 0.9391 0.0912 0.3313
vn 0.7851 -0.5315 -0.3180
vn 0.6754 -0.5584 -0.4818
vn 0.6053 0.7945 -0.0498
vn 0.3295 -0.0543 -0.9426
vn 0.3101 0.1878 -0.9320
vn 0.1679 -0.9840 -0.0591
vn 0.7354 -0.6753 -0.0564
vn 0.0580 0.2343 0.9704
vn 0.9976 0.0461 -0.0517
vn 0.1823 0.7167 -0.6732
vn -0.6567 -0.2665 -0.7055
vn 0.8776 0.4576 -0.1428
vn 0.8935 0.4369 -0.1034
vn 0.0162 0.9989 -0.0441
vn 0.4426 -0.8402 0.3133
vn -0.9552 0.2015 -0.2167
vn -0.9304 -0.3185 0.1817
vn 0.4408 -0.8875 -0.1343
vn -0.2250 0.9454 -0.2360
vn 0.3655 0.8897 -0.2736
vn 0.3436 0.9132 -0.2191
vn 0.8941 0.4449 -0.0511
vn 0.2021 0.9546 -0.2187
vn 0.8698 -0.1763 0.4608
vn 0.9566 -0.0967 -0.2747
vn -0.9717 -0.0790 -0.2225
vn -0.9167 -0.3239 -0.2341
vn -0.0056 -0.9717 -0.2361
vn 0.6606 0.7209 -0.2095
vn 0.9828 0.0834 -0.1646
vn -0.9783 0.0315 -0.2049
vn -0.8877 0.4252 -0.1766
vn -0.2518 -0.9397 -0.2313
vn 0.8740 0.4322 -0.2223
vn 0.0713 0.9807 -0.1820
vn 0.1493 0.1777 -0.9727
vn -0.3169 -0.9481 -0.0239
vn 0.9135 -0.4001 -0.0740
vn -0.9725 0.2279 -0.0482
vn -0.9958 -0.0486 -0.0776
vn -0.9308 0.3589 -0.0687
vn 0.2289 -0.6296 0.7424
vn -0.5886 -0.2802 -0.7583
vn -0.9415 0.1933 -0.2759
vn -0.1352 -0.6882 0.7129
vn -0.6988 -0.7057 -0.1166
vn 0.5611 -0.7212 0.4062
vn 0.8019 -0.5929 -0.0733
vn -0.9846 -0.1666 -0.0529
vn -0.9116 -0.3564 -0.2048
vn 0.0856 -0.6845 0.7240
vn -0.7964 0.4394 -0.4155
vn -0.0154 0.0408 -0.9990
vn 0.3727 -0.5296 0.7620
vn -0.2371 -0.9714 0.0140
vn -0.1622 -0.9833 -0.0825
vn -0.1625 -0.9849 -0.0597
vn -0.9196 -0.3607 -0.1554
vn -0.0906 -0.6288 0.7723
vn -0.3207 -0.2570 0.9117
vn -0.9891 -0.1376 -0.0521
vn 0.2650 -0.6579 -0.7050
vn -0.4685 0.3979 -0.7888
vn 0.9386 0.0250 0.3442
vn -0.5779 0.0123 0.8160
vn 0.4316 0.8973 0.0921
vn -0.1238 -0.9525 -0.2782
vn -0.1180 -0.9624 -0.2447
vn 0.2140 0.9541 -0.2094
vn -0.4061 -0.4920 0.7701
vn -0.4098 -0.4817 0.7746
vn -0.6852 -0.5658 -0.4587
vn -0.2745 -0.9417 -0.1947
vn -0.0638 0.9646 -0.2560
vn -0.0885 0.9689 -0.2312
vn -0.6820 0.6884 -0.2468
vn -0.1660 0.9821 0.0889
vn 0.9626 0.1144 -0.2455
vn 0.3082 -0.9215 -0.2364
vn -0.5579 -0.8233 -0.1042
vn -0.8626 0.4385 -0.2523
vn 0.2583 -0.9571 0.1314
vn -0.3160 -0.5451 -0.7765
vn 0.1309 -0.9680 -0.2140
vn -0.9451 0.2570 -0.2019
vn -0.1864 0.9595 -0.2110
vn -0.9889 0.0778 -0.1269
vn -0.7623 -0.6101 -0.2163
vn -0.4678 0.8414 -0.2706
vn 0.9439 0.1919 -0.2686
vn 0.9498 -0.1699 -0.2628
vn -0.2137 -0.6775 0.7038
vn -0.5524 -0.7924 -0.2587
vn 0.1464 0.7211 0.6771
vn -0.1381 -0.9904 -0.0010
vn -0.0932 -0.7129 -0.6951
vn 0.0580 -0.6532 -0.7550
vn -0.0129 0.9840 0.1776
vn 0.1050 -0.2241 0.9689
vn -0.7565 0.1736 0.6305
vn -0.0093 0.9960 0.0886
vn -0.1579 -0.8629 -0.4800
vn 0.9890 0.1293 -0.0716
vn 0.9240 0.3031 -0.2331
vn -0.9237 0.3773 -0.0661
vn -0.6058 0.0234 -0.7953
vn -0.2874 0.8460 -0.4490
vn -0.9943 0.0262 0.1037
vn 0.9828 0.0336 -0.1817
vn 0.0384 0.9960 0.0807
vn -0.0844 0.9951 0.0516
vn 0.6264 -0.7427 -0.2367
vn 0.0527 0.6619 -0.7477
vn -0.8351 0.3412 0.4316
vn 0.2878 -0.9472 -0.1417
vn -0.6849 -0.5078 0.5226
vn 0.0793 0.9955 0.0518
vn -0.9556 -0.1915 0.2239
vn 0.4127 -0.5920 0.6923
vn 0.5380 -0.8048 -0.2507
vn -0.1427 0.7196 -0.6795
vn -0.2213 -0.6549 -0.7226
vn -0.3188 -0.9476 -0.0179
vn -0.3038 -0.4788 0.8237
vn 0.0821 -0.9966 -0.0106
vn -0.0368 -0.9940 0.1028
vn 0.9049 -0.1547 -0.3964
vn 0.6334 0.2043 0.7463
vn -0.1161 -0.6808 0.7232
vn 0.1373 -0.7246 -0.6754
vn -0.2600 -0.9204 -0.2921
vn -0.4192 -0.8659 -0.2730
vn 0.2848 -0.9103 -0.3004
vn 0.1964 0.9260 -0.3223
vn -0.8699 0.4136 -0.2688
vn 0.6901 -0.6527 -0.3127
vn 0.8665 -0.4181 -0.2727
vn 0.7482 0.6064 -0.2692
vn 0.1334 -0.9541 -0.2680
vn 0.9203 0.2347 0.3130
vn 0.0038 -0.6213 -0.7836
vn 0.4477 -0.8492 -0.2799
vn -0.9498 -0.0087 0.3127
vn 0.7377 -0.2419 -0.6303
vn 0.7722 -0.5366 -0.3402
vn 0.7965 -0.3399 -0.5000
vn -0.9982 -0.0470 0.0378
vn -0.5572 -0.2679 -0.7860
vn -0.0809 -0.7578 -0.6474
vn -0.1113 -0.7515 -0.6503
vn -0.9397 0.1266 -0.3178
vn 0.4315 -0.6187 0.6566
vn 0.9440 -0.0501 -0.3261
vn 0.6066 -0.4063 -0.6833
vn 0.4413 0.8064 0.3937
vn 0.3351 -0.9325 -0.1350
vn -0.7732 -0.6006 -0.2035
vn -0.7916 -0.5681 -0.2250
vn 0.3339 0.9389 0.0833
vn 0.3599 -0.9321 0.0420
vn 0.3622 -0.9317 0.0263
vn -0.8229 -0.4780 -0.3073
vn 0.2840 -0.5328 0.7972
vn 0.9138 0.2198 0.3417
vn -0.7341 -0.6680 -0.1221
vn -0.1245 -0.6112 0.7816
vn 0.3892 -0.7060 0.5917
vn -0.1770 -0.9752 -0.1325
vn 0.7650 -0.6425 -0.0446
vn 0.0954 0.7436 -0.6617
vn 0.8300 0.5519 0.0811
vn 0.4610 0.1011 -0.8816
vn 0.0444 -0.5582 0.8285
vn 0.9533 -0.1757 0.2458
vn 0.8062 -0.0404 -0.5902
vn 0.0137 0.6955 0.7184
vn 0.1836 0.9747 0.1273
vn -0.5976 -0.8017 0.0118
vn -0.1318 -0.8070 -0.5756
vn 0.6481 0.6828 -0.3374
vn 0.6050 -0.1811 -0.7754
vn -0.0664 0.9247 -0.3749
vn 0.4251 -0.8420 -0.3322
vn 0.2075 0.9275 -0.3110
vn 0.8540 0.3937 -0.3400
vn 0.6927 -0.6482 -0.3162
vn 0.5388 0.7750 -0.3302
vn 0.9026 -0.2756 -0.3308
vn -0.4143 -0.8462 -0.3350
vn -0.4060 -0.8555 -0.3213
vn -0.9438 0.0034 -0.3306
vn -0.8819 -0.3298 -0.3369
vn 0.4306 0.8387 -0.3334
vn 0.8379 -0.4187 -0.3503
vn -0.1887 0.3820 0.9047
vn -0.0003 -0.5291 -0.8486
vn -0.2645 0.7972 -0.5427
vn -0.2028 0.9156 -0.3472
vn -0.7553 -0.5710 -0.3218
vn 0.8335 -0.3157 0.4535
vn 0.5408 -0.6459 -0.5388
vn 0.5766 -0.6472 -0.4986
vn -0.3018 0.9045 -0.3015
vn -0.4874 0.8557 0.1739
vn 0.3545 -0.5516 0.7551
vn 0.0545 -0.6101 0.7904
vn -0.5639 0.4796 0.6723
vn 0.9886 -0.1063 -0.1067
vn -0.8220 -0.4114 0.3938
vn 0.5527 -0.4040 -0.7289
vn 0.8016 -0.5720 0.1738
vn -0.7028 0.1124 0.7024
vn 0.1029 -0.7024 -0.7043
vn -0.0145 -0.7035 0.7105
vn -0.0860 -0.5134 0.8538
vn 0.1799 0.9293 -0.3226
vn -0.0297 -0.9277 -0.3721
vn 0.7055 -0.2685 -0.6559
vn 0.6270 -0.4050 -0.6654
vn 0.0839 -0.5805 0.8099
vn -0.0687 -0.9888 0.1329
vn -0.7334 0.4550 0.5051
vn 0.3450 -0.7888 0.5087
vn 0.3527 -0.7268 0.5894
vn 0.5788 0.4206 -0.6986
vn -0.3975 0.9175 0.0149
vn 0.9982 0.0147 0.0586
vn 0.9901 -0.0504 0.1310
vn 0.5998 -0.7933 -0.1047
vn -0.9534 0.2906 -0.0808
vn 0.5515 -0.5120 0.6586
vn -0.7374 -0.4975 0.4568
vn 0.7983 0.3661 -0.4783
vn 0.5479 -0.3358 -0.7662
vn -0.9053 0.2154 -0.3661
vn -0.4550 -0.5270 0.7178
vn 0.4698 -0.8767 0.1036
vn 0.4719 -0.8531 0.2225
vn 0.6808 -0.3610 -0.6373
vn 0.9370 0.3378 -0.0887
vn 0.9265 0.3632 -0.0986
vn 0.8578 -0.3104 -0.4096
vn 0.3495 -0.5934 0.7251
vn 0.0541 0.6197 0.7830
vn 0.5317 0.7474 -0.3983
vn 0.7729 -0.5250 -0.3563
vn 0.8724 0.3006 -0.3854
vn 0.6633 -0.6394 -0.3887
vn 0.6935 -0.3579 0.6253
vn 0.8591 -0.4130 -0.3024
vn 0.2029 0.8887 -0.4112
vn 0.0789 0.3460 0.9349
vn 0.2250 0.3687 0.9019
vn -0.1796 -0.4129 -0.8929
vn -0.2142 -0.5618 0.7991
vn 0.6864 -0.7199 -0.1029
vn 0.5060 -0.8203 -0.2665
vn 0.5397 0.1193 0.8333
vn 0.9952 -0.0699 0.0689
vn -0.8260 -0.5414 0.1570
vn 0.6202 0.4195 0.6629
vn -0.9979 -0.0602 -0.0228
vn -0.0424 -0.6250 -0.7795
vn 0.2303 -0.9039 -0.3604
vn 0.3652 -0.6751 -0.6409
vn 0.7686 0.6390 0.0307
vn -0.1198 0.1987 -0.9727
vn 0.0651 -0.3321 -0.9410
vn -0.4585 -0.5896 0.6649
vn 0.0784 0.9052 0.4176
vn 0.4545 0.8894 -0.0493
vn 0.9117 -0.0518 -0.4075
vn 0.3911 -0.9010 0.1877
vn -0.9636 0.1103 0.2436
vn 0.1458 -0.7610 -0.6322
vn 0.7957 0.3887 -0.4645
vn 0.3142 0.8447 -0.4334
vn -0.7629 -0.3518 0.5424
vn 0.4081 -0.8881 0.2113
vn 0.7321 0.1466 0.6652
vn -0.0198 -0.9872 -0.1583
vn -0.7625 -0.3521 0.5428
vn -0.9489 0.3127 -0.0421
vn 0.0520 -0.9207 0.3868
vn 0.9988 0.0479 -0.0105
vn 0.8809 0.4182 0.2217
vn -0.7562 0.3096 -0.5765
vn 0.2947 0.2492 0.9225
vn 0.5654 -0.4745 -0.6747
vn -0.3020 -0.4870 -0.8196
vn -0.0325 -0.7364 -0.6758
vn 0.1105 0.9835 -0.1433
vn 0.8668 0.1727 -0.4678
vn 0.0713 0.2613 0.9626
vn 0.5650 -0.6551 0.5015
vn -0.3129 -0.5304 0.7879
vn -0.3180 -0.5340 0.7834
vn -0.6188 0.0526 -0.7838
vn -0.0977 0.3189 -0.9427
vn -0.0973 0.3292 -0.9392
vn 0.0465 -0.9739 0.2220
vn 0.6851 -0.3592 0.6337
vn -0.0648 -0.9922 -0.1063
vn -0.0679 -0.9974 -0.0222
vn 0.5458 -0.8141 -0.1981
vn 0.6700 -0.6682 -0.3235
vn 0.1483 -0.1243 -0.9811
vn -0.4973 0.8675 0.0069
vn -0.4789 0.8777 0.0164
vn 0.8578 0.2783 -0.4322
vn 0.1203 -0.8839 -0.4519
vn -0.0943 0.9109 -0.4017
vn 0.7303 -0.5150 -0.4489
vn 0.3997 0.8037 -0.4408
vn 0.0801 0.8936 -0.4416
vn 0.0686 0.9120 -0.4045
vn 0.8469 -0.5315 -0.0194
vn -0.3450 0.8285 -0.4412
vn -0.0761 -0.9253 -0.3715
vn -0.7242 -0.5326 -0.4380
vn 0.8751 0.4172 -0.2452
vn 0.8254 -0.1572 -0.5422
vn 0.5532 0.2017 0.8083
vn 0.8679 -0.3971 -0.2984
vn 0.8410 -0.4157 -0.3463
vn 0.5482 -0.6931 -0.4680
vn -0.2965 0.0177 -0.9549
vn -0.3220 -0.0274 -0.9463
vn 0.2369 -0.8981 -0.3706
vn -0.0025 -0.9796 -0.2011
vn 0.0609 -0.2619 0.9632
vn -0.0153 -0.9857 -0.1679
vn -0.3093 -0.9413 -0.1354
vn -0.6503 0.5653 0.5074
vn -0.8494 -0.2938 0.4383
vn -0.8511 -0.2995 0.4313
vn -0.9813 -0.0821 -0.1743
vn 0.1554 -0.1693 -0.9732
vn 0.7440 -0.6574 -0.1197
vn 0.2191 -0.9679 0.1230
vn 0.9182 0.2475 0.3093
vn 0.0132 0.9668 -0.2552
vn 0.7449 -0.4813 -0.4619
vn 0.7345 -0.1848 0.6530
vn 0.9496 -0.2968 0.1014
vn 0.9255 -0.3774 0.0323
vn -0.0470 -0.7949 -0.6050
vn -0.1646 -0.7949 -0.5839
vn 0.2780 -0.8747 -0.3970
vn 0.2992 0.9218 0.2465
vn -0.0294 -0.9003 0.4342
vn 0.8493 0.5276 0.0163
vn -0.0079 -0.9784 0.2067
vn 0.9334 -0.2304 0.2750
vn 0.1200 -0.5714 0.8118
vn -0.0187 -0.8734 -0.4867
vn -0.2097 -0.9760 0.0581
vn -0.5150 0.3057 -0.8008
vn -0.1985 -0.5949 -0.7789
vn 0.8436 -0.2747 0.4613
vn -0.6680 0.1954 0.7180
vn -0.3262 0.5271 0.7847
vn 0.0962 0.9815 0.1655
vn 0.7874 -0.0481 0.6146
vn 0.3145 0.0880 0.9452
vn -0.0271 0.5205 -0.8534
vn 0.3308 0.9380 0.1037
vn 0.5901 -0.3063 0.7469
vn 0.4179 0.7173 0.5575
vn 0.2300 -0.8784 -0.4190
vn 0.1176 -0.9422 -0.3138
vn 0.1151 -0.7604 -0.6392
vn 0.6404 -0.6630 0.3877
vn 0.4953 -0.8573 -0.1405
vn 0.0150 0.9090 0.4165
vn 0.0149 0.9350 0.3542
vn -0.0467 0.5982 0.8000
vn -0.1174 0.6692 0.7338
vn -0.0466 -0.9989 0.0091
vn -0.0388 -0.9934 -0.1078
vn 0.7568 -0.4888 -0.4339
vn 0.6889 0.3184 -0.6512
vn -0.3871 0.2298 -0.8930
vn 0.1619 -0.9861 -0.0372
vn 0.7170 0.6410 0.2739
vn 0.7775 0.3876 -0.4952
vn -0.1696 -0.8028 -0.5717
vn 0.8697 -0.1570 -0.4679
vn 0.8874 -0.1392 -0.4395
vn -0.5855 -0.6627 -0.4668
vn -0.3413 0.9022 0.2638
vn 0.8511 -0.2553 -0.4588
vn 0.3739 -0.7914 -0.4837
vn 0.2781 -0.8455 -0.4558
vn -0.8003 0.3990 -0.4476
vn 0.7085 -0.1638 0.6865
vn 0.4041 0.8033 -0.4375
vn -0.5450 -0.5866 -0.5991
vn 0.3423 -0.9360 0.0819
vn 0.6127 -0.7569 -0.2273
vn -0.0111 0.9688 -0.2475
vn -0.7507 0.2475 -0.6125
vn 0.4585 -0.4760 0.7505
vn 0.2139 -0.7414 0.6360
vn -0.2633 0.0162 0.9646
vn -0.2765 0.0248 0.9607
vn 0.2691 0.0523 0.9617
vn 0.2489 -0.6754 -0.6942
vn -0.0375 -0.5498 0.8345
vn 0.7634 0.1266 0.6334
vn 0.0450 -0.9701 -0.2386
vn -0.2493 -0.1056 -0.9627
vn 0.5362 0.6731 0.5093
vn 0.5499 0.0510 -0.8337
vn 0.3326 -0.7676 -0.5479
vn -0.0210 0.9984 0.0523
vn -0.4461 -0.6245 0.6411
vn 0.9227 -0.3379 0.1856
vn -0.0207 -0.5971 -0.8019
vn -0.0515 -0.9760 0.2114
vn 0.6282 -0.7281 -0.2744
vn 0.0631 -0.9973 -0.0370
vn 0.6717 -0.7365 0.0798
vn -0.9864 -0.0462 -0.1575
vn 0.2251 0.9702 -0.0901
vn 0.4222 0.9034 0.0748
vn 0.5623 -0.8073 -0.1792
vn 0.6584 -0.0155 0.7525
vn -0.5664 -0.6908 -0.4494
vn 0.2051 0.0304 -0.9783
vn 0.6887 0.4435 -0.5735
vn 0.5395 -0.6398 -0.5474
vn 0.7870 -0.6157 0.0386
vn -0.6815 -0.6905 -0.2423
vn 0.6509 0.7219 0.2351
vn -0.9963 0.0835 0.0186
vn -0.0813 -0.8896 0.4495
vn -0.8607 0.1307 -0.4921
vn -0.1851 -0.8339 -0.5199
vn -0.9497 0.1222 -0.2884
vn -0.5841 0.6486 -0.4879
vn -0.3723 -0.8791 -0.2975
vn 0.9999 0.0039 -0.0138
vn 0.0896 0.7847 0.6134
vn -0.1120 0.9917 0.0636
vn -0.0485 0.9769 0.2083
vn 0.7473 -0.4541 0.4851
vn 0.5255 0.2246 0.8206
vn 0.1449 -0.7652 0.6272
vn -0.9897 -0.0499 -0.1341
vn -0.6882 -0.4218 0.5903
vn 0.3483 0.3915 -0.8517
vn -0.0484 0.2411 0.9693
vn -0.2676 -0.9612 -0.0669
vn 0.3840 -0.8175 -0.4292
vn -0.1125 -0.9557 -0.2720
vn 0.4138 -0.7492 -0.5172
vn 0.3212 -0.9462 0.0388
vn 0.3045 -0.9524 0.0134
vn -0.9184 0.0358 -0.3939
vn 0.8929 -0.4502 -0.0040
vn -0.7497 -0.4370 -0.4969
vn 0.5847 -0.2317 -0.7775
vn 0.6710 0.5815 0.4600
vn -0.6259 -0.7367 -0.2559
vn 0.3624 0.8897 -0.2777
vn -0.0725 -0.8298 -0.5534
vn -0.0797 -0.7824 -0.6176
vn -0.1593 0.3270 0.9315
vn 0.0842 0.8355 -0.5431
vn 0.0358 0.8647 -0.5010
vn -0.5393 0.8064 -0.2425
vn -0.4174 0.8107 -0.4105
vn 0.8413 -0.1393 -0.5224
vn 0.3453 -0.6255 -0.6997
vn 0.9006 -0.4169 -0.1229
vn 0.3797 0.7547 -0.5349
vn 0.3730 -0.7548 -0.5396
vn 0.6728 0.5210 -0.5252
vn 0.6820 0.5305 -0.5034
vn 0.3197 0.9350 -0.1533
vn -0.9344 -0.0397 -0.3540
vn 0.4845 0.6867 -0.5419
vn 0.1722 0.8352 -0.5223
vn 0.9978 -0.0168 -0.0642
vn -0.3584 -0.1816 -0.9157
vn -0.5168 -0.8548 -0.0477
vn 0.5920 0.1420 0.7934
vn 0.0265 -0.7513 -0.6594
vn 0.1683 -0.9843 -0.0528
vn -0.9030 0.3562 0.2404
vn 0.4949 -0.2207 -0.8405
vn 0.8499 -0.2801 0.4463
vn -0.4469 0.0683 0.8920
vn -0.3556 0.1357 0.9247
vn 0.3137 -0.6513 -0.6910
vn 0.6159 0.6331 0.4689
vn -0.1733 -0.9845 0.0269
vn 0.3542 -0.6574 0.6652
vn -0.9983 -0.0371 0.0445
vn 0.2374 -0.6749 -0.6987
vn 0.2273 -0.6348 0.7385
vn 0.1801 0.7879 0.5888
vn 0.5156 -0.4148 -0.7497
vn 0.9985 -0.0175 -0.0528
vn 0.2232 -0.6888 -0.6897
vn 0.6793 0.6881 0.2551
vn 0.9837 0.1727 -0.0507
vn 0.5287 -0.8419 -0.1080
vn -0.2258 -0.7928 -0.5661
vn 0.0715 0.5369 0.8406
vn 0.0717 0.4910 0.8682
vn 0.9353 -0.2365 0.2632
vn 0.8073 -0.1656 0.5665
vn 0.0128 -0.8711 -0.4910
vn 0.9511 0.3084 -0.0168
vn 0.7924 0.1596 0.5888
vn 0.3596 -0.6152 -0.7016
vn 0.2943 -0.6033 -0.7412
vn 0.9342 -0.1877 0.3033
vn 0.1038 -0.9301 -0.3523
vn -0.2808 -0.8117 -0.5121
vn -0.1703 0.9841 0.0500
vn 0.2701 -0.6621 0.6991
vn -0.9998 0.0060 -0.0165
vn 0.9083 0.4141 0.0586
vn -0.8927 0.4447 -0.0731
vn -0.0041 0.2318 -0.9728
vn 0.0010 0.2449 -0.9695
vn 0.5406 0.5542 0.6329
vn -0.4808 -0.6570 -0.5807
vn -0.4723 0.1412 0.8700
vn 0.0025 0.3918 0.9201
vn 0.3811 0.8966 0.2254
vn -0.3928 0.7280 -0.5620
vn -0.0812 0.2286 0.9701
vn -0.8305 0.0998 0.5480
vn -0.8727 0.0674 -0.4836
vn -0.8815 0.0185 -0.4719
vn -0.4229 0.6342 0.6473
vn -0.3142 0.6332 0.7074
vn 0.0614 0.2352 0.9700
vn 0.4793 0.1354 0.8671
vn -0.9703 -0.0746 0.2301
vn 0.3333 0.1366 0.9329
vn 0.9864 -0.1164 0.1161
vn 0.9996 0.0010 -0.0264
vn 0.2765 -0.9183 0.2832
vn 0.0813 -0.6817 0.7271
vn -0.4152 0.9081 0.0543
vn 0.7743 -0.6204 -0.1247
vn -0.9346 -0.3191 -0.1571
vn 0.7109 0.7007 -0.0603
vn 0.2025 0.9545 0.2188
vn 0.1962 0.9564 0.2162
vn 0.0052 -0.8963 -0.4435
vn 0.0109 -0.8640 -0.5034
vn 0.7540 -0.4110 -0.5124
vn -0.7514 -0.4168 0.5116
vn 0.2791 -0.9592 0.0452
vn 0.2681 -0.6449 0.7157
vn -0.8069 -0.5217 -0.2769
vn 0.1379 -0.6972 0.7035
vn -0.6657 -0.7342 -0.1330
vn 0.1331 -0.5393 -0.8316
vn -0.4499 -0.7357 -0.5062
vn -0.2033 -0.9594 0.1957
vn -0.0059 -0.6250 -0.7806
vn 0.6171 -0.2692 0.7394
vn 0.9981 0.0034 -0.0616
vn 0.3762 -0.6410 -0.6690
vn 0.9287 -0.3660 0.0589
vn -0.1232 -0.6938 0.7096
vn 0.0559 -0.6394 -0.7669
vn -0.9783 -0.2025 -0.0436
vn -0.0455 0.5409 -0.8398
vn -0.4822 -0.5521 -0.6801
vn -0.9837 0.1718 -0.0522
vn 0.6033 -0.4110 -0.6834
vn 0.8025 0.5123 0.3059
vn 0.3870 -0.7389 -0.5515
vn 0.0551 -0.9032 0.4258
vn 0.3693 0.7550 -0.5418
vn -0.9976 0.0356 -0.0599
vn 0.4780 0.6864 -0.5481
vn 0.7522 0.3764 -0.5408
vn 0.7869 -0.2659 -0.5568
vn 0.2014 -0.8128 -0.5466
vn -0.3422 -0.8433 -0.4144
vn 0.2777 0.9521 0.1281
vn 0.1219 0.7297 0.6728
vn 0.9444 -0.3183 -0.0827
vn 0.0742 0.0436 0.9963
vn -0.0077 -0.9870 -0.1606
vn 0.2342 -0.8141 -0.5314
vn 0.2494 -0.7603 -0.5998
vn 0.4085 -0.5246 0.7470
vn 0.9245 0.3154 0.2139
vn -0.9682 0.2463 0.0445
vn 0.9149 -0.4036 -0.0125
vn -0.4672 -0.3037 -0.8304
vn 0.1248 0.9880 0.0915
vn 0.3602 -0.8452 -0.3949
vn -0.5240 0.4806 -0.7032
vn -0.4888 0.0248 0.8721
vn 0.4731 -0.6103 0.6354
vn 0.4820 -0.6458 0.5922
vn 0.9629 -0.0507 0.2652
vn 0.6264 -0.2525 -0.7374
vn -0.7577 -0.4059 0.5110
vn 0.9876 -0.1121 -0.1100
vn 0.8797 0.2347 0.4136
vn 0.5114 -0.8017 -0.3093
vn 0.9341 0.3386 0.1133
vn 0.5263 0.2116 -0.8235
vn 0.5633 -0.3963 -0.7250
vn -0.8577 -0.2964 0.4201
vn -0.8640 -0.3028 0.4023
vn -0.0775 0.9579 0.2765
vn -0.9786 0.1851 -0.0894
vn -0.9407 -0.2176 -0.2604
vn 0.5199 -0.3875 0.7613
vn 0.7341 -0.6195 0.2781
vn 0.2061 -0.6546 0.7274
vn 0.3699 0.2429 0.8967
vn 0.7910 -0.2871 0.5403
vn 0.3001 -0.9433 -0.1416
vn 0.9650 0.1458 -0.2181
vn 0.9602 0.0711 0.2700
vn -0.1730 0.6846 -0.7081
vn 0.3824 -0.6911 -0.6133
vn 0.6834 0.4997 0.5323
vn 0.3774 -0.6066 -0.6997
vn 0.3778 -0.5295 0.7595
vn 0.1610 -0.9795 0.1208
vn 0.6050 -0.1950 0.7720
vn 0.3605 -0.9210 -0.1475
vn 0.4207 -0.5333 -0.7339
vn 0.9896 0.1438 -0.0075
vn 0.7867 0.1500 -0.5989
vn 0.2114 -0.5152 0.8306
vn -0.9620 -0.1583 0.2223
vn -0.0967 -0.0567 0.9937
vn 0.0252 0.6041 -0.7965
vn 0.9662 0.2571 -0.0177
vn 0.4439 -0.7708 0.4570
vn 0.9934 -0.0784 -0.0832
vn 0.9903 -0.0320 -0.1354
vn 0.5222 -0.7213 0.4551
vn -0.6985 0.1167 -0.7060
vn -0.4311 -0.8026 -0.4123
vn -0.0168 0.0036 0.9999
vn -0.6081 0.2097 0.7657
vn 0.5572 -0.8294 0.0405
vn 0.6958 -0.5603 -0.4495
vn 0.6022 -0.2863 0.7452
vn -0.6827 -0.5917 -0.4288
vn -0.5425 0.1264 0.8305
vn 0.6645 -0.1370 0.7346
vn 0.6379 -0.1955 0.7449
vn 0.9986 -0.0467 -0.0239
vn 0.0486 -0.9974 0.0526
vn 0.9233 -0.2377 0.3018
vn 0.0474 0.2426 0.9690
vn 0.8419 -0.5393 0.0185
vn 0.9036 -0.4281 -0.0148
vn 0.0119 -0.6193 -0.7850
vn -0.5791 -0.6791 0.4511
vn -0.4813 0.2111 0.8507
vn 0.8245 -0.2070 0.5267
vn -0.2209 -0.6694 0.7093
vn -0.5678 -0.5544 -0.6084
vn 0.6427 0.4157 -0.6435
vn -0.4241 -0.3885 0.8180
vn -0.5118 0.3361 0.7906
vn 0.3510 -0.5338 0.7693
vn -0.0261 -0.9994 -0.0212
vn 0.1516 -0.0674 0.9861
vn 0.8072 -0.4896 0.3298
vn -0.5233 -0.6346 -0.5686
vn -0.2011 -0.5343 0.8210
vn -0.1889 -0.5184 0.8340
vn -0.9829 -0.1041 0.1522
vn 0.4324 -0.8445 -0.3159
vn -0.1848 -0.3484 -0.9190
vn -0.1259 -0.2007 -0.9715
vn -0.0766 0.8186 -0.5693
vn 0.5827 -0.5433 -0.6043
vn 0.4211 -0.6295 -0.6530
vn 0.1542 -0.7854 -0.5995
vn -0.7015 -0.3852 -0.5996
vn -0.7052 -0.4282 -0.5651
vn 0.6812 -0.0975 -0.7256
vn 0.7133 -0.0892 -0.6951
vn 0.4672 0.6551 -0.5938
vn 0.6195 -0.4983 -0.6066
vn -0.6261 -0.5155 -0.5850
vn -0.6857 0.3900 -0.6146
vn -0.7304 0.3642 -0.5778
vn -0.3401 0.7378 -0.5830
vn 0.7272 0.6699 -0.1495
vn 0.2439 -0.7631 -0.5986
vn 0.2509 -0.7758 -0.5790
vn 0.0952 -0.7868 -0.6098
vn 0.6301 -0.2370 0.7395
vn 0.6995 -0.2683 0.6623
vn 0.2325 0.9637 0.1311
vn -0.9296 0.3609 -0.0751
vn -0.9191 0.3852 -0.0835
vn -0.7783 -0.6278 -0.0110
vn -0.3649 0.7170 -0.5939
vn -0.3838 0.6662 -0.6395
vn 0.4244 0.4829 0.7660
vn 0.9897 0.1295 -0.0605
vn 0.9131 0.3123 0.2623
vn -0.5801 0.7510 0.3153
vn 0.4796 -0.6858 -0.5474
vn 0.4793 -0.6876 -0.5454
vn 0.1516 0.2051 0.9669
vn 0.0503 -0.0002 0.9987
vn 0.1719 -0.0308 -0.9846
vn -0.9810 -0.1837 0.0621
vn -0.9977 -0.0633 -0.0239
vn -0.9461 0.2167 -0.2407
vn 0.8608 0.5089 0.0026
vn -0.7316 0.6797 -0.0522
vn -0.4971 0.8222 0.2771
vn -0.9985 0.0375 -0.0407
vn -0.1602 -0.9390 -0.3043
vn 0.2026 -0.9224 -0.3288
vn 0.0466 0.9203 -0.3884
vn -0.3118 0.9471 0.0765
vn -0.3420 0.8408 -0.4196
vn -0.5900 0.4230 0.6877
vn -0.1596 -0.9140 -0.3730
vn -0.3733 0.8861 0.2746
vn 0.9308 -0.2475 0.2691
vn -0.0473 -0.4666 -0.8832
vn -0.0023 -0.1107 -0.9938
vn 0.0171 -0.0742 -0.9971
vn 0.0124 -0.0006 -0.9999
vn 0.2242 0.5508 -0.8040
vn 0.2244 -0.7443 -0.6290
vn -0.3218 0.4732 0.8201
vn 0.5098 -0.4910 0.7065
vn 0.5465 0.8352 0.0614
vn 0.1971 0.9460 0.2574
vn 0.4982 0.4545 0.7384
vn 0.5039 0.4417 0.7423
vn -0.1758 -0.8094 -0.5603
vn 0.1045 0.7942 -0.5986
vn 0.8064 -0.5858 -0.0806
vn 0.1973 0.2590 0.9455
vn 0.1505 -0.7323 0.6642
vn -0.0002 0.3134 -0.9496
vn 0.3367 -0.9411 0.0306
vn -0.2569 -0.8892 -0.3784
vn -0.2062 -0.8989 -0.3865
vn -0.1490 -0.1787 -0.9725
vn 0.7286 -0.3346 0.5976
vn 0.1121 -0.9693 0.2188
vn 0.8630 0.1333 0.4874
vn 0.2805 -0.8855 -0.3704
vn 0.6592 -0.2172 -0.7199
vn 0.9250 -0.2613 0.2759
vn 0.6244 -0.7185 -0.3065
vn -0.0736 -0.9966 0.0370
vn 0.9231 -0.2263 0.3110
vn 0.7208 0.6761 -0.1527
vn 0.3311 -0.6359 0.6972
vn -0.4210 -0.6299 -0.6527
vn -0.8956 0.4342 0.0973
vn 0.7622 -0.0490 -0.6455
vn -0.0179 -0.7882 -0.6151
vn -0.0357 -0.7274 0.6852
vn -0.0291 -0.6833 0.7295
vn -0.1076 -0.8107 0.5754
vn 0.9997 0.0115 -0.0212
vn -0.1801 -0.7378 -0.6506
vn 0.8829 0.3170 0.3465
vn -0.0073 -0.9629 -0.2697
vn 0.6214 -0.2431 0.7448
vn 0.5570 -0.3629 0.7470
vn 0.4255 0.9024 0.0681
vn 0.3070 0.1345 0.9422
vn 0.6208 -0.3312 -0.7106
vn -0.8918 -0.4212 0.1653
vn -0.8869 -0.4583 0.0575
vn -0.9068 -0.2172 0.3613
vn -0.0098 -0.9855 -0.1694
vn 0.6457 0.7068 0.2889
vn -0.1434 0.8349 0.5314
vn -0.8549 0.1715 -0.4897
vn 0.3831 -0.9040 -0.1896
vn 0.0115 -0.9823 0.1872
vn -0.2888 0.8619 0.4169
vn 0.6445 -0.4162 0.6415
vn 0.3707 -0.6342 -0.6785
vn 0.1458 0.9743 0.1716
vn 0.4577 0.2438 -0.8550
vn -0.0518 0.9923 0.1127
vn 0.7746 0.3720 0.5115
vn 0.7585 0.6456 0.0887
vn 0.0416 0.0189 0.9990
vn 0.6123 -0.7720 -0.1706
vn 0.5409 -0.5198 -0.6612
vn -0.7639 0.5857 0.2710
vn 0.9187 0.3656 0.1494
vn 0.5960 0.4588 -0.6590
vn 0.9788 -0.1756 0.1053
vn -0.1945 0.7190 -0.6673
vn 0.5313 -0.4660 -0.7074
vn 0.6221 -0.7587 0.1932
vn -0.5896 -0.4959 -0.6375
vn 0.7281 -0.4783 -0.4910
vn -0.3446 -0.6796 -0.6476
vn 0.0031 0.3994 -0.9168
vn -0.1838 -0.7415 -0.6453
vn 0.5169 0.5748 -0.6344
vn 0.7537 -0.1414 -0.6419
vn 0.1054 -0.7753 -0.6227
vn -0.0372 -0.9308 -0.3637
vn 0.4549 -0.6189 -0.6404
vn -0.7539 -0.1544 -0.6386
vn -0.3410 0.8804 0.3295
vn 0.3238 -0.6870 -0.6506
vn 0.3728 -0.6879 -0.6227
vn 0.6255 -0.3985 0.6707
vn 0.7810 0.0667 -0.6210
vn -0.0486 0.7640 -0.6434
vn 0.4332 0.8889 0.1489
vn 0.6843 0.3395 -0.6453
vn 0.9904 -0.0908 0.1045
vn 0.9915 -0.0804 0.1025
vn -0.2151 0.2544 0.9429
vn -0.0221 0.3973 0.9174
vn -0.0001 0.9710 -0.2390
vn 0.8480 -0.5298 -0.0149
vn 0.8088 -0.5881 0.0002
vn 0.4147 0.8551 0.3113
vn 0.9706 -0.1966 0.1386
vn -0.1091 -0.8259 0.5531
vn 0.3441 -0.9368 0.0624
vn 0.0350 0.9969 0.0709
vn 0.2475 0.2414 0.9383
vn 0.0013 -0.7135 -0.7006
vn 0.6077 -0.3805 -0.6971
vn 0.7603 -0.5697 0.3120
vn 0.1803 -0.9822 0.0532
vn 0.1904 -0.9788 0.0761
vn -0.8401 -0.4016 0.3647
vn 0.0673 0.8308 0.5525
vn -0.2499 0.1276 0.9598
vn 0.9357 -0.2958 -0.1922
vn -0.7689 0.6381 -0.0402
vn 0.5387 0.7671 0.3484
vn 0.8578 -0.4561 -0.2370
vn -0.0223 -0.9577 0.2870
vn 0.3621 0.6504 -0.6677
vn 0.2340 0.2563 0.9379
vn -0.7057 0.6882 0.1682
vn -0.9968 0.0637 -0.0493
vn -0.1711 0.9706 -0.1691
vn 0.0045 -0.6065 -0.7951
vn -0.0863 -0.5953 0.7988
vn 0.2988 0.4580 -0.8372
vn 0.7617 -0.6476 -0.0197
vn -0.9656 -0.2570 -0.0407
vn 0.6939 0.6721 -0.2584
vn 0.5371 0.6008 -0.5921
vn 0.0035 -0.9790 0.2037
vn -0.1775 -0.7156 0.6756
vn 0.9208 -0.3293 0.2091
vn 0.4706 -0.8620 -0.1885
vn -0.0701 0.9562 0.2843
vn -0.0428 0.9870 0.1550
vn -0.9592 0.1158 0.2578
vn 0.1596 0.0240 0.9869
vn -0.9919 0.0905 -0.0891
vn -0.9714 0.2240 -0.0782
vn 0.0248 0.1516 0.9881
vn 0.9751 -0.1965 0.1027
vn -0.9896 -0.0278 0.1408
vn -0.6273 0.6954 -0.3505
vn 0.9517 -0.2787 -0.1289
vn 0.6742 -0.7315 -0.1018
vn -0.0390 -0.0153 -0.9991
vn 0.1988 -0.6366 0.7451
vn 0.3317 -0.9363 -0.1154
vn 0.8602 -0.4514 -0.2372
vn -0.9206 0.3796 -0.0916
vn 0.1474 -0.9744 -0.1696
vn -0.3301 0.9432 0.0383
vn 0.0895 -0.7649 -0.6379
vn 0.0290 -0.8016 -0.5972
vn -0.4602 0.1598 0.8733
vn -0.1327 -0.7744 -0.6187
vn -0.7892 -0.5150 -0.3347
vn 0.9407 0.1042 0.3228
vn -0.8660 -0.4650 -0.1840
vn 0.7189 -0.1060 0.6870
vn 0.1871 0.0949 -0.9777
vn -0.1979 0.9468 0.2539
vn 0.1117 -0.9091 -0.4014
vn 0.8269 -0.4155 -0.3789
vn -0.3507 0.6272 -0.6954
vn -0.7381 -0.0540 -0.6725
vn 0.0191 -0.9882 -0.1520
vn -0.6957 -0.0457 -0.7168
vn -0.2596 0.9655 0.0224
vn -0.1554 0.2009 -0.9672
vn -0.3264 0.9448 0.0285
vn -0.9901 -0.0036 0.1403
vn -0.0493 -0.9617 0.2695
vn 0.1504 0.1369 0.9791
vn 0.8100 -0.0228 -0.5860
vn 0.4994 -0.8196 -0.2808
vn 0.1729 -0.6117 0.7720
vn -0.3310 -0.1731 -0.9276
vn -0.3071 -0.1275 -0.9431
vn 0.1596 -0.9845 0.0729
vn -0.9895 -0.0560 -0.1331
vn 0.0786 0.9506 -0.3003
vn 0.0536 0.9572 -0.2844
vn -0.9549 -0.0594 -0.2908
vn -0.9833 -0.0892 -0.1583
vn 0.1429 0.9421 -0.3032
vn -0.2188 0.4347 -0.8736
vn -0.3347 -0.9423 -0.0088
vn -0.3198 -0.5838 0.7462
vn 0.7231 0.1975 0.6619
vn -0.3298 -0.9431 0.0412
vn 0.0534 0.9891 0.1372
vn 0.0497 0.9895 0.1358
vn -0.9601 -0.1566 0.2317
vn 0.1781 0.2469 -0.9525
vn -0.0339 0.9962 0.0798
vn 0.3264 -0.5991 0.7311
vn -0.2785 -0.4981 -0.8211
vn 0.5323 -0.8399 -0.1062
vn -0.1124 -0.5609 0.8202
vn 0.2605 -0.5983 0.7577
vn 0.1962 -0.5949 0.7794
vn 0.6247 -0.7771 -0.0773
vn -0.1646 0.1479 0.9752
vn -0.1503 0.1573 0.9761
vn 0.5359 -0.5043 -0.6771
vn 0.5513 -0.8133 -0.1858
vn -0.6554 -0.3749 -0.6557
vn -0.4754 0.5639 -0.6752
vn 0.1015 -0.7271 -0.6790
vn -0.9149 0.3574 0.1878
vn -0.5966 0.2113 0.7742
vn -0.6054 0.2029 0.7696
vn 0.7518 -0.1366 -0.6451
vn 0.5901 0.3321 -0.7359
vn 0.1128 0.9844 0.1350
vn 0.8617 -0.4815 -0.1602
vn -0.2396 0.6907 -0.6823
vn 0.7623 -0.6345 -0.1277
vn -0.9852 0.1563 -0.0702
vn -0.2375 -0.7872 -0.5691
vn -0.2325 -0.9533 -0.1928
vn 0.5897 0.7117 0.3818
vn 0.8317 0.4228 -0.3600
vn 0.8305 -0.0443 0.5553
vn -0.0089 -0.7781 0.6281
vn 0.5138 -0.8567 -0.0460
vn -0.9804 0.1638 0.1096
vn -0.0504 -0.0557 0.9972
vn -0.0202 0.9989 0.0434
vn 0.0890 -0.7255 0.6824
vn -0.9910 -0.0072 -0.1339
vn -0.3608 -0.2873 0.8873
vn -0.2629 -0.9640 0.0408
vn 0.8348 -0.1318 -0.5345
vn 0.8947 -0.1251 -0.4288
vn 0.0467 0.0110 0.9988
vn -0.7152 -0.5680 -0.4073
vn -0.0909 -0.9861 0.1389
vn 0.5134 -0.8534 0.0900
vn 0.5228 -0.8518 0.0344
vn 0.4709 -0.5798 0.6649
vn 0.7921 -0.5150 -0.3277
vn -0.9532 0.1583 -0.2575
vn 0.1040 -0.6974 0.7091
vn -0.7012 0.7129 -0.0093
vn 0.9268 -0.1164 -0.3572
vn 0.8867 0.2687 -0.3763
vn 0.8224 -0.5061 -0.2597
vn -0.9082 -0.2581 0.3293
vn -0.3912 -0.2985 0.8706
vn -0.6083 -0.7935 -0.0181
vn -0.1077 -0.4327 -0.8951
vn 0.9755 -0.2167 -0.0389
vn 0.1800 -0.6444 0.7432
vn -0.8961 -0.4368 -0.0793
vn -0.9545 -0.2813 -0.0993
vn 0.6721 -0.7405 -0.0027
vn 0.3391 -0.8615 -0.3781
vn 0.5090 -0.4846 0.7114
vn 0.8296 0.5201 0.2031
vn 0.7217 -0.6420 -0.2586
vn -0.9858 0.0861 -0.1442
vn -0.3666 -0.9116 0.1858
vn -0.3072 -0.7930 0.5261
vn -0.5928 0.1435 0.7924
vn -0.4229 -0.5968 0.6819
vn -0.0265 -0.7039 -0.7098
vn -0.0111 -0.7201 -0.6938
vn -0.6833 -0.0804 -0.7257
vn 0.0512 0.2663 0.9625
vn 0.6245 -0.6912 0.3638
vn 0.6016 -0.3052 0.7382
vn 0.6800 -0.0652 0.7303
vn 0.0024 -0.9853 -0.1710
vn 0.6195 -0.6521 0.4371
vn -0.0140 -0.9997 -0.0208
vn -0.2717 -0.5554 0.7859
vn 0.0096 -0.8974 -0.4410
vn 0.0325 -0.9248 -0.3790
vn 0.7691 0.5650 0.2987
vn 0.0749 0.1430 0.9869
vn -0.0162 -0.8183 -0.5746
vn 0.5927 -0.4243 -0.6846
vn -0.4831 -0.4818 0.7311
vn -0.0157 -0.9988 -0.0467
vn -0.9801 0.1499 -0.1305
vn -0.1850 -0.9177 -0.3516
vn 0.0053 -0.9986 0.0517
vn 0.8796 -0.4713 0.0641
vn 0.5508 0.4591 -0.6970
vn -0.2921 0.6623 -0.6899
vn 0.5064 -0.4880 -0.7109
vn -0.2112 -0.6989 -0.6833
vn -0.5534 -0.4326 -0.7118
vn 0.6992 -0.1269 -0.7036
vn 0.4379 -0.8118 -0.3862
vn -0.3604 -0.9288 -0.0859
vn -0.5608 0.4230 -0.7118
vn -0.0779 -0.9929 0.0901
vn 0.1436 0.6784 -0.7205
vn 0.1462 0.6847 -0.7141
vn 0.3081 -0.6295 -0.7133
vn 0.3916 -0.5719 -0.7208
vn 0.9347 -0.2042 -0.2909
vn -0.9516 -0.0994 0.2908
vn -0.1073 -0.9919 0.0686
vn -0.8262 -0.5509 -0.1177
vn 0.3282 -0.9317 -0.1554
vn 0.3265 -0.9321 -0.1567
vn 0.7862 0.3744 0.4916
vn 0.2765 0.9220 -0.2711
vn 0.2955 0.9180 -0.2644
vn 0.0056 -0.9819 0.1893
vn 0.9005 -0.4283 -0.0758
vn 0.3581 -0.9252 -0.1256
vn -0.5023 0.8647 -0.0054
vn -0.0768 -0.9457 0.3158
vn 0.5249 -0.7873 -0.3235
vn 0.6208 -0.5162 0.5901
vn -0.0238 -0.6287 -0.7773
vn 0.9395 -0.2139 0.2676
vn -0.5285 -0.3213 0.7858
vn -0.4583 -0.4005 0.7935
vn -0.7604 0.2455 -0.6013
vn -0.4762 -0.8171 0.3249
vn -0.4097 -0.8317 0.3747
vn -0.2351 -0.7952 0.5589
vn -0.5941 0.2759 -0.7556
vn -0.4344 -0.7888 0.4347
vn 0.6581 0.7511 0.0523
vn 0.9073 -0.4046 0.1145
vn 0.7350 -0.5486 0.3986
vn 0.7566 -0.6163 0.2184
vn -0.1300 0.9881 0.0824
vn 0.9660 -0.1891 0.1761
vn 0.9729 -0.1462 -0.1793
vn 0.0943 -0.9346 -0.3430
vn 0.9846 -0.1322 -0.1147
vn -0.4771 0.8775 0.0483
vn -0.0283 -0.9991 -0.0319
vn -0.0190 0.0386 -0.9991
vn 0.4104 -0.5892 -0.6960
vn -0.0023 0.9681 -0.2507
vn -0.1782 0.3931 0.9020
vn -0.1398 -0.9886 0.0556
vn 0.8074 -0.5622 0.1791
vn 0.7658 -0.6107 0.2015
vn -0.2223 -0.6864 -0.6924
vn -0.0814 -0.9847 0.1539
vn 0.3685 0.9273 0.0665
vn 0.8481 -0.3387 0.4073
vn 0.9885 -0.1450 -0.0421
vn 0.0578 0.9970 0.0517
vn -0.0868 0.9255 0.3686
vn 0.6952 -0.3425 0.6320
vn 0.9510 -0.2315 0.2050
vn -0.6649 -0.5161 -0.5400
vn -0.4731 -0.3643 0.8022
vn -0.0779 0.2604 0.9624
vn -0.6448 0.0140 -0.7643
vn 0.6607 -0.1483 -0.7359
vn 0.7054 -0.5503 0.4467
vn -0.6615 0.6705 -0.3360
vn -0.0101 0.0357 -0.9993
vn -0.2403 0.9683 0.0677
vn -0.7368 -0.5868 -0.3360
vn 0.7653 -0.3415 -0.5456
vn -0.7784 -0.4390 0.4487
vn -0.1353 -0.8992 0.4162
vn -0.2001 -0.8813 0.4282
vn -0.0867 0.1630 0.9828
vn 0.9291 -0.3196 0.1859
vn -0.0946 0.9950 0.0321
vn -0.0894 -0.8283 0.5532
vn -0.2421 0.6602 0.7110
vn -0.3072 0.7261 0.6151
vn 0.4098 0.5969 -0.6898
vn 0.7017 -0.5899 0.3995
vn 0.3329 -0.9328 -0.1380
vn 0.3776 -0.9189 0.1145
vn 0.3849 -0.9220 0.0425
vn -0.0231 0.9706 -0.2397
vn 0.6437 -0.0553 -0.7633
vn 0.6684 -0.0508 -0.7421
vn 0.9711 -0.2265 -0.0752
vn 0.9991 -0.0054 -0.0414
vn 0.5826 -0.2896 0.7594
vn 0.6006 -0.1283 -0.7892
vn 0.7474 -0.4466 0.4919
vn 0.8058 -0.4049 0.4321
vn 0.7673 -0.6280 0.1300
vn 0.7849 0.1129 0.6092
vn 0.6177 0.2050 0.7592
vn 0.8631 -0.4215 -0.2781
vn -0.8600 -0.2891 -0.4205
vn -0.1041 -0.7524 0.6504
vn 0.2292 0.9664 0.1160
vn 0.0232 -0.9518 -0.3059
vn -0.7394 0.3928 0.5468
vn 0.5036 0.8602 0.0799
vn 0.8944 0.3387 0.2922
vn 0.8498 0.4365 0.2956
vn 0.5934 -0.5528 0.5850
vn -0.0552 -0.9938 0.0970
vn -0.6387 0.7693 0.0148
vn -0.1751 -0.8676 -0.4654
vn 0.4300 0.9001 0.0695
vn 0.6622 -0.7108 -0.2373
vn -0.8342 -0.1782 -0.5219
vn 0.1899 -0.5279 0.8278
vn -0.0180 -0.6197 -0.7847
vn 0.0402 -0.9864 -0.1594
vn 0.3357 -0.8410 -0.4243
vn 0.6141 -0.1795 0.7685
vn 0.7213 -0.5071 -0.4718
vn -0.2141 0.1740 0.9612
vn 0.5321 0.4303 -0.7292
vn -0.2924 -0.9521 0.0895
vn 0.2210 -0.6378 -0.7379
vn -0.6571 -0.1559 -0.7375
vn -0.6151 0.1866 -0.7660
vn -0.1743 0.6636 -0.7275
vn 0.6445 -0.2011 -0.7377
vn -0.3306 -0.6917 0.6421
vn -0.9975 0.0359 -0.0602
vn 0.6716 -0.7409 0.0021
vn 0.5890 0.3100 -0.7463
vn 0.6498 0.2201 -0.7275
vn 0.5552 -0.7913 -0.2561
vn 0.4866 -0.4794 0.7303
vn 0.6664 -0.6517 -0.3622
vn -0.1632 -0.9489 -0.2701
vn -0.2795 -0.9406 -0.1927
vn -0.3569 0.5699 0.7401
vn 0.6065 -0.2373 0.7588
vn 0.9699 -0.2259 0.0908
vn -0.8984 -0.2378 0.3691
vn 0.0857 0.2164 0.9725
vn 0.4050 -0.5199 0.7521
vn 0.3252 -0.9047 -0.2753
vn 0.6408 -0.2850 -0.7129
vn 0.9338 -0.3492 0.0773
vn 0.4738 0.2302 0.8500
vn 0.6015 -0.2861 0.7459
vn 0.8137 0.2841 -0.5071
vn 0.6955 -0.7182 0.0221
vn 0.9414 -0.3119 -0.1285
vn -0.0185 -0.9972 0.0726
vn 0.9841 0.0607 0.1672
vn -0.0133 0.9695 -0.2449
vn -0.1127 -0.9910 -0.0718
vn -0.4257 -0.8754 -0.2290
vn 0.4245 0.9029 0.0681
vn -0.5163 0.8192 0.2497
vn 0.6045 -0.3251 -0.7273
vn 0.7054 0.1873 0.6836
vn 0.4649 -0.7996 0.3801
vn 0.8881 -0.4035 -0.2200
vn 0.9122 0.0607 0.4052
vn -0.8198 -0.0700 0.5684
vn 0.7931 -0.6091 -0.0050
vn -0.1077 0.1818 -0.9774
vn -0.6412 0.0672 -0.7644
vn -0.1404 0.7971 0.5873
vn 0.6211 0.5462 -0.5620
vn 0.4669 0.8339 0.2944
vn 0.5493 -0.8259 -0.1268
vn 0.8958 -0.4332 0.0995
vn 0.2712 -0.4890 0.8291
vn 0.8931 -0.4485 0.0351
vn 0.8979 -0.3170 0.3053
vn 0.9981 -0.0198 -0.0587
vn -0.0317 -0.9925 0.1181
vn 0.2524 0.2563 0.9331
vn 0.0016 -0.9855 -0.1699
vn 0.4244 0.5432 0.7244
vn 0.2233 0.7498 0.6229
vn 0.9897 -0.0327 0.1392
vn 0.9589 -0.2303 -0.1660
vn -0.0478 -0.9222 -0.3838
vn 0.0169 -0.7153 0.6986
vn -0.3612 0.1801 0.9149
vn -0.3799 0.1805 0.9073
vn 0.8351 -0.2916 0.4664
vn 0.3275 -0.9204 0.2137
vn 0.3265 0.4930 0.8065
vn 0.0372 -0.9861 -0.1617
vn 0.7257 0.4619 -0.5099
vn 0.6102 -0.3784 -0.6960
vn -0.7562 0.1624 -0.6339
vn 0.8723 0.1313 -0.4711
vn -0.8817 -0.4164 -0.2217
vn -0.8848 0.1241 0.4492
vn 0.6640 -0.5080 0.5486
vn 0.4687 -0.5152 -0.7176
vn 0.6420 -0.2434 0.7271
vn -0.7985 -0.6011 0.0344
vn -0.7525 0.4886 0.4416
vn 0.5918 -0.6655 0.4548
vn -0.3053 0.9511 0.0461
vn 0.9807 -0.1743 -0.0888
vn 0.8482 -0.5297 -0.0054
vn 0.5260 0.3767 0.7625
vn -0.2436 -0.3451 -0.9064
vn 0.9512 0.3071 -0.0315
vn 0.0170 0.8795 0.4756
vn 0.9738 -0.1998 0.1083
vn 0.0249 -0.6292 -0.7769
vn 0.2790 -0.5933 -0.7550
vn 0.9246 -0.0130 0.3808
vn 0.2388 -0.9530 0.1862
vn -0.0051 -0.6201 -0.7845
vn -0.4460 -0.7480 -0.4915
vn 0.6408 0.1047 -0.7605
vn -0.1606 -0.8272 -0.5384
vn -0.6270 -0.0097 -0.7790
vn -0.0282 -0.6101 -0.7919
vn 0.0024 -0.6524 -0.7579
vn 0.2154 -0.9570 -0.1940
vn 0.1078 0.9559 0.2732
vn 0.2806 -0.6168 0.7354
vn 0.2724 -0.6814 -0.6794
vn -0.3566 0.0295 -0.9338
vn -0.4807 0.0393 -0.8760
vn 0.9735 -0.2254 -0.0382
vn 0.5153 0.7326 -0.4448
vn 0.9227 -0.1001 0.3722
vn 0.8699 -0.0938 0.4842
vn -0.0329 0.2239 -0.9741
vn 0.0015 0.5682 0.8229
vn -0.5548 0.7017 0.4470
vn -0.2023 -0.6274 0.7520
vn -0.7059 0.7080 -0.0206
vn 0.8298 -0.3551 0.4305
vn 0.5932 -0.5058 0.6263
vn 0.1074 -0.9930 -0.0486
vn -0.5855 0.4429 0.6790
vn 0.0564 -0.2685 0.9616
vn -0.3268 0.1636 -0.9308
vn 0.9448 -0.3161 -0.0863
vn 0.3771 0.9202 0.1053
vn 0.4726 -0.8692 0.1458
vn 0.9983 0.0311 -0.0487
vn 0.2298 -0.8379 0.4951
vn 0.0480 0.9835 0.1745
vn 0.7712 0.5698 -0.2839
vn 0.0064 0.0417 -0.9991
vn 0.4982 -0.3259 -0.8035
vn 0.0922 -0.9115 -0.4008
vn -0.2481 0.5651 -0.7868
vn 0.1741 0.2190 -0.9601
vn 0.1927 -0.5893 -0.7846
vn -0.3584 -0.0034 0.9335
vn 0.0813 -0.6439 -0.7608
vn 0.0473 0.6513 -0.7574
vn 0.5995 -0.1425 -0.7876
vn -0.3263 -0.5877 -0.7403
vn 0.8375 -0.5436 -0.0561
vn 0.0304 -0.0117 0.9995
vn -0.0617 0.6173 -0.7843
vn -0.0423 0.6507 -0.7582
vn 0.5658 -0.4495 0.6912
vn -0.6377 -0.1645 -0.7525
vn -0.5865 0.2990 -0.7527
vn 0.1278 -0.7195 0.6826
vn -0.5695 0.1832 0.8013
vn 0.2881 0.8461 0.4484
vn 0.3262 0.8751 0.3574
vn -0.9540 0.1068 -0.2803
vn 0.3762 -0.5306 0.7595
vn 0.8825 0.1243 0.4536
vn 0.3032 -0.9324 0.1966
vn -0.8303 0.0773 0.5519
vn -0.3059 0.0576 -0.9503
vn -0.7102 -0.6381 -0.2975
vn 0.1645 0.9788 0.1218
vn -0.3138 -0.7065 0.6343
vn -0.8663 -0.2624 -0.4251
vn 0.0842 0.2680 -0.9597
vn 0.1087 0.2284 0.9675
vn 0.1785 -0.9812 0.0739
vn -0.9776 -0.1165 0.1753
vn 0.9644 -0.1974 -0.1758
vn 0.9229 -0.0915 0.3740
vn 0.9792 -0.0644 0.1925
vn 0.6811 -0.2919 0.6715
vn 0.6378 -0.1667 0.7520
vn 0.2438 -0.6843 0.6872
vn 0.4462 -0.4837 0.7529
vn 0.3607 -0.8056 0.4700
vn 0.9651 -0.1017 0.2415
vn 0.3153 0.6074 -0.7292
vn 0.7266 -0.5079 0.4627
vn -0.0719 -0.7646 -0.6405
vn -0.4816 -0.4740 0.7372
vn -0.2069 -0.5833 -0.7855
vn -0.2213 -0.9461 -0.2366
vn 0.8427 -0.1526 -0.5163
vn -0.2341 0.2534 0.9386
vn -0.9532 -0.0326 -0.3005
vn 0.2288 0.5901 0.7742
vn 0.8071 0.0985 0.5822
vn 0.3917 -0.9065 -0.1575
vn 0.0206 0.8392 0.5434
vn -0.9703 -0.1340 0.2012
vn 0.3035 0.1632 0.9388
vn 0.2036 0.1368 0.9694
vn 0.4408 -0.8912 -0.1072
vn 0.8008 -0.1703 -0.5742
vn 0.3127 -0.9199 -0.2365
vn -0.9847 0.1314 0.1144
vn -0.4748 -0.6665 -0.5748
vn -0.0120 0.0291 -0.9995
vn -0.3785 0.9147 -0.1418
vn 0.5757 -0.5648 -0.5912
vn 0.7488 -0.1257 0.6507
vn 0.4417 -0.8849 0.1480
vn 0.4089 -0.9031 0.1315
vn 0.6099 -0.7734 0.1728
vn 0.9423 0.2258 -0.2473
vn 0.4331 -0.8877 -0.1562
vn 0.6280 -0.5374 0.5629
vn -0.4856 0.7836 0.3875
vn -0.9444 0.2327 0.2323
vn -0.9461 0.0621 0.3178
vn 0.7041 -0.3310 -0.6283
vn 0.2166 -0.4945 0.8418
vn -0.1134 -0.9856 0.1256
vn -0.5217 0.7315 -0.4391
vn -0.7152 -0.4377 0.5449
vn -0.9857 -0.1650 -0.0331
vn 0.8769 -0.4303 -0.2142
vn -0.2590 0.7926 -0.5519
vn -0.1523 -0.6784 0.7187
vn -0.3301 -0.8985 -0.2894
vn 0.5871 -0.6001 -0.5433
vn -0.0452 -0.1854 -0.9816
vn 0.5442 0.8372 0.0539
vn 0.5039 0.6258 -0.5954
vn -0.9921 0.1167 -0.0454
vn 0.2555 0.9626 0.0903
vn -0.7851 -0.6193 -0.0001
vn 0.0362 -0.5921 0.8050
vn 0.4926 -0.4434 0.7488
vn 0.9915 -0.0811 0.1014
vn 0.0191 -0.0232 0.9995
vn -0.2196 0.8469 -0.4842
vn 0.3044 0.1336 0.9431
vn -0.5227 0.2202 0.8236
vn 0.6558 0.1962 0.7290
vn 0.7882 -0.5883 -0.1807
vn -0.0212 -0.9233 0.3835
vn 0.9070 -0.1417 0.3965
vn 0.4211 -0.8771 -0.2312
vn 0.9380 -0.3196 -0.1340
vn -0.2002 0.0771 0.9767
vn -0.4395 0.8639 0.2459
vn 0.0334 0.2901 -0.9564
vn 0.5866 -0.6698 -0.4553
vn 0.4215 -0.7933 -0.4393
vn 0.1333 0.8822 0.4516
vn -0.1641 -0.9084 -0.3847
vn 0.0027 -0.5808 -0.8140
vn 0.2722 0.9529 -0.1334
vn -0.2157 0.2349 0.9478
vn -0.0663 -0.6832 0.7272
vn -0.2452 -0.5391 0.8057
vn 0.5638 -0.6819 -0.4660
vn 0.5576 -0.7379 -0.3802
vn -0.0683 -0.6799 0.7301
vn -0.0745 -0.6856 0.7241
vn -0.2976 0.5305 -0.7937
vn -0.0867 -0.7091 0.6998
vn -0.2096 0.9756 0.0654
vn 0.8379 0.3092 -0.4498
vn 0.8008 0.3307 -0.4994
vn -0.0797 -0.9875 0.1357
vn -0.0020 -0.6576 -0.7534
vn -0.7242 -0.6896 0.0072
vn -0.9522 0.0572 0.3002
vn -0.5968 0.7455 0.2967
vn -0.5500 0.6903 0.4701
vn 0.8414 -0.4906 -0.2264
vn -0.5279 -0.6193 -0.5812
vn -0.7649 0.5077 0.3964
vn 0.1658 -0.8023 0.5735
vn 0.3312 -0.7690 0.5467
vn 0.7207 0.6383 -0.2707
vn -0.4246 0.8344 -0.3514
vn -0.3884 0.8173 -0.4256
vn 0.6266 -0.2401 0.7414
vn 0.2387 -0.9699 0.0483
vn -0.0057 -0.9873 -0.1586
vn -0.0968 0.9938 0.0544
vn -0.0094 0.9687 -0.2479
vn -0.7004 -0.7104 0.0693
vn 0.0778 -0.9969 -0.0139
vn 0.4825 -0.8628 -0.1511
vn 0.9794 -0.1985 0.0378
vn -0.2513 -0.8202 -0.5140
vn 0.0613 -0.9340 0.3521
vn 0.9043 -0.3398 -0.2585
vn 0.6609 -0.0849 0.7456
vn 0.6885 -0.7118 0.1391
vn 0.9501 0.0674 0.3046
vn -0.5923 0.1604 -0.7896
vn 0.2026 -0.5685 -0.7974
vn 0.8111 -0.4030 -0.4240
vn 0.4482 -0.7745 0.4464
vn -0.7697 0.6357 -0.0596
vn 0.0544 0.5949 -0.8019
vn 0.2816 -0.5402 -0.7930
vn -0.4181 0.4080 -0.8116
vn -0.4249 0.4116 -0.8063
vn -0.0923 -0.5565 -0.8257
vn -0.0665 -0.5992 -0.7978
vn 0.5335 0.2820 -0.7974
vn 0.5759 0.0419 -0.8165
vn 0.1296 0.5569 -0.8204
vn -0.5768 -0.1265 -0.8070
vn 0.3474 0.4881 -0.8006
vn -0.0885 -0.9669 0.2393
vn 0.1138 0.7913 0.6007
vn -0.1750 -0.9803 0.0920
vn 0.4697 -0.8722 -0.1366
vn -0.8061 0.0957 0.5840
vn 0.8206 -0.2536 0.5121
vn 0.6537 -0.5428 0.5273
vn 0.6630 0.4835 0.5715
vn -0.3759 0.2455 0.8935
vn -0.7868 -0.3836 0.4834
vn 0.9923 -0.1228 -0.0190
vn 0.9167 -0.2544 0.3083
vn 0.3803 -0.5953 -0.7078
vn 0.6690 -0.7307 0.1358
vn 0.6750 -0.2918 -0.6777
vn -0.7407 0.3757 -0.5570
vn 0.3140 0.8406 0.4414
vn 0.3392 -0.8110 0.4767
vn -0.2619 0.8184 0.5114
vn -0.1449 0.8388 0.5248
vn 0.7448 -0.3522 0.5668
vn -0.0346 0.1425 0.9892
vn 0.2084 0.2590 0.9431
vn -0.8003 -0.2735 -0.5335
vn -0.8127 -0.2706 -0.5161
vn -0.0058 -0.9998 -0.0199
vn -0.0861 -0.3775 -0.9220
vn 0.6264 -0.6901 -0.3624
vn 0.7620 -0.2517 -0.5967
vn -0.1000 0.9915 0.0828
vn 0.8473 -0.0581 0.5279
vn 0.6905 -0.5043 -0.5186
vn 0.6069 -0.6801 -0.4111
vn -0.0661 0.9935 0.0923
vn 0.3875 -0.9155 -0.1082
vn 0.7676 -0.3913 -0.5076
vn 0.7414 -0.4129 -0.5291
vn 0.6199 0.6471 0.4439
vn 0.6060 0.6855 0.4035
vn 0.8312 -0.3719 -0.4133
vn 0.6901 -0.2090 -0.6929
vn -0.3630 -0.8747 -0.3211
vn -0.8593 0.3628 -0.3605
vn 0.9606 -0.0223 -0.2771
vn -0.0609 -0.9611 0.2693
vn 0.8817 -0.2857 -0.3756
vn 0.0384 -0.8885 0.4573
vn -0.7545 -0.2403 -0.6107
vn 0.8189 0.2048 -0.5362
vn 0.3324 -0.9329 -0.1389
vn -0.5612 0.4708 -0.6808
vn -0.5821 0.4214 -0.6954
vn -0.0985 -0.7808 0.6170
vn 0.6978 -0.3820 -0.6060
vn -0.1662 0.2453 -0.9551
vn 0.9487 -0.3072 -0.0748
vn 0.7945 -0.4988 0.3464
vn -0.0922 -0.8917 -0.4432
vn 0.8238 -0.5524 -0.1273
vn 0.2386 -0.4337 -0.8689
vn 0.3558 -0.6429 0.6783
vn 0.9320 -0.2321 0.2785
vn 0.5482 -0.7984 0.2489
vn 0.3402 -0.8558 -0.3897
vn -0.9317 -0.3375 -0.1343
vn -0.9966 0.0093 -0.0823
vn -0.3256 0.9429 0.0709
vn 0.5065 -0.7902 0.3450
vn -0.0392 0.9746 -0.2207
vn 0.1803 -0.9741 -0.1364
vn -0.0418 -0.9974 -0.0579
vn -0.5628 -0.4752 0.6763
vn 0.7563 -0.0585 0.6516
vn -0.0028 -0.9854 -0.1702
vn -0.0187 -0.9960 -0.0877
vn 0.9381 0.3461 0.0137
vn 0.0570 0.0277 0.9980
vn 0.4916 -0.8696 0.0463
vn -0.1419 -0.8636 0.4838
vn 0.5307 -0.8421 -0.0957
vn -0.0640 -0.0603 0.9961
vn 0.0947 -0.9428 0.3197
vn 0.2211 0.9701 0.1000
vn 0.1307 0.9873 0.0898
vn 0.7083 -0.5860 0.3935
vn 0.8004 -0.1600 -0.5777
vn 0.2979 -0.9546 -0.0042
vn -0.1105 -0.9553 -0.2742
vn -0.0175 -0.9033 -0.4286
vn 0.2270 0.7260 -0.6492
vn 0.4776 -0.8727 -0.1016
vn -0.0917 -0.9604 -0.2631
vn 0.9467 -0.3204 0.0336
vn 0.1280 0.9838 0.1254
vn -0.0376 -0.9912 0.1271
vn -0.5827 0.7903 0.1894
vn -0.4718 -0.4133 0.7788
vn -0.6204 0.7414 0.2558
vn 0.9041 -0.2348 -0.3571
vn -0.0933 -0.8016 0.5905
vn -0.9967 -0.0600 -0.0553
vn -0.9649 -0.0708 -0.2530
vn -0.9526 -0.2649 -0.1494
vn 0.7885 -0.5674 0.2373
vn 0.5372 -0.7911 -0.2926
vn 0.7315 -0.4782 -0.4861
vn -0.0404 -0.9919 -0.1204
vn 0.8359 -0.3405 0.4304
vn 0.6647 -0.1277 0.7361
vn 0.2138 -0.1692 0.9621
vn 0.9055 -0.3776 0.1937
vn 0.9084 -0.3881 0.1555
vn 0.2371 -0.9618 -0.1369
vn -0.1068 0.9303 -0.3510
vn 0.3336 0.7669 -0.5483
vn -0.9837 -0.0959 0.1522
vn -0.0235 -0.9852 -0.1697
vn -0.3164 -0.4616 -0.8287
vn -0.9988 0.0465 -0.0148
vn 0.7340 -0.5967 -0.3243
vn 0.8780 -0.3277 0.3489
vn 0.5385 -0.0500 -0.8412
vn 0.5797 -0.0083 -0.8148
vn 0.0286 -0.8539 -0.5196
vn 0.8396 -0.3609 -0.4060
vn -0.4917 -0.8653 0.0974
vn 0.6969 -0.2227 -0.6817
vn -0.7041 -0.4625 -0.5389
vn -0.0727 0.1147 -0.9907
vn 0.6226 -0.4289 0.6546
vn -0.7976 -0.3076 -0.5188
vn 0.6291 0.7762 0.0414
vn 0.1124 -0.9505 -0.2898
vn 0.1741 -0.9647 0.1977
vn 0.3841 -0.8391 0.3853
vn 0.3743 -0.7926 0.4814
vn -0.3170 0.8586 0.4030
vn 0.8839 -0.4675 0.0126
vn 0.7900 -0.5549 0.2609
vn 0.5383 -0.8341 -0.1206
vn 0.5134 -0.8440 0.1554
vn 0.3742 0.7126 0.5934
vn 0.5081 -0.5313 0.6779
vn -0.1506 -0.4989 0.8535
vn 0.2796 -0.8585 0.4298
vn 0.7172 -0.6832 0.1374
vn 0.0638 -0.9949 0.0776
vn 0.3271 0.2267 0.9174
vn -0.1193 0.9683 0.2194
vn 0.2476 -0.6585 0.7107
vn 0.4141 -0.8188 0.3977
vn -0.1684 -0.7303 -0.6620
vn 0.8078 -0.5369 0.2431
vn 0.1210 -0.9806 -0.1539
vn 0.3042 -0.9344 -0.1855
vn -0.8944 -0.4466 -0.0241
vn 0.0803 -0.2346 0.9688
vn -0.0264 0.1414 0.9896
vn -0.0116 0.1355 0.9907
vn 0.4519 0.3473 -0.8217
vn 0.9236 -0.2980 -0.2411
vn -0.8402 -0.3628 0.4031
vn 0.1724 -0.5145 -0.8400
vn -0.7666 -0.4264 -0.4801
vn -0.5200 -0.5453 0.6575
vn -0.5493 0.0305 -0.8351
vn -0.4878 -0.7989 -0.3519
vn 0.3234 -0.4466 -0.8342
vn 0.3284 -0.4537 -0.8284
vn 0.0089 -0.7451 0.6668
vn 0.4396 -0.3078 -0.8438
vn 0.1221 0.5552 -0.8227
vn 0.0632 -0.5382 -0.8405
vn 0.0610 -0.5546 -0.8299
vn 0.3656 0.4204 -0.8304
vn 0.0285 -0.8090 0.5872
vn 0.2610 0.9626 0.0728
vn 0.6000 -0.7860 0.1492
vn 0.9485 -0.2335 0.2141
vn -0.7651 -0.6331 -0.1180
vn -0.1231 -0.7638 0.6337
vn 0.4145 -0.8753 0.2490
vn 0.2215 0.9675 0.1217
vn 0.5946 -0.6673 -0.4484
vn 0.6013 -0.6739 -0.4293
vn 0.3892 -0.8080 -0.4424
vn 0.0900 -0.9858 0.1419
vn 0.0691 -0.9933 0.0929
vn 0.6107 -0.5332 0.5855
vn -0.1835 -0.5897 0.7865
vn 0.8908 -0.4121 -0.1913
vn -0.4512 -0.8848 0.1160
vn 0.9938 0.0623 -0.0925
vn -0.8142 -0.5804 -0.0120
vn -0.2146 -0.4402 -0.8719
vn 0.8551 -0.2010 0.4778
vn 0.8808 -0.0231 0.4728
vn 0.2360 -0.6976 0.6765
vn 0.9918 -0.1260 -0.0233
vn 0.9803 -0.1077 -0.1654
vn 0.5878 -0.8063 0.0655
vn -0.1344 0.1581 0.9782
vn 0.3965 -0.8757 -0.2754
vn -0.0206 -0.7061 0.7078
vn -0.0206 -0.7652 -0.6435
vn 0.2173 -0.9641 -0.1524
vn 0.4113 -0.9114 0.0144
vn 0.4704 -0.5332 -0.7031
vn 0.9350 -0.2760 0.2226
vn 0.1955 -0.9282 -0.3166
vn 0.2739 -0.8753 0.3986
vn -0.0573 -0.8238 0.5640
vn -0.4627 -0.8837 -0.0702
vn 0.3266 -0.9359 -0.1320
vn -0.0267 -0.7955 -0.6053
vn -0.2290 0.8974 0.3771
vn 0.8379 0.4211 0.3472
vn -0.3979 -0.9137 -0.0823
vn 0.3450 -0.7500 -0.5643
vn 0.9859 -0.1386 0.0937
vn 0.3722 0.8391 -0.3967
vn -0.2316 -0.6679 0.7073
vn 0.5222 -0.8219 -0.2274
vn 0.5219 -0.8428 -0.1315
vn -0.1051 -0.9683 -0.2266
vn 0.0051 0.9646 -0.2637
vn -0.9975 0.0149 0.0695
vn -0.8819 -0.4226 -0.2090
vn 0.9593 -0.0546 -0.2772
vn 0.8818 -0.3013 0.3628
vn 0.4058 -0.8812 -0.2425
vn -0.0077 0.0366 -0.9993
vn 0.4063 -0.9119 -0.0587
vn 0.7764 -0.2942 -0.5573
vn 0.5983 -0.8005 0.0340
vn 0.0479 -0.2337 0.9711
vn -0.6852 0.6158 -0.3890
vn 0.1697 -0.2347 0.9571
vn 0.6607 -0.3795 -0.6476
vn 0.5080 -0.5343 -0.6756
vn 0.7503 -0.6606 0.0245
vn 0.6959 0.1470 0.7029
vn 0.8687 -0.4106 0.2769
vn -0.0861 -0.8605 -0.5021
vn 0.7043 -0.6769 0.2140
vn 0.0129 -0.7271 -0.6864
vn -0.0790 -0.7689 0.6345
vn -0.2607 0.2563 0.9308
vn -0.1343 -0.7312 0.6688
vn 0.1417 -0.8769 0.4593
vn 0.4731 -0.8662 -0.1607
vn 0.5250 -0.8108 0.2588
vn 0.7289 -0.6331 -0.2607
vn 0.7402 -0.6552 -0.1510
vn 0.6259 -0.7676 -0.1379
vn 0.9871 -0.0472 -0.1530
vn -0.2084 -0.7165 -0.6657
vn 0.8853 -0.2590 -0.3862
vn 0.4033 -0.9034 -0.1460
vn 0.7335 -0.5032 -0.4569
vn 0.8194 -0.4924 -0.2935
vn 0.0669 0.9926 0.1017
vn -0.1051 -0.9827 -0.1523
vn -0.0804 -0.9855 -0.1494
vn 0.3290 -0.6186 0.7136
vn 0.2077 0.8896 0.4069
vn 0.1886 0.9056 0.3799
vn 0.2826 -0.7946 0.5374
vn -0.2258 -0.6264 0.7461
vn 0.8467 -0.1985 0.4936
vn -0.0629 0.8119 -0.5805
vn 0.4246 -0.7465 0.5123
vn 0.6506 -0.1310 0.7480
vn 0.4475 -0.8762 -0.1789
vn 0.7321 -0.6592 0.1715
vn 0.5216 -0.6431 0.5606
vn 0.5369 -0.6282 0.5631
vn -0.3876 0.3124 0.8673
vn 0.9246 -0.3654 -0.1076
vn 0.2646 -0.7044 0.6587
vn 0.4263 -0.9030 0.0533
vn -0.0762 -0.9928 0.0929
vn 0.8359 -0.3493 -0.4234
vn -0.3661 -0.3532 -0.8610
vn -0.0201 -0.9382 -0.3455
vn 0.3992 -0.8299 0.3899
vn -0.8612 -0.4044 -0.3080
vn 0.1034 -0.6658 0.7389
vn -0.2022 -0.4973 -0.8437
vn -0.5068 0.1776 -0.8436
vn -0.4801 -0.1947 0.8553
vn -0.1602 0.5073 -0.8467
vn 0.8957 -0.2991 0.3290
vn 0.1387 -0.8797 -0.4549
vn 0.2700 -0.9190 0.2873
vn 0.5436 -0.8063 0.2332
vn 0.5422 -0.8034 0.2461
vn -0.1110 -0.9683 0.2236
vn -0.1062 -0.9530 0.2839
vn 0.9453 -0.3049 -0.1160
vn 0.1261 -0.9393 -0.3192
vn 0.9964 0.0504 -0.0686
vn -0.1815 -0.9333 0.3099
vn 0.6461 -0.2814 -0.7094
vn -0.0698 -0.7528 -0.6546
vn -0.1342 -0.9525 -0.2735
vn -0.1701 -0.9462 -0.2753
vn 0.2360 -0.7464 0.6222
vn 0.6809 -0.4550 -0.5739
vn 0.8437 -0.2269 -0.4865
vn 0.1642 -0.9749 -0.1506
vn 0.5678 -0.8111 -0.1407
vn 0.9462 -0.2726 -0.1741
vn 0.1659 -0.8444 0.5094
vn -0.0957 -0.8934 -0.4390
vn 0.0231 -0.9454 0.3252
vn 0.9701 -0.2347 -0.0619
vn 0.0378 -0.9897 0.1383
vn 0.7741 -0.5164 -0.3661
vn 0.6623 -0.4085 -0.6281
vn -0.4934 0.5162 0.7001
vn -0.8041 -0.4577 0.3794
vn 0.5456 -0.3855 0.7441
vn 0.4716 -0.8686 -0.1522
vn 0.3363 -0.5848 0.7381
vn 0.1757 -0.9820 -0.0701
vn -0.8292 -0.5315 -0.1727
vn 0.8922 0.0241 -0.4509
vn 0.8432 0.0222 -0.5371
vn -0.0929 -0.8857 0.4548
vn 0.6524 -0.1535 0.7422
vn -0.1853 -0.9035 0.3864
vn 0.7848 -0.3676 0.4989
vn 0.6361 -0.6303 0.4452
vn -0.7530 -0.4530 -0.4772
vn 0.3123 -0.9187 0.2418
vn -0.2985 -0.7634 -0.5729
vn -0.9292 0.1601 0.3331
vn -0.0300 -0.9845 -0.1726
vn -0.1304 -0.0489 -0.9903
vn 0.6264 -0.7023 0.3383
vn -0.1444 0.4890 -0.8603
vn 0.9183 -0.3762 0.1235
vn 0.6282 -0.2191 0.7466
vn 0.2084 -0.9747 0.0812
vn -0.3052 -0.4014 -0.8636
vn 0.6705 0.3908 -0.6307
vn -0.0060 0.9659 -0.2587
vn -0.8192 0.2561 0.5132
vn -0.2644 0.4328 -0.8619
vn -0.2882 0.4522 -0.8441
vn 0.7277 -0.0743 -0.6818
vn 0.7434 0.1034 0.6608
vn -0.0942 -0.8375 0.5382
vn -0.4734 0.0756 -0.8776
vn 0.2261 -0.9183 0.3248
vn 0.1795 0.9018 -0.3930
vn -0.0671 -0.9312 0.3583
vn 0.9372 -0.3237 -0.1300
vn 0.5869 -0.3660 0.7222
vn 0.6936 -0.3169 -0.6470
vn 0.1769 0.0290 0.9838
vn 0.2255 -0.9736 0.0353
vn -0.1369 -0.9249 0.3547
vn 0.4509 -0.6436 -0.6184
vn 0.3828 -0.5455 0.7456
vn 0.7410 -0.0783 0.6669
vn 0.5281 -0.5402 -0.6552
vn 0.6518 -0.2873 0.7019
vn 0.6084 -0.2924 -0.7378
vn 0.9703 0.0449 -0.2378
vn 0.9275 0.0988 0.3605
vn -0.0125 0.1148 -0.9933
vn 0.1625 -0.9790 -0.1227
vn 0.4246 -0.9053 0.0162
vn -0.9949 0.0956 -0.0325
vn 0.9108 -0.1455 0.3864
vn 0.9432 0.0753 0.3234
vn -0.9249 0.0855 0.3705
vn 0.6759 -0.3008 0.6728
vn 0.2780 -0.8749 -0.3965
vn -0.3714 -0.6182 0.6927
vn 0.4788 0.7850 -0.3931
vn 0.2358 0.4956 -0.8359
vn 0.3849 -0.6527 0.6526
vn -0.0074 -0.7096 -0.7046
vn 0.0980 -0.7230 0.6839
vn 0.0122 0.2642 0.9644
vn 0.0077 0.9871 0.1600
vn -0.8567 -0.4026 -0.3225
vn 0.8576 -0.0991 -0.5047
vn 0.4597 0.4486 0.7665
vn 0.1266 -0.7686 0.6271
vn 0.1205 -0.7664 0.6309
vn -0.0199 -0.6692 0.7428
vn -0.9836 -0.0970 0.1519
vn 1.0000 -0.0054 0.0063
vn 0.0447 -0.6573 0.7523
vn 0.7858 -0.2603 -0.5610
vn -0.6144 0.2732 0.7402
vn -0.0265 -0.8656 0.5001
vn 0.2227 -0.9154 0.3353
vn 0.0656 -0.9777 0.1997
vn 0.1447 -0.8343 -0.5320
vn 0.6091 0.7927 0.0232
vn 0.6928 -0.3188 -0.6468
vn 0.0264 -0.6462 -0.7627
vn 0.0219 -0.8540 -0.5198
vn 0.3073 0.9247 0.2249
vn 0.0949 -0.9261 -0.3651
vn -0.1415 -0.9882 0.0579
vn -0.6875 -0.4611 -0.5610
vn -0.6209 -0.3860 -0.6823
vn -0.0797 -0.5909 0.8028
vn -0.2864 -0.9573 -0.0383
vn -0.9084 0.1110 0.4030
vn 0.6937 -0.3163 0.6471
vn -0.0289 -0.7674 -0.6405
vn -0.1692 -0.7652 -0.6212
vn 0.2850 -0.9585 -0.0035
vn -0.9083 -0.2772 -0.3134
vn 0.0989 -0.9812 -0.1658
vn -0.9213 0.2764 0.2735
vn 0.1725 -0.7273 0.6642
vn 0.5087 -0.4260 0.7482
vn 0.1191 -0.8834 0.4533
vn 0.9142 -0.2613 0.3099
vn 0.7713 0.0579 0.6338
vn 0.3908 -0.8403 0.3757
vn 0.6407 -0.5608 -0.5244
vn 0.4488 -0.5743 -0.6847
vn 0.2414 -0.6255 0.7420
vn -0.7163 0.1705 0.6766
vn -0.0004 -0.0278 0.9996
vn 0.0426 -0.8027 -0.5948
vn 0.1990 -0.8520 -0.4843
vn -0.0176 -0.9998 -0.0072
vn 0.1542 -0.8253 -0.5433
vn 0.7316 -0.0198 0.6814
vt 0.941062 0.004659
vt 0.945212 0.080190
vt 0.940383 0.078029
vt 0.561219 0.211593
vt 0.550569 0.143111
vt 0.571737 0.164354
vt 0.733891 0.343418
vt 0.751313 0.344690
vt 0.743934 0.353486
vt 0.573916 0.341310
vt 0.584681 0.367868
vt 0.545934 0.379742
vt 0.619178 0.036971
vt 0.601891 0.092041
vt 0.605650 0.004731
vt 0.432513 0.323884
vt 0.397568 0.319713
vt 0.423057 0.300730
vt 0.392763 0.950669
vt 0.378955 0.945948
vt 0.386367 0.938819
vt 0.971344 0.073994
vt 0.963736 0.045750
vt 0.958324 0.005608
vt 0.696524 0.324078
vt 0.711763 0.323990
vt 0.709993 0.332982
vt 0.230669 0.588234
vt 0.244703 0.624599
vt 0.230441 0.594660
vt 0.097664 0.561392
vt 0.141081 0.592933
vt 0.096193 0.609461
vt 0.709163 0.645385
vt 0.701354 0.642440
vt 0.722156 0.632640
vt 0.755736 0.843366
vt 0.751920 0.838193
vt 0.757474 0.804870
vt 0.022666 0.592100
vt 0.047320 0.588172
vt 0.726056 0.848637
vt 0.710589 0.937684
vt 0.704035 0.919387
vt 0.131506 0.312303
vt 0.190039 0.453055
vt 0.119586 0.392938
vt 0.536672 0.283782
vt 0.529291 0.276378
vt 0.547984 0.274828
vt 0.869854 0.406995
vt 0.879611 0.405330
vt 0.876228 0.423786
vt 0.037176 0.337017
vt 0.012068 0.308360
vt 0.284482 0.195081
vt 0.344153 0.243586
vt 0.283112 0.220968
vt 0.498260 0.368676
vt 0.546107 0.306915
vt 0.496552 0.375822
vt 0.927717 0.686813
vt 0.922216 0.644386
vt 0.931454 0.642964
vt 0.040718 0.948959
vt 0.041896 0.956071
vt 0.028972 0.957285
vt 0.905142 0.918967
vt 0.912197 0.924549
vt 0.901094 0.925983
vt 0.376792 0.818577
vt 0.384731 0.817900
vt 0.381282 0.865344
vt 0.232006 0.802399
vt 0.224411 0.923465
vt 0.223090 0.908844
vt 0.225330 0.586563
vt 0.208741 0.573771
vt 0.980014 0.619455
vt 0.979333 0.605287
vt 0.987774 0.614006
vt 0.769592 0.804870
vt 0.785948 0.668391
vt 0.789897 0.752631
vt 0.423887 0.020151
vt 0.409932 0.035750
vt 0.392722 0.027067
vt 0.517328 0.881677
vt 0.523352 0.886883
vt 0.516635 0.892964
vt 0.323519 0.636501
vt 0.379952 0.637278
vt 0.350736 0.645398
vt 0.513982 0.110474
vt 0.514156 0.152788
vt 0.471920 0.153443
vt 0.984075 0.740325
vt 0.986295 0.746681
vt 0.977772 0.744540
vt 0.488628 0.851189
vt 0.495374 0.759424
vt 0.499959 0.864382
vt 0.630098 0.727711
vt 0.633214 0.695309
vt 0.643428 0.758716
vt 0.565726 0.401766
vt 0.541013 0.442534
vt 0.519473 0.418541
vt 0.247677 0.498646
vt 0.232120 0.492751
vt 0.232986 0.485370
vt 0.901475 0.754105
vt 0.909082 0.762763
vt 0.898563 0.767746
vt 0.921627 0.833959
vt 0.918197 0.912002
vt 0.916600 0.834509
vt 0.208741 0.952660
vt 0.226408 0.962323
vt 0.210423 0.983235
vt 0.704072 0.080523
vt 0.715653 0.094094
vt 0.702899 0.093585
vt 0.537532 0.854252
vt 0.533355 0.864122
vt 0.532945 0.849274
vt 0.384768 0.707511
vt 0.421886 0.684507
vt 0.423016 0.729190
vt 0.910518 0.442862
vt 0.905056 0.442633
vt 0.903044 0.336652
vt 0.543648 0.551768
vt 0.560418 0.561600
vt 0.545019 0.569921
vt 0.906015 0.291242
vt 0.657416 0.200188
vt 0.652374 0.122175
vt 0.662925 0.105409
vt 0.277040 0.410334
vt 0.299564 0.413895
vt 0.271308 0.453466
vt 0.954428 0.198016
vt 0.961137 0.186265
vt 0.962238 0.195870
vt 0.780744 0.852764
vt 0.779016 0.808007
vt 0.787262 0.813542
vt 0.595644 0.000752
vt 0.569569 0.003817
vt 0.566885 0.000443
vt 0.189357 0.892047
vt 0.184393 0.931241
vt 0.162074 0.897324
vt 0.455762 0.701104
vt 0.470672 0.728909
vt 0.467108 0.739151
vt 0.969574 0.658424
vt 0.978915 0.652281
vt 0.974168 0.663705
vt 0.952612 0.184754
vt 0.944577 0.104195
vt 0.954799 0.111437
vt 0.054647 0.270394
vt 0.101057 0.273357
vt 0.055780 0.279632
vt 0.530656 0.155509
vt 0.957301 0.980843
vt 0.951277 0.966998
vt 0.959874 0.970994
vt 0.043093 0.301791
vt 0.871975 0.424586
vt 0.874356 0.434579
vt 0.864665 0.431400
vt 0.598790 0.961756
vt 0.599751 0.950492
vt 0.610193 0.958126
vt 0.398197 0.957276
vt 0.380210 0.958786
vt 0.828622 0.812539
vt 0.839978 0.807072
vt 0.827293 0.824310
vt 0.850657 0.720454
vt 0.858150 0.718824
vt 0.852060 0.732572
vt 0.988704 0.961316
vt 0.980678 0.952869
vt 0.987643 0.944103
vt 0.990820 0.833959
vt 0.992379 0.852989
vt 0.984146 0.856046
vt 0.219254 0.735913
vt 0.219980 0.722110
vt 0.225162 0.716998
vt 0.067164 0.877803
vt 0.069498 0.813511
vt 0.085260 0.905750
vt 0.850248 0.688607
vt 0.853927 0.684635
vt 0.858149 0.698979
vt 0.493716 0.932572
vt 0.501894 0.930064
vt 0.501424 0.941860
vt 0.479908 0.972502
vt 0.486661 0.966687
vt 0.479626 0.981256
vt 0.959260 0.138925
vt 0.848713 0.767740
vt 0.857461 0.762672
vt 0.854376 0.779017
vt 0.882541 0.345355
vt 0.888622 0.355063
vt 0.882847 0.363742
vt 0.953014 0.848556
vt 0.943051 0.888625
vt 0.946388 0.833959
vt 0.143540 0.795556
vt 0.149972 0.796645
vt 0.149888 0.816914
vt 0.161141 0.835752
vt 0.171876 0.820130
vt 0.178053 0.843782
vt 0.987911 0.608069
vt 0.523875 0.770033
vt 0.516887 0.786645
vt 0.516118 0.775566
vt 0.864838 0.653167
vt 0.875078 0.652280
vt 0.872655 0.660666
vt 0.014999 0.735588
vt 0.004878 0.740668
vt 0.011828 0.717864
vt 0.646153 0.265102
vt 0.650771 0.270536
vt 0.643215 0.274925
vt 0.779481 0.186202
vt 0.792514 0.166870
vt 0.792592 0.181746
vt 0.079324 0.686248
vt 0.081325 0.712812
vt 0.076563 0.684307
vt 0.417527 0.951186
vt 0.418471 0.958959
vt 0.405891 0.958762
vt 0.469411 0.759565
vt 0.481424 0.759254
vt 0.475372 0.862093
vt 0.066976 0.917409
vt 0.087772 0.908372
vt 0.097631 0.919155
vt 0.939074 0.933951
vt 0.928112 0.923603
vt 0.937550 0.920024
vt 0.717722 0.671713
vt 0.737037 0.665574
vt 0.729467 0.677732
vt 0.299593 0.952072
vt 0.306967 0.961059
vt 0.300342 0.966267
vt 0.382874 0.648835
vt 0.438683 0.632135
vt 0.449447 0.647719
vt 0.013577 0.334695
vt -0.000000 0.335462
vt 0.112182 0.691995
vt 0.112020 0.669448
vt 0.122211 0.674737
vt 0.527020 0.489011
vt 0.544742 0.504272
vt 0.532149 0.509333
vt 0.493164 0.910329
vt 0.498921 0.916615
vt 0.488572 0.917253
vt 0.451946 0.904873
vt 0.464191 0.903361
vt 0.453642 0.907710
vt 0.227240 0.545573
vt 0.234605 0.516072
vt 0.255169 0.525208
vt 0.763240 0.584469
vt 0.759340 0.468692
vt 0.771285 0.469191
vt 0.692159 0.688014
vt 0.691524 0.807950
vt 0.686411 0.689555
vt 0.669858 0.568177
vt 0.667039 0.549097
vt 0.681150 0.557738
vt 0.642551 0.537858
vt 0.643635 0.522455
vt 0.652276 0.520956
vt 0.005224 0.201588
vt 0.052816 0.210989
vt 0.006301 0.226094
vt 0.754689 0.081082
vt 0.762222 0.069640
vt 0.763044 0.085211
vt 0.301219 0.922053
vt 0.297492 0.912098
vt 0.313892 0.932369
vt 0.302640 0.938752
vt 0.313401 0.943195
vt 0.311527 0.953417
vt 0.534156 0.957103
vt 0.525791 0.951369
vt 0.533804 0.949172
vt 0.715047 0.601171
vt 0.703518 0.595013
vt 0.702324 0.583901
vt 0.689840 0.438107
vt 0.693200 0.448822
vt 0.680193 0.443562
vt 0.610353 0.664906
vt 0.605251 0.676523
vt 0.602009 0.656259
vt 0.864325 0.824876
vt 0.872356 0.816851
vt 0.876334 0.824653
vt 0.911473 0.625653
vt 0.920249 0.608761
vt 0.920714 0.619137
vt 0.106872 0.304168
vt 0.959531 0.705349
vt 0.956972 0.646987
vt 0.964064 0.652890
vt 0.667041 0.265674
vt 0.669299 0.278659
vt 0.670239 0.286714
vt 0.328683 0.806137
vt 0.334471 0.864558
vt 0.328633 0.880524
vt 0.214109 0.527050
vt 0.228880 0.511923
vt 0.223183 0.536488
vt 0.207184 0.907048
vt 0.202712 0.912826
vt 0.719646 0.737679
vt 0.734865 0.743426
vt 0.715734 0.748529
vt 0.335837 0.968324
vt 0.338573 0.946421
vt 0.348166 0.957919
vt 0.136952 0.892826
vt 0.152553 0.892042
vt 0.142395 0.950928
vt 0.015360 0.794214
vt 0.004613 0.791633
vt 0.015435 0.782783
vt 0.918043 0.816449
vt 0.914289 0.816690
vt 0.934008 0.742473
vt 0.301873 0.899958
vt 0.312051 0.918288
vt 0.016108 0.980168
vt 0.003921 0.966071
vt 0.013924 0.957285
vt 0.597659 0.278607
vt 0.587375 0.283019
vt 0.593999 0.274972
vt 0.662284 0.808441
vt 0.657343 0.682288
vt 0.674901 0.808067
vt 0.315985 0.565888
vt 0.315025 0.561111
vt 0.323642 0.561622
vt 0.205488 0.544493
vt 0.200030 0.552586
vt 0.205322 0.538365
vt 0.903848 0.955667
vt 0.910317 0.952609
vt 0.903842 0.958851
vt 0.811394 0.894614
vt 0.805446 0.900523
vt 0.804875 0.874713
vt 0.649177 0.539706
vt 0.642652 0.552318
vt 0.564682 0.962813
vt 0.564806 0.946768
vt 0.585001 0.959797
vt 0.095802 0.755278
vt 0.091915 0.760605
vt 0.093927 0.748861
vt 0.232438 0.654079
vt 0.238816 0.703260
vt 0.634704 0.954407
vt 0.639652 0.963265
vt 0.635403 0.971757
vt 0.705111 0.146206
vt 0.717704 0.148718
vt 0.715839 0.164143
vt 0.003305 0.651857
vt 0.005413 0.672129
vt 0.004615 0.690710
vt 0.763864 0.642503
vt 0.764209 0.619867
vt 0.773677 0.641950
vt 0.901890 0.939536
vt 0.911424 0.926218
vt 0.902745 0.944235
vt 0.289199 0.613656
vt 0.275339 0.588273
vt 0.294801 0.607411
vt 0.670391 0.675853
vt 0.367792 0.806475
vt 0.396436 0.814417
vt 0.390809 0.813163
vt 0.724776 0.830820
vt 0.736361 0.824082
vt 0.737037 0.832873
vt 0.366173 0.741076
vt 0.481951 0.619403
vt 0.470946 0.689873
vt 0.173227 0.854326
vt 0.163013 0.847044
vt 0.051122 0.773003
vt 0.062952 0.780089
vt 0.059896 0.786481
vt 0.027542 0.785983
vt 0.025324 0.777415
vt 0.042135 0.781621
vt 0.709537 0.762735
vt 0.717204 0.755744
vt 0.719239 0.768397
vt 0.832531 0.846394
vt 0.822895 0.842830
vt 0.851177 0.839107
vt 0.816568 0.860270
vt 0.813084 0.869273
vt 0.809457 0.858050
vt 0.056323 0.770141
vt 0.058447 0.767233
vt 0.077465 0.762215
vt 0.094835 0.736118
vt 0.085106 0.756033
vt 0.985690 0.687033
vt 0.979266 0.683534
vt 0.631288 0.945004
vt 0.621715 0.940367
vt 0.630500 0.929397
vt 0.622487 0.925931
vt 0.629182 0.917681
vt 0.593688 0.385187
vt 0.546999 0.445021
vt 0.589086 0.379702
vt 0.295930 0.056965
vt 0.272069 0.046207
vt 0.367751 0.051686
vt 0.428896 0.056106
vt 0.393346 0.062843
vt 0.177959 0.563404
vt 0.343209 0.838561
vt 0.355677 0.863751
vt 0.338095 0.845356
vt 0.353689 0.804805
vt 0.350062 0.813339
vt 0.340459 0.817514
vt 0.121485 0.795556
vt 0.111399 0.790486
vt 0.122461 0.780544
vt 0.758573 0.919906
vt 0.775370 0.923977
vt 0.761927 0.924598
vt 0.800720 0.930147
vt 0.792952 0.934641
vt 0.795444 0.928815
vt 0.790343 0.964099
vt 0.794094 0.946698
vt 0.797913 0.953372
vt 0.900501 0.715695
vt 0.906024 0.709475
vt 0.901071 0.718853
vt 0.145909 0.872039
vt 0.149093 0.875823
vt 0.703129 0.403028
vt 0.716367 0.416130
vt 0.701555 0.421811
vt 0.507440 0.607313
vt 0.517624 0.597237
vt 0.522352 0.609906
vt 0.918065 0.684122
vt 0.000871 0.798599
vt 0.007411 0.808847
vt 0.000000 0.810298
vt 0.986203 0.213921
vt 0.983805 0.205659
vt 0.990304 0.209768
vt 0.299543 0.487326
vt 0.267720 0.511324
vt 0.318064 0.472457
vt 0.699910 0.715358
vt 0.703887 0.735479
vt 0.701356 0.725988
vt 0.141514 0.810074
vt 0.725091 0.983369
vt 0.719155 0.978443
vt 0.729153 0.978824
vt 0.498123 0.961133
vt 0.002960 0.957435
vt 0.563990 0.520408
vt 0.554926 0.523548
vt 0.553398 0.507654
vt 0.288963 0.894527
vt 0.293736 0.907012
vt 0.897744 0.598626
vt 0.900884 0.610749
vt 0.892470 0.607243
vt 0.833096 0.601298
vt 0.824726 0.469465
vt 0.838083 0.468692
vt 0.911028 0.163549
vt 0.911439 0.177064
vt 0.905714 0.159791
vt 0.165245 0.810066
vt 0.459045 0.885926
vt 0.462592 0.845080
vt 0.465959 0.884239
vt 0.423340 0.969453
vt 0.411312 0.980365
vt 0.503623 0.760070
vt 0.510457 0.760805
vt 0.507963 0.877278
vt 0.775203 0.986186
vt 0.773757 0.975869
vt 0.784661 0.964171
vt 0.450778 0.625701
vt 0.685237 0.218244
vt 0.689855 0.183543
vt 0.710759 0.267038
vt 0.958510 0.770299
vt 0.957430 0.788854
vt 0.938603 0.829774
vt 0.098974 0.907917
vt 0.097396 0.912825
vt 0.877691 0.059174
vt 0.841502 0.063159
vt 0.860823 0.034067
vt 0.162474 0.216169
vt 0.216683 0.235696
vt 0.154843 0.231566
vt 0.727395 0.327036
vt 0.027067 0.770846
vt 0.035462 0.768060
vt 0.022526 0.765246
vt 0.750866 0.030129
vt 0.758331 0.018522
vt 0.759944 0.036917
vt 0.779693 0.945486
vt 0.786432 0.944957
vt 0.776930 0.934696
vt 0.784797 0.933972
vt 0.642789 0.916279
vt 0.643451 0.910513
vt 0.654969 0.907517
vt 0.635022 0.922120
vt 0.963971 0.178491
vt 0.963056 0.149709
vt 0.725884 0.292361
vt 0.726380 0.278842
vt 0.734802 0.291528
vt 0.827032 0.919557
vt 0.816790 0.914593
vt 0.828323 0.913551
vt 0.857697 0.924433
vt 0.842072 0.923046
vt 0.843667 0.918432
vt 0.231011 0.609238
vt 0.231970 0.599813
vt 0.960208 0.957560
vt 0.955100 0.935322
vt 0.944879 0.939478
vt 0.296150 0.957287
vt 0.264985 0.975014
vt 0.277013 0.967880
vt 0.290826 0.970800
vt 0.753801 0.321385
vt 0.769005 0.323905
vt 0.765280 0.332637
vt 0.678818 0.037754
vt 0.690570 0.036288
vt 0.682428 0.052387
vt 0.424634 0.821291
vt 0.412963 0.850547
vt 0.411236 0.816590
vt 0.284905 0.376088
vt 0.313477 0.349390
vt 0.311543 0.361774
vt 0.810980 0.880099
vt 0.986944 0.793961
vt 0.981272 0.815468
vt 0.978571 0.800019
vt 0.970900 0.781473
vt 0.963944 0.776922
vt 0.979791 0.780255
vt 0.192269 0.927999
vt 0.186380 0.928930
vt 0.010931 0.663907
vt 0.016243 0.634715
vt 0.371208 0.016574
vt 0.350707 0.025593
vt 0.318781 0.017914
vt 0.003325 0.263330
vt 0.002595 0.273641
vt 0.814090 0.138746
vt 0.805100 0.135609
vt 0.806937 0.127824
vt 0.928321 0.608691
vt 0.926356 0.596826
vt 0.933015 0.600747
vt 0.617900 0.001540
vt 0.639334 0.001477
vt 0.626737 0.003805
vt 0.621246 0.095932
vt 0.628734 0.017291
vt 0.636789 0.878393
vt 0.627055 0.892955
vt 0.631362 0.810297
vt 0.720590 0.682111
vt 0.705908 0.681889
vt 0.410567 0.933357
vt 0.415255 0.923951
vt 0.419550 0.938916
vt 0.946512 0.978974
vt 0.111399 0.812787
vt 0.122874 0.804145
vt 0.121810 0.809077
vt 0.930112 0.835219
vt 0.931590 0.885773
vt 0.926283 0.850340
vt 0.432529 0.978042
vt 0.437815 0.980723
vt 0.433330 0.992566
vt 0.709606 0.820410
vt 0.726161 0.820259
vt 0.526560 0.823222
vt 0.528395 0.835535
vt 0.518397 0.832972
vt 0.850137 0.761398
vt 0.849313 0.765204
vt 0.701719 0.694046
vt 0.705675 0.708805
vt 0.985725 0.132578
vt 0.989814 0.129416
vt 0.991346 0.140827
vt 0.890139 0.806442
vt 0.733521 0.369451
vt 0.745852 0.371089
vt 0.738768 0.384872
vt 0.386100 0.160429
vt 0.436020 0.156530
vt 0.420445 0.159328
vt 0.470924 0.981893
vt 0.452781 0.973378
vt 0.462177 0.975310
vt 0.451946 0.977705
vt 0.757955 0.199144
vt 0.751829 0.190164
vt 0.759365 0.188456
vt 0.491008 0.956191
vt 0.576326 0.429048
vt 0.560024 0.444409
vt 0.597419 0.391244
vt 0.336075 0.921168
vt 0.331697 0.908594
vt 0.339940 0.915263
vt 0.955863 0.220978
vt 0.956270 0.207190
vt 0.959900 0.215146
vt 0.141817 0.249429
vt 0.212774 0.266133
vt 0.142758 0.258973
vt 0.341876 0.828842
vt 0.334471 0.831100
vt 0.951248 0.952558
vt 0.475200 0.737839
vt 0.479160 0.741825
vt 0.482253 0.752331
vt 0.084562 0.958961
vt 0.085111 0.949265
vt 0.090797 0.954811
vt 0.673742 0.589372
vt 0.659546 0.586377
vt 0.634874 0.595901
vt 0.636553 0.585302
vt 0.641424 0.594290
vt 0.689608 0.087017
vt 0.178167 0.858918
vt 0.191365 0.866964
vt 0.183127 0.872069
vt 0.197810 0.755108
vt 0.206829 0.744945
vt 0.208741 0.761875
vt 0.140755 0.725818
vt 0.121360 0.733956
vt 0.124102 0.713032
vt 0.820517 0.854031
vt 0.813261 0.850614
vt 0.198617 0.744836
vt 0.873086 0.195126
vt 0.854618 0.197070
vt 0.862388 0.187796
vt 0.934061 0.997721
vt 0.940131 0.986355
vt 0.943613 0.994100
vt 0.341960 0.834728
vt 0.923827 0.883851
vt 0.675230 0.379741
vt 0.663556 0.378601
vt 0.673598 0.364705
vt 0.679387 0.825712
vt 0.679387 0.808696
vt 0.685180 0.816061
vt 0.111659 0.774507
vt 0.518304 0.849503
vt 0.526669 0.854336
vt 0.518290 0.853391
vt 0.985139 0.638179
vt 0.990563 0.634546
vt 0.992091 0.639980
vt 0.800575 0.053843
vt 0.810456 0.054122
vt 0.802538 0.059150
vt 0.703246 0.799966
vt 0.717248 0.812924
vt 0.285680 0.531241
vt 0.290934 0.539116
vt 0.271797 0.563113
vt 0.005782 0.829679
vt 0.008503 0.821938
vt 0.011265 0.840109
vt 0.451946 0.525621
vt 0.463074 0.515661
vt 0.466084 0.527970
vt 0.262914 0.525919
vt 0.262453 0.535545
vt 0.712614 0.805229
vt 0.703277 0.784105
vt 0.705870 0.770973
vt 0.712178 0.779652
vt 0.963944 0.774310
vt 0.103499 0.739492
vt 0.098567 0.738899
vt 0.106214 0.732493
vt 0.849685 0.844165
vt 0.863412 0.845965
vt 0.727474 0.879558
vt 0.619961 0.641736
vt 0.614958 0.634617
vt 0.620009 0.629894
vt 0.059809 0.343767
vt 0.053865 0.715193
vt 0.057969 0.709937
vt 0.959144 0.894763
vt 0.965208 0.838852
vt 0.964878 0.891906
vt 0.264985 0.513574
vt 0.268245 0.535721
vt 0.265752 0.538057
vt 0.164833 0.192462
vt 0.164662 0.175231
vt 0.260022 0.228950
vt 0.892220 0.028924
vt 0.901874 0.031024
vt 0.901137 0.063440
vt 0.881163 0.169552
vt 0.890017 0.169869
vt 0.887768 0.178528
vt 0.544457 0.760426
vt 0.552215 0.759254
vt 0.549793 0.771839
vt 0.014171 0.766377
vt 0.866450 0.090997
vt 0.845490 0.117532
vt 0.862093 0.090601
vt 0.828361 0.137848
vt 0.828984 0.132622
vt 0.081709 0.990491
vt 0.086690 0.979862
vt 0.089631 0.988882
vt 0.177762 0.835107
vt 0.534420 0.921658
vt 0.527434 0.921736
vt 0.531512 0.905029
vt 0.700246 0.030486
vt 0.714104 0.036195
vt 0.703941 0.043694
vt 0.054374 0.262935
vt 0.098748 0.258892
vt 0.457789 0.539059
vt 0.193987 0.471762
vt 0.192079 0.509345
vt 0.046246 0.772186
vt 0.986387 0.801586
vt 0.389834 0.923480
vt 0.383935 0.920292
vt 0.392633 0.920573
vt 0.310081 0.483548
vt 0.729221 0.761109
vt 0.724397 0.752177
vt 0.735627 0.753738
vt 0.736319 0.676451
vt 0.445241 0.982356
vt 0.445501 0.994248
vt 0.890676 0.670669
vt 0.899131 0.690268
vt 0.888178 0.681775
vt 0.476096 0.909488
vt 0.208741 0.933897
vt 0.232262 0.952771
vt 0.121097 0.657100
vt 0.151402 0.667037
vt 0.135203 0.676364
vt 0.134562 0.663643
vt 0.486167 0.906202
vt 0.105129 0.784648
vt 0.098974 0.778730
vt 0.104669 0.778272
vt 0.864325 0.840487
vt 0.027728 0.748011
vt 0.051814 0.753382
vt 0.030822 0.757628
vt 0.764293 0.374125
vt 0.775037 0.377059
vt 0.770797 0.392300
vt 0.605369 0.281983
vt 0.617233 0.288840
vt 0.600398 0.283168
vt 0.799376 0.627372
vt 0.800637 0.642747
vt 0.792390 0.642943
vt 0.785309 0.621755
vt 0.784932 0.642864
vt 0.209175 0.288651
vt 0.210147 0.280632
vt 0.253301 0.288685
vt 0.918901 0.435626
vt 0.918968 0.443427
vt 0.916174 0.305221
vt 0.947143 0.624586
vt 0.973404 0.625902
vt 0.514190 0.002343
vt 0.473832 0.014820
vt 0.474445 0.006929
vt 0.040244 0.873544
vt 0.046124 0.926146
vt 0.036114 0.938325
vt 0.603617 0.539251
vt 0.600148 0.550862
vt 0.595615 0.533658
vt 0.618968 0.953950
vt 0.608986 0.949705
vt 0.619649 0.943789
vt 0.978630 0.673054
vt 0.891629 0.688614
vt 0.977212 0.884647
vt 0.986693 0.878486
vt 0.986292 0.886117
vt 0.287005 0.183356
vt 0.370198 0.205183
vt 0.281969 0.194077
vt 0.278605 0.223097
vt 0.971636 0.244521
vt 0.976527 0.237349
vt 0.980449 0.245650
vt 0.703077 0.280292
vt 0.707808 0.276906
vt 0.709005 0.286779
vt 0.879520 0.572717
vt 0.880239 0.558140
vt 0.884588 0.573755
vt 0.085975 0.723153
vt 0.032921 0.723432
vt 0.752401 0.914826
vt 0.766182 0.912939
vt 0.759277 0.917688
vt 0.557706 0.838923
vt 0.550930 0.844694
vt 0.553206 0.830291
vt 0.661742 0.973359
vt 0.668940 0.976610
vt 0.654344 0.980993
vt 0.990830 0.454053
vt 0.990692 0.474072
vt 0.987696 0.466549
vt 0.727799 0.160730
vt 0.024809 0.860661
vt 0.018583 0.843643
vt 0.363713 0.038315
vt 0.414898 0.045635
vt 0.223791 0.775042
vt 0.210312 0.779920
vt 0.220727 0.770416
vt 0.921627 0.909517
vt 0.617233 0.257204
vt 0.626880 0.257674
vt 0.619720 0.266598
vt 0.769335 0.283367
vt 0.770293 0.238492
vt 0.776539 0.237329
vt 0.158577 0.761323
vt 0.140323 0.772344
vt 0.153211 0.751726
vt 0.883336 0.967346
vt 0.901890 0.964605
vt 0.891824 0.970442
vt 0.007657 0.955644
vt -0.000000 0.952526
vt 0.006750 0.945435
vt 0.407121 0.944916
vt 0.954240 0.712435
vt 0.994132 0.945309
vt 0.993914 0.957726
vt 0.505720 0.504557
vt 0.514263 0.512740
vt 0.508549 0.527476
vt 0.582868 0.767715
vt 0.590452 0.764496
vt 0.589811 0.771216
vt 0.362047 0.957674
vt 0.357199 0.958173
vt 0.356415 0.949407
vt 0.365863 0.106715
vt 0.388718 0.118066
vt 0.342072 0.131392
vt 0.124807 0.888464
vt 0.003904 0.084055
vt 0.091773 0.079231
vt 0.092311 0.099646
vt 0.102402 0.371644
vt 0.985678 0.384975
vt 0.988580 0.366686
vt 0.989705 0.388575
vt 0.527319 0.594509
vt 0.539252 0.599183
vt 0.301940 0.575516
vt 0.295842 0.585717
vt 0.745345 0.252140
vt 0.744462 0.242471
vt 0.750392 0.250432
vt 0.437756 0.864439
vt 0.437291 0.832767
vt 0.443933 0.860945
vt 0.443275 0.873428
vt 0.431138 0.888853
vt 0.005600 0.067711
vt 0.184547 0.406697
vt 0.198310 0.615350
vt 0.196944 0.609156
vt 0.198310 0.603389
vt 0.990578 0.736041
vt 0.992790 0.689209
vt 0.995211 0.732762
vt 0.928663 0.435917
vt 0.937543 0.479017
vt 0.941804 0.516871
vt 0.944121 0.566476
vt 0.210851 0.275290
vt 0.136751 0.269462
vt 0.824928 0.850137
vt 0.583992 0.505062
vt 0.582291 0.513865
vt 0.576958 0.497794
vt 0.709659 0.958641
vt 0.715258 0.953762
vt 0.712961 0.963369
vt 0.233676 0.323144
vt 0.236472 0.312006
vt 0.248759 0.309589
vt 0.766865 0.066440
vt 0.051063 0.872896
vt 0.052236 0.942000
vt 0.537857 0.943312
vt 0.224342 0.514479
vt 0.712836 0.689763
vt 0.725313 0.988766
vt 0.730502 0.986308
vt 0.732752 0.993982
vt 0.646457 0.970719
vt 0.532358 0.224639
vt 0.527670 0.179054
vt 0.263678 0.564859
vt 0.264814 0.653736
vt 0.261208 0.628252
vt 0.829974 0.163395
vt 0.831249 0.153606
vt 0.836137 0.160492
vt 0.160865 0.891158
vt 0.160865 0.959184
vt 0.051443 0.782062
vt 0.935364 0.378178
vt 0.945696 0.371576
vt 0.941478 0.389304
vt 0.929633 0.286493
vt 0.917484 0.280512
vt 0.921440 0.276739
vt 0.911164 0.293880
vt 0.901231 0.909965
vt 0.893379 0.902057
vt 0.903079 0.835064
vt 0.839715 0.793809
vt 0.834530 0.803359
vt 0.517918 0.808725
vt 0.524143 0.806316
vt 0.518185 0.819337
vt 0.709876 0.792701
vt 0.978909 0.869719
vt 0.524088 0.456237
vt 0.534455 0.471257
vt 0.525836 0.470793
vt 0.669270 0.920384
vt 0.675130 0.915565
vt 0.673244 0.924316
vt 0.858281 0.965732
vt 0.850485 0.970893
vt 0.852207 0.961448
vt 0.255540 0.264080
vt 0.250802 0.277147
vt 0.064635 0.582238
vt 0.080371 0.574271
vt 0.946045 0.923598
vt 0.371464 0.084116
vt 0.276468 0.116700
vt 0.720236 0.750697
vt 0.589298 0.930392
vt 0.597528 0.789874
vt 0.593784 0.931208
vt 0.003897 0.255998
vt 0.823462 0.596156
vt 0.816669 0.605611
vt 0.815214 0.470611
vt 0.872305 0.940601
vt 0.864673 0.932661
vt 0.875962 0.930589
vt 0.206632 0.892359
vt 0.205815 0.897024
vt 0.685180 0.810011
vt 0.690136 0.808696
vt 0.685832 0.815335
vt 0.966327 0.772113
vt 0.200752 0.067018
vt 0.255166 0.049764
vt 0.229441 0.081442
vt 0.291606 0.351355
vt 0.283230 0.367533
vt 0.688154 0.644251
vt 0.699087 0.630259
vt 0.748421 0.110661
vt 0.754691 0.128903
vt 0.742845 0.126261
vt 0.401179 0.229116
vt 0.389593 0.246985
vt 0.354379 0.223822
vt 0.864961 0.942792
vt 0.874410 0.946775
vt 0.864510 0.948209
vt 0.645709 0.562665
vt 0.655916 0.546823
vt 0.307720 0.462888
vt 0.493207 0.946046
vt 0.566484 0.508575
vt 0.557433 0.502260
vt 0.557584 0.491742
vt 0.628068 0.194493
vt 0.639851 0.094436
vt 0.640249 0.201900
vt 0.603599 0.275249
vt 0.600731 0.272911
vt 0.600310 0.257293
vt 0.701900 0.506539
vt 0.695051 0.497218
vt 0.705644 0.497004
vt 0.774454 0.853059
vt 0.551067 0.312685
vt 0.586886 0.579397
vt 0.592690 0.589734
vt 0.583060 0.584927
vt 0.952465 0.987596
vt 0.737037 0.857090
vt 0.099074 0.801857
vt 0.529461 0.617505
vt 0.509749 0.619403
vt 0.837545 0.229676
vt 0.835585 0.249515
vt 0.829313 0.230823
vt 0.673541 0.418619
vt 0.666879 0.426798
vt 0.659204 0.409446
vt 0.282651 0.519918
vt 0.554876 0.545356
vt 0.597230 0.263555
vt 0.587388 0.262823
vt 0.589771 0.257221
vt 0.693125 0.967121
vt 0.699171 0.973354
vt 0.691579 0.975491
vt 0.958624 0.946041
vt 0.002354 0.709959
vt 0.006073 0.704859
vt 0.687142 0.595893
vt 0.684948 0.621780
vt 0.697093 0.615766
vt 0.205349 0.580952
vt 0.194484 0.589533
vt 0.194998 0.580172
vt 0.061088 0.684340
vt 0.077214 0.679274
vt 0.707535 0.444581
vt 0.721217 0.432064
vt 0.705266 0.433922
vt 0.558134 0.768394
vt 0.555779 0.774329
vt 0.437961 0.817238
vt 0.440985 0.834240
vt 0.434299 0.819356
vt 0.640008 0.896895
vt 0.634043 0.905994
vt 0.627857 0.904457
vt 0.144928 0.126289
vt 0.176321 0.149118
vt 0.146781 0.149327
vt 0.796294 0.460343
vt 0.796760 0.442863
vt 0.804749 0.442388
vt 0.471633 0.975527
vt 0.517183 0.031281
vt 0.512517 0.041677
vt 0.471372 0.033848
vt 0.472636 0.062955
vt 0.474937 0.046599
vt 0.788557 0.459614
vt 0.792450 0.444047
vt 0.307844 0.906768
vt 0.585522 0.619403
vt 0.598187 0.632665
vt 0.593545 0.633158
vt 0.604898 0.648201
vt 0.694440 0.267442
vt 0.678385 0.268120
vt 0.679536 0.258043
vt 0.647371 0.475399
vt 0.644115 0.489544
vt 0.640317 0.484285
vt 0.907484 0.195922
vt 0.904176 0.179523
vt 0.914631 0.223734
vt 0.910785 0.217323
vt 0.913026 0.200727
vt 0.230494 0.707211
vt 0.226955 0.744926
vt 0.667772 0.809839
vt 0.674279 0.891648
vt 0.665052 0.888115
vt 0.273646 0.067343
vt 0.353477 0.068503
vt 0.274717 0.087830
vt 0.138509 0.964916
vt 0.150759 0.963947
vt 0.141553 0.973576
vt 0.531398 0.811516
vt 0.529382 0.794097
vt 0.537299 0.806359
vt 0.799263 0.217134
vt 0.780590 0.216715
vt 0.777383 0.208693
vt 0.502431 0.374575
vt 0.659862 0.328496
vt 0.645515 0.323941
vt 0.664574 0.318192
vt 0.183706 0.947472
vt 0.185491 0.968462
vt 0.430998 0.168964
vt 0.416862 0.905458
vt 0.409770 0.877367
vt 0.419693 0.891053
vt 0.249381 0.973041
vt 0.243927 0.979960
vt 0.238282 0.972248
vt 0.006103 0.623754
vt 0.071112 0.617551
vt 0.007187 0.626245
vt 0.600581 0.381572
vt 0.605808 0.379377
vt 0.606689 0.383202
vt 0.908841 0.906598
vt 0.276076 0.801440
vt 0.293146 0.786356
vt 0.295392 0.792154
vt 0.909625 0.718046
vt 0.910497 0.734002
vt 0.901663 0.722201
vt 0.177587 0.377339
vt 0.183844 0.390548
vt 0.952923 0.016143
vt 0.949359 0.011413
vt 0.496017 0.388659
vt 0.503410 0.403389
vt 0.887870 0.072617
vt 0.879336 0.073620
vt 0.882029 0.066005
vt 0.753945 0.454535
vt 0.748400 0.465138
vt 0.737607 0.461868
vt 0.364042 0.967674
vt 0.358151 0.963450
vt 0.362108 0.963778
vt 0.755180 0.653436
vt 0.746878 0.803915
vt 0.746636 0.678377
vt 0.222887 0.336460
vt 0.213122 0.337692
vt 0.223273 0.327557
vt 0.629737 0.935596
vt 0.950258 0.683772
vt 0.950751 0.644503
vt 0.721921 0.313040
vt 0.725902 0.300279
vt 0.732046 0.304784
vt 0.921627 1.000000
vt 0.921837 0.994428
vt 0.374337 0.937573
vt 0.024436 0.957473
vt 0.024907 0.983562
vt 0.767634 0.011078
vt 0.780262 0.012746
vt 0.773161 0.015632
vt 0.896273 0.775800
vt 0.590455 0.517396
vt 0.571919 0.280187
vt 0.577421 0.289615
vt 0.562479 0.283745
vt 0.187929 0.829324
vt 0.201941 0.835175
vt 0.184292 0.828523
vt 0.355677 0.807921
vt 0.800063 0.972213
vt 0.802809 0.979205
vt 0.323533 0.564212
vt 0.743853 0.920523
vt 0.678148 0.489050
vt 0.658775 0.485783
vt 0.671050 0.480320
vt 0.715002 0.825788
vt 0.434047 0.913461
vt 0.427031 0.927114
vt 0.032632 0.863509
vt 0.036846 0.870944
vt 0.029996 0.866354
vt 0.043718 0.872389
vt 0.047554 0.870683
vt 0.053809 0.870471
vt 0.079615 0.979148
vt 0.302741 0.792373
vt 0.293410 0.799312
vt 0.270157 0.072297
vt 0.272238 0.084037
vt 0.273495 0.117485
vt 0.271082 0.102223
vt 0.368891 0.914621
vt 0.368298 0.906297
vt 0.375505 0.898986
vt 0.394200 0.963641
vt 0.289084 0.496311
vt 0.655441 0.374338
vt 0.651842 0.359896
vt 0.663196 0.355585
vt 0.811995 0.831405
vt 0.822504 0.838465
vt 0.654975 0.309668
vt 0.292612 0.438891
vt 0.296359 0.450855
vt 0.862695 0.938460
vt 0.862712 0.950683
vt 0.858111 0.948311
vt 0.933059 0.991081
vt 0.015853 0.721459
vt 0.949359 -0.000000
vt 0.949359 0.082413
vt 0.577823 0.259578
vt 0.577950 0.271485
vt 0.574007 0.264608
vt 0.577950 0.272721
vt 0.578808 0.261618
vt 0.582505 0.268331
vt 0.061274 0.700840
vt 0.903341 0.582758
vt 0.911531 0.590529
vt 0.905066 0.596201
vt 0.236057 0.944427
vt 0.087771 0.226443
vt 0.106931 0.244225
vt 0.052596 0.231810
vt 0.519593 0.069602
vt 0.517349 0.083111
vt 0.516568 0.057029
vt 0.158166 0.802266
vt 0.000000 0.256567
vt 0.001223 0.245903
vt 0.919874 0.596685
vt 0.910961 0.606815
vt 0.671948 0.002512
vt 0.665701 0.006388
vt 0.661701 0.002465
vt 0.756796 0.990940
vt 0.738968 0.986614
vt 0.751882 0.985733
vt 0.198254 0.577809
vt 0.863170 0.920448
vt 0.680638 0.205601
vt 0.457455 0.902234
vt 0.156701 0.962343
vt 0.157907 0.970704
vt 0.153464 0.944725
vt 0.648705 0.880370
vt 0.646418 0.810487
vt 0.400997 0.297731
vt 0.686147 0.365447
vt 0.407044 0.856846
vt 0.405891 0.824692
vt 0.082854 0.767187
vt 0.055888 0.772186
vt 0.009560 0.800998
vt 0.028616 0.659092
vt 0.032725 0.641963
vt 0.035899 0.659401
vt 0.507164 0.902871
vt 0.512523 0.882406
vt 0.834961 0.461500
vt 0.823723 0.461489
vt 0.831452 0.443247
vt 0.498802 0.887290
vt 0.448241 0.327382
vt 0.624072 0.714071
vt 0.625497 0.700046
vt 0.804133 0.893568
vt 0.803784 0.884725
vt 0.911974 0.235502
vt 0.906993 0.228901
vt 0.914036 0.263499
vt 0.909891 0.252548
vt 0.916224 0.247250
vt 0.674650 0.947028
vt 0.671834 0.940925
vt 0.678765 0.943424
vt 0.744133 0.155006
vt 0.741586 0.164860
vt 0.693155 0.925255
vt 0.713597 0.837833
vt 0.694850 0.150468
vt 0.702891 0.158972
vt 0.801110 0.822912
vt 0.801110 0.804870
vt 0.807370 0.815010
vt 0.905183 0.268097
vt 0.251127 0.759256
vt 0.252021 0.761353
vt 0.231934 0.760434
vt 0.449685 0.683698
vt 0.448211 0.663814
vt 0.449685 0.651128
vt 0.017053 0.956834
vt 0.012167 0.948295
vt 0.539396 0.465428
vt 0.530598 0.460155
vt 0.256571 0.763343
vt 0.262126 0.781184
vt 0.258138 0.781790
vt 0.882230 0.589269
vt 0.207267 0.511923
vt 0.208178 0.525583
vt 0.207267 0.536710
vt 0.554134 0.083409
vt 0.982899 0.125269
vt 0.989686 0.114985
vt 0.543600 0.956123
vt 0.543645 0.946523
vt 0.890017 0.962858
vt 0.889466 0.956935
vt 0.899052 0.960211
vt 0.857527 0.429456
vt 0.856907 0.418518
vt 0.200374 0.917830
vt 0.977067 0.789691
vt 0.007522 0.631741
vt 0.006782 0.626894
vt 0.012907 0.626321
vt 0.837096 0.040630
vt 0.828431 0.019447
vt 0.630358 0.544802
vt 0.625896 0.553176
vt 0.624215 0.542013
vt 0.690598 0.937908
vt 0.699351 0.938075
vt 0.321956 0.336830
vt 0.305261 0.332087
vt 0.331657 0.894527
vt 0.325261 0.891642
vt 0.029130 0.873733
vt 0.027046 0.932096
vt 0.448515 0.649903
vt 0.400633 0.651128
vt 0.636533 0.556807
vt 0.638737 0.569505
vt 0.001456 0.022714
vt 0.004932 0.018686
vt 0.004106 0.031512
vt 0.938448 0.847604
vt 0.546701 0.312918
vt 0.264814 0.299504
vt 0.246739 0.302298
vt 0.274874 0.875845
vt 0.272769 0.828348
vt 0.294985 0.818704
vt 0.664647 0.209399
vt 0.664987 0.250493
vt 0.677372 0.392055
vt 0.666325 0.399552
vt 0.265643 0.969602
vt 0.204146 0.661470
vt 0.205928 0.661650
vt 0.198627 0.661871
vt 0.204712 0.655894
vt 0.971443 0.354555
vt 0.968450 0.359758
vt 0.966609 0.351714
vt 0.634899 0.251506
vt 0.610953 0.248831
vt 0.490183 0.450288
vt 0.501105 0.450885
vt 0.494561 0.462290
vt 0.694464 0.485759
vt 0.676954 0.672839
vt 0.683633 0.807791
vt 0.418043 0.986384
vt 0.556811 0.284533
vt 0.617233 0.289018
vt 0.619375 0.282462
vt 0.624121 0.293025
vt 0.343320 0.661170
vt 0.275906 0.700476
vt 0.273502 0.696128
vt 0.722389 0.374894
vt 0.718565 0.357139
vt 0.725305 0.345451
vt 0.554789 0.983682
vt 0.552993 0.975893
vt 0.559435 0.983006
vt 0.899950 0.329382
vt 0.892742 0.325856
vt 0.900486 0.319828
vt 0.211154 0.468222
vt 0.204087 0.453135
vt 0.219557 0.468050
vt 0.986795 0.482931
vt 0.990331 0.493269
vt 0.137218 0.497070
vt 0.187729 0.532976
vt 0.855021 0.322367
vt 0.862243 0.323885
vt 0.859264 0.336313
vt 0.251376 0.789524
vt 0.249831 0.765163
vt 0.120610 0.887148
vt 0.288137 0.728590
vt 0.343979 0.678894
vt 0.346952 0.708305
vt 0.851711 0.613043
vt 0.863190 0.609633
vt 0.862757 0.626379
vt 0.039490 0.772818
vt 0.543036 0.013161
vt 0.546479 0.041932
vt 0.529033 0.044931
vt 0.518155 0.858064
vt 0.527703 0.871654
vt 0.517850 0.869360
vt 0.827287 0.245501
vt 0.197228 0.825805
vt 0.202372 0.828090
vt 0.847482 0.627024
vt 0.417622 0.810579
vt 0.430245 0.820777
vt 0.112699 0.185199
vt 0.375985 0.270362
vt 0.674766 0.265041
vt 0.291652 0.769081
vt 0.304826 0.742467
vt 0.313263 0.749503
vt 0.733081 0.563468
vt 0.717468 0.567327
vt 0.724351 0.554527
vt 0.431769 0.765990
vt 0.432319 0.741562
vt 0.434455 0.766098
vt 0.983609 0.235800
vt 0.987907 0.230948
vt 0.987507 0.240493
vt 0.737677 0.982256
vt 0.827425 0.971383
vt 0.823017 0.937293
vt 0.837994 0.950968
vt 0.896033 0.249094
vt 0.904176 0.256604
vt 0.877924 0.237155
vt 0.119058 0.754320
vt 0.111932 0.754806
vt 0.156572 0.826010
vt 0.890209 0.338406
vt 0.899135 0.339778
vt 0.898850 0.347241
vt 0.087053 0.763000
vt 0.444244 0.839267
vt 0.261656 0.693392
vt 0.256980 0.759540
vt 0.256256 0.725962
vt 0.932586 0.810643
vt 0.946143 0.760708
vt 0.767777 0.990139
vt 0.764664 0.984194
vt 0.622428 0.892213
vt 0.367205 0.820193
vt 0.362972 0.863570
vt 0.359580 0.816253
vt 0.662806 0.289797
vt 0.667869 0.259728
vt 0.452877 0.120389
vt 0.432954 0.093263
vt 0.951740 0.929039
vt 0.341552 0.327927
vt 0.332079 0.330142
vt 0.327035 0.319497
vt 0.939309 0.748034
vt 0.145578 0.242003
vt 0.194484 0.418218
vt 0.201389 0.407801
vt 0.204183 0.430950
vt 0.974129 0.695733
vt 0.973053 0.716333
vt 0.220438 0.479731
vt 0.983610 0.785088
vt 0.862727 0.714831
vt 0.863517 0.731491
vt 0.618803 0.966901
vt 0.441810 0.654357
vt 0.434455 0.670834
vt 0.437016 0.651128
vt 0.980182 0.734966
vt 0.979129 0.727353
vt 0.603678 0.257204
vt 0.867676 0.926218
vt 0.840791 0.409984
vt 0.839622 0.440490
vt 0.831635 0.413684
vt 0.780977 0.205993
vt 0.806339 0.214576
vt 0.804077 0.216026
vt 0.572485 0.548246
vt 0.582941 0.566081
vt 0.576749 0.569338
vt 0.439357 0.675796
vt 0.947443 0.337031
vt 0.960738 0.348492
vt 0.953750 0.345181
vt 0.206540 0.294948
vt 0.133871 0.290758
vt 0.688915 0.116146
vt 0.704189 0.127234
vt 0.692260 0.136222
vt 0.628967 0.601575
vt 0.633053 0.577281
vt 0.833028 0.000000
vt 0.849101 0.017200
vt 0.831005 0.002188
vt 0.229869 0.699143
vt 0.791925 0.021845
vt 0.782764 0.025215
vt 0.309339 0.569297
vt 0.659376 0.258069
vt 0.659251 0.266468
vt 0.653752 0.263703
vt 0.362719 0.291393
vt 0.370989 0.289500
vt 0.367120 0.294788
vt 0.689653 0.605689
vt 0.666195 0.601981
vt 0.760113 0.184112
vt 0.945320 0.262543
vt 0.936796 0.263777
vt 0.940007 0.247694
vt 0.268696 0.008773
vt 0.322370 0.008183
vt 0.820324 0.639297
vt 0.815213 0.641604
vt 0.815213 0.627024
vt 0.854756 0.940706
vt 0.846882 0.942571
vt 0.848396 0.936266
vt 0.093577 0.745810
vt 0.407847 0.816012
vt 0.759870 0.390180
vt 0.764274 0.406518
vt 0.746797 0.408072
vt 0.914234 0.116219
vt 0.915524 0.101088
vt 0.918362 0.111606
vt 0.956294 0.462469
vt 0.947425 0.407661
vt 0.290198 0.962343
vt 0.993975 0.936832
vt 0.879065 0.355437
vt 0.774288 0.916609
vt 0.769470 0.918427
vt 0.775838 0.623140
vt 0.566055 0.246190
vt 0.589255 0.248606
vt 0.885839 0.553235
vt 0.888731 0.569521
vt 0.214281 0.253467
vt 0.122637 0.765577
vt 0.710131 0.727560
vt 0.727215 0.944281
vt 0.732752 0.938075
vt 0.729882 0.948288
vt 0.941154 0.642964
vt 0.332952 0.884552
vt 0.921748 0.728711
vt 0.764983 0.115661
vt 0.766123 0.137911
vt 0.849049 0.171981
vt 0.844522 0.155497
vt 0.852360 0.166704
vt 0.674766 0.253273
vt 0.672886 0.208501
vt 0.737005 0.252569
vt 0.744462 0.268120
vt 0.735168 0.267353
vt 0.287791 0.902962
vt 0.899924 0.539837
vt 0.902668 0.517846
vt 0.907196 0.529494
vt 0.659376 0.293070
vt 0.567105 0.548248
vt 0.762329 0.175903
vt 0.755942 0.164860
vt 0.763182 0.173376
vt 0.932145 0.930107
vt 0.714728 0.050814
vt 0.731113 0.050968
vt 0.721355 0.057232
vt 0.715160 0.025127
vt 0.727913 0.033294
vt 0.287378 0.170767
vt 0.366261 0.164302
vt 0.326797 0.175358
vt 0.265789 0.009735
vt 0.264985 -0.000000
vt 0.942967 0.218526
vt 0.942373 0.233275
vt 0.937150 0.220132
vt 0.844175 0.677896
vt 0.842287 0.691583
vt 0.837020 0.681963
vt 0.750633 0.268407
vt 0.751769 0.259947
vt 0.757728 0.265495
vt 0.756355 0.273378
vt 0.763148 0.266825
vt 0.760612 0.274948
vt 0.944494 0.530780
vt 0.949589 0.541957
vt 0.679387 0.890017
vt 0.679084 0.901242
vt 0.919723 0.577756
vt 0.472114 0.024527
vt 0.725404 0.282228
vt 0.718952 0.286656
vt 0.719358 0.277937
vt 0.372449 0.966611
vt 0.954446 0.884338
vt 0.045987 0.720104
vt 0.518185 0.956028
vt 0.526703 0.958149
vt 0.516118 0.961032
vt 0.842855 0.572117
vt 0.858692 0.740678
vt 0.852163 0.745392
vt 0.959380 0.573621
vt 0.973483 0.597905
vt 0.951417 0.579022
vt 0.716959 0.402590
vt 0.515938 0.021507
vt 0.650138 0.897337
vt 0.657528 0.899361
vt 0.849824 0.468994
vt 0.561140 0.990054
vt 0.709098 0.946230
vt 0.703822 0.946355
vt 0.709659 0.940175
vt 0.889914 0.283316
vt 0.890346 0.268097
vt 0.895839 0.282429
vt 0.406323 0.967092
vt 0.407929 0.974189
vt 0.984689 0.940817
vt 0.989449 0.862785
vt 0.224472 0.618424
vt 0.223078 0.635673
vt 0.212055 0.627148
vt 0.983720 0.571267
vt 0.992091 0.580791
vt 0.990297 0.587687
vt 0.229269 0.752248
vt 0.227811 0.759326
vt 0.524491 0.274443
vt 0.528003 0.281164
vt 0.890705 0.311267
vt 0.753396 0.373888
vt 0.757539 0.359743
vt 0.754706 0.642050
vt 0.754634 0.641203
vt 0.565497 0.260727
vt 0.559307 0.268758
vt 0.558752 0.263262
vt 0.212225 0.006624
vt 0.213159 0.012265
vt 0.180538 0.007883
vt 0.958674 0.089444
vt 0.949359 0.088341
vt 0.955808 0.081040
vt 0.247971 -0.000000
vt 0.247956 0.009183
vt 0.629643 0.388911
vt 0.624072 0.376673
vt 0.634433 0.377566
vt 0.947808 0.484137
vt 0.942575 0.499044
vt 0.198612 0.677610
vt 0.276222 0.793494
vt 0.317213 0.809864
vt 0.308381 0.885580
vt 0.798271 0.584718
vt 0.793692 0.621036
vt 0.787305 0.586065
vt 0.408968 0.913461
vt 0.411511 0.901189
vt 0.782748 0.285340
vt 0.486326 0.883552
vt 0.007929 0.311330
vt 0.712091 0.284379
vt 0.771196 0.928724
vt 0.929378 0.012031
vt 0.620974 0.901252
vt 0.779936 0.980112
vt 0.599849 0.734455
vt 0.591554 0.754095
vt 0.585522 0.751875
vt 0.469026 0.470524
vt 0.482230 0.466089
vt 0.473786 0.477860
vt 0.681244 0.581124
vt 0.692003 0.569461
vt 0.364595 0.945407
vt 0.362347 0.950752
vt 0.381317 0.663943
vt 0.572394 0.965300
vt 0.005518 0.143274
vt 0.005323 0.171590
vt 0.002445 0.165558
vt 0.003223 0.196739
vt 0.925881 0.917036
vt 0.838018 0.960322
vt 0.058445 0.668896
vt 0.068147 0.674983
vt 0.707372 0.314842
vt 0.713874 0.135466
vt 0.745835 0.919906
vt 0.743087 0.914575
vt 0.749885 0.918036
vt 0.939294 0.600385
vt 0.579123 0.086098
vt 0.706032 0.813128
vt 0.843704 0.296996
vt 0.851028 0.298085
vt 0.848380 0.410210
vt 0.931893 0.074591
vt 0.008829 0.713344
vt 0.521538 0.013681
vt 0.521760 0.026327
vt 0.985613 0.221317
vt 0.992991 0.226937
vt 0.371849 0.865244
vt 0.708555 0.966889
vt 0.704811 0.969879
vt 0.700214 0.962309
vt 0.924876 0.618128
vt 0.253122 0.962018
vt 0.246088 0.967226
vt 0.249806 0.956582
vt 0.564682 0.775517
vt 0.579209 0.775540
vt 0.567566 0.780823
vt 0.280873 0.240535
vt 0.369503 0.280554
vt 0.285093 0.249359
vt 0.750518 0.620689
vt 0.746892 0.582146
vt 0.753779 0.583300
vt 0.356199 0.159529
vt 0.351060 0.162320
vt 0.949052 0.729441
vt 0.943744 0.720370
vt 0.925845 0.472296
vt 0.921099 0.558236
vt 0.920714 0.468692
vt 0.319459 0.995174
vt 0.314218 0.995489
vt 0.317966 0.989271
vt 0.040357 0.869179
vt 0.686533 0.426597
vt 0.657270 0.876100
vt 0.879789 0.269047
vt 0.885406 0.270830
vt 0.884232 0.278602
vt 0.492016 0.974314
vt 0.686981 0.923773
vt 0.525419 0.011586
vt 0.527007 0.006255
vt 0.532921 0.009904
vt 0.208741 0.726576
vt 0.202105 0.720655
vt 0.208505 0.724437
vt 0.699610 0.808696
vt 0.200106 0.434064
vt 0.766865 0.238728
vt 0.767527 0.208625
vt 0.885701 0.943717
vt 0.878423 0.939856
vt 0.895106 0.160803
vt 0.559678 0.759421
vt 0.451946 0.647629
vt 0.996504 0.843012
vt 0.718530 0.581432
vt 0.271989 0.030858
vt 0.911856 0.271725
vt 0.536033 0.879012
vt 0.531307 0.886950
vt 0.500958 0.072372
vt 0.939694 0.686806
vt 0.321025 0.871628
vt 0.317027 0.888694
vt 0.540464 0.535504
vt 0.870144 0.610610
vt 0.869343 0.626148
vt 0.876823 0.071422
vt 0.670999 0.305395
vt 0.675115 0.322685
vt 0.978876 0.946702
vt 0.977882 0.942328
vt 0.188057 0.872968
vt 0.945071 0.320361
vt 0.935364 0.328324
vt 0.112093 0.734704
vt 0.210109 0.449508
vt 0.016987 0.932933
vt 0.017294 0.873607
vt 0.154006 0.734069
vt 0.154589 0.711774
vt 0.477437 0.521024
vt 0.495791 0.521697
vt 0.487583 0.535233
vt 0.473120 0.539633
vt 0.755101 0.876676
vt 0.752458 0.900644
vt 0.741820 0.895742
vt 0.915680 0.829621
vt 0.122256 0.972962
vt 0.111502 0.969861
vt 0.117217 0.965124
vt 0.804648 0.620094
vt 0.806453 0.642126
vt 0.202333 0.866751
vt 0.196825 0.874634
vt 0.551636 0.958850
vt 0.546275 0.953480
vt 0.550949 0.949646
vt 0.662896 0.501052
vt 0.284917 0.802529
vt 0.288685 0.798943
vt 0.275707 0.245254
vt 0.288228 0.255938
vt 0.801911 0.406922
vt 0.793653 0.406698
vt 0.540854 0.772786
vt 0.536556 0.763079
vt 0.888675 0.186542
vt 0.559122 0.950060
vt 0.558390 0.957653
vt 0.668555 0.339841
vt 0.683694 0.329388
vt 0.746168 0.044311
vt 0.750020 0.056659
vt 0.881173 0.325320
vt 0.885731 0.320077
vt 0.694055 0.279102
vt 0.693983 0.268120
vt 0.698495 0.274357
vt 0.302991 0.547600
vt 0.680723 0.351509
vt 0.698240 0.342092
vt 0.701771 0.356762
vt 0.356415 0.818325
vt 0.006819 0.760460
vt 0.009916 0.756479
vt 0.756813 0.313528
vt 0.541320 0.480922
vt 0.535327 0.487354
vt 0.921920 0.927605
vt 0.020574 0.626245
vt 0.258507 0.251744
vt 0.960689 0.258389
vt 0.953411 0.246902
vt 0.959544 0.246962
vt 0.673186 0.532615
vt 0.662111 0.527668
vt 0.678167 0.520259
vt 0.611981 0.252100
vt 0.757493 0.284920
vt 0.765810 0.274312
vt 0.763436 0.283982
vt 0.177084 0.846914
vt 0.981294 0.226796
vt 0.977907 0.220738
vt 0.974179 0.361945
vt 0.974893 0.358587
vt 0.983783 0.435980
vt 0.985961 0.451094
vt 0.980603 0.446238
vt 0.822242 0.407763
vt 0.614886 0.619403
vt 0.864325 0.925609
vt 0.130697 0.950442
vt 0.778320 0.901224
vt 0.772048 0.906319
vt 0.619552 0.673173
vt 0.614559 0.666667
vt 0.620537 0.656093
vt 0.941974 0.449755
vt 0.948005 0.430628
vt 0.945056 0.460545
vt 0.258738 0.066480
vt 0.259876 0.056939
vt 0.969181 0.091285
vt 0.961229 0.070536
vt 0.446457 0.687956
vt 0.101087 0.611421
vt 0.558410 0.752958
vt 0.528741 0.759254
vt 0.545828 0.754629
vt 0.376417 0.277683
vt 0.370250 0.286651
vt 0.366759 0.286453
vt 0.574207 0.754352
vt 0.567111 0.756884
vt 0.568424 0.752473
vt 0.620155 0.619774
vt 0.675201 0.196612
vt 0.498928 0.545294
vt 0.793841 0.815292
vt 0.790850 0.819105
vt 0.788681 0.811816
vt 0.801110 0.820829
vt 0.448058 0.675059
vt 0.023690 0.948359
vt 0.600187 0.587152
vt 0.593473 0.575732
vt 0.368043 0.298446
vt 0.348414 0.305181
vt 0.346468 0.304065
vt 0.418375 0.155240
vt 0.506765 0.439862
vt 0.516531 0.455048
vt 0.205717 0.637924
vt 0.198310 0.655894
vt 0.201301 0.629283
vt 0.845992 0.230689
vt 0.841054 0.253208
vt 0.986349 0.109285
vt 0.991346 0.101188
vt 0.208019 0.127041
vt 0.242369 0.166319
vt 0.260904 0.761875
vt 0.056785 0.775349
vt 0.577543 0.599117
vt 0.588700 0.599782
vt 0.264814 0.509659
vt 0.256217 0.511923
vt 0.416355 0.635678
vt 0.581967 0.721717
vt 0.573651 0.733960
vt 0.546272 0.476122
vt 0.556267 0.482753
vt 0.655169 0.973417
vt 0.968622 0.272870
vt 0.961672 0.277217
vt 0.788557 0.438938
vt 0.264985 0.706436
vt 0.111680 0.643628
vt 0.125195 0.642468
vt 0.469377 0.718051
vt 0.358451 0.784554
vt 0.360501 0.772262
vt 0.427122 0.771715
vt 0.004542 0.241190
vt 0.050779 0.252819
vt 0.479262 0.886332
vt 0.625623 0.282462
vt 0.625623 0.294715
vt 0.625230 0.284937
vt 0.899215 0.434511
vt 0.893091 0.434111
vt 0.898300 0.413258
vt 0.066976 0.793294
vt 0.082530 0.746415
vt 0.885509 0.834987
vt 0.880513 0.905198
vt 0.982310 0.749129
vt 0.698406 0.371420
vt 0.712378 0.369075
vt 0.708605 0.385793
vt 0.984622 0.246977
vt 0.267695 0.486553
vt 0.244647 0.784387
vt 0.238164 0.789013
vt 0.670992 0.510844
vt 0.725884 0.293827
vt 0.396699 0.295797
vt 0.820849 0.822410
vt 0.078884 0.931202
vt 0.082864 0.930120
vt 0.083432 0.940072
vt 0.619567 0.694800
vt 0.614559 0.709271
vt 0.614559 0.685888
vt 0.834352 0.181720
vt 0.838916 0.178961
vt 0.840027 0.188467
vt 0.946208 0.754138
vt 0.448058 0.657537
vt 0.232464 0.772334
vt 0.233275 0.766001
vt 0.969278 0.157995
vt 0.975902 0.164207
vt 0.967952 0.172514
vt 0.893132 0.917449
vt 0.264985 0.797805
vt 0.269491 0.770435
vt 0.270339 0.797351
vt 0.208741 0.734407
vt 0.198840 0.735668
vt 0.620974 0.587496
vt 0.612915 0.584363
vt 0.613664 0.576229
vt 0.590864 0.548792
vt 0.583964 0.545664
vt 0.582269 0.533299
vt 0.430303 0.865178
vt 0.558981 0.456376
vt 0.566514 0.464723
vt 0.555069 0.455399
vt 0.679426 0.283696
vt 0.674766 0.278685
vt 0.680143 0.276397
vt 0.655201 0.475545
vt 0.650726 0.483566
vt 0.921627 0.839598
vt 0.943171 0.732742
vt 0.161206 0.689761
vt 0.145896 0.682036
vt 0.162117 0.671039
vt 0.797362 0.673602
vt 0.804216 0.676657
vt 0.803658 0.718890
vt 0.983258 0.939119
vt 0.487789 0.547852
vt 0.501481 0.557622
vt 0.280043 0.230253
vt 0.276724 0.237593
vt 0.577972 0.940741
vt 0.564682 0.937633
vt 0.581135 0.947099
vt 0.208392 0.545195
vt 0.207267 0.552516
vt 0.207267 0.536710
vt 0.562552 0.276218
vt 0.541761 0.813542
vt 0.544930 0.799786
vt 0.549066 0.810150
vt 0.563342 0.575128
vt 0.620974 0.933094
vt 0.048648 0.946470
vt 0.048859 0.953849
vt 0.305984 0.325633
vt 0.297360 0.335230
vt 0.956900 0.737705
vt 0.949672 0.738466
vt 0.951323 0.734756
vt 0.365854 0.973154
vt 0.372806 0.972161
vt 0.918802 0.151532
vt 0.925453 0.152276
vt 0.920516 0.162194
vt 0.532289 0.932527
vt 0.526965 0.936496
vt 0.640500 0.318816
vt 0.675422 0.936011
vt 0.669871 0.929024
vt 0.677507 0.930171
vt 0.813020 0.605986
vt 0.809086 0.472341
vt 0.811988 0.419762
vt 0.422472 0.917502
vt 0.014845 0.747994
vt 0.558151 0.970159
vt 0.944860 0.246530
vt 0.309148 0.775072
vt 0.307961 0.781715
vt 0.919862 0.561836
vt 0.913767 0.547746
vt 0.920043 0.553491
vt 0.334471 0.804805
vt 0.257941 0.944020
vt 0.259776 0.959973
vt 0.315593 0.317448
vt 0.326469 0.313329
vt 0.555386 0.852475
vt 0.549867 0.861285
vt 0.987145 0.749972
vt 0.547169 0.920622
vt 0.544617 0.930722
vt 0.539086 0.925801
vt 0.609268 0.714891
vt 0.604875 0.699760
vt 0.610692 0.688097
vt 0.082593 0.355582
vt 0.670742 0.895923
vt 0.575413 0.746824
vt 0.252397 0.299504
vt 0.246512 0.296772
vt 0.552688 0.461417
vt 0.544599 0.452336
vt 0.269104 0.568947
vt 0.703168 0.271942
vt 0.819564 0.440237
vt 0.160865 0.945227
vt 0.160865 0.897944
vt 0.078001 0.826604
vt 0.255753 0.294753
vt 0.167256 0.715102
vt 0.172414 0.697606
vt 0.434138 0.777058
vt 0.566774 0.488227
vt 0.568257 0.496669
vt 0.523142 0.427872
vt 0.215681 0.520833
vt 0.659376 0.257204
vt 0.547972 0.968928
vt 0.552710 0.966763
vt 0.770722 0.980121
vt 0.670570 0.120575
vt 0.738144 0.335477
vt 0.684519 0.317306
vt 0.572111 0.257204
vt 0.446815 0.318043
vt 0.451946 0.330298
vt 0.620974 0.711812
vt 0.989418 0.628175
vt 0.988261 0.619210
vt 0.992269 0.743306
vt 0.323207 0.251913
vt 0.293185 0.426583
vt 0.292193 0.343521
vt 0.287248 0.355525
vt 0.821093 0.253999
vt 0.831741 0.260487
vt 0.835035 0.288197
vt 0.870075 0.037866
vt 0.875317 0.048551
vt 0.767610 0.805460
vt 0.759796 0.853488
vt 0.699610 0.705830
vt 0.356415 0.931417
vt 0.358999 0.924061
vt 0.367747 0.926281
vt 0.207267 0.560448
vt 0.206246 0.553711
vt 0.912482 0.966922
vt 0.903674 0.965003
vt 0.276401 0.804735
vt 0.266693 0.802721
vt 0.271373 0.804805
vt 0.487383 0.746484
vt 0.912555 0.496374
vt 0.904378 0.497030
vt 0.906487 0.486158
vt 0.901890 0.981009
vt 0.902915 0.974253
vt 0.510849 0.459066
vt 0.632024 0.895968
vt 0.264329 0.970965
vt 0.864324 0.928040
vt 0.650629 0.343105
vt 0.840763 0.226225
vt 0.834645 0.223188
vt 0.843291 0.222989
vt 0.793008 0.297371
vt 0.801290 0.296367
vt 0.719614 0.961088
vt 0.772572 0.210467
vt 0.913750 0.980081
vt 0.276159 0.166054
vt 0.273670 0.166093
vt 0.557492 0.881227
vt 0.551547 0.886294
vt 0.553723 0.871066
vt 0.706337 0.717024
vt 0.569453 0.744259
vt 0.565508 0.748839
vt 0.700592 0.288740
vt 0.429167 0.733931
vt 0.960046 0.836483
vt 0.764995 0.258856
vt 0.429846 0.816276
vt 0.433765 0.813625
vt 0.655516 0.572671
vt 0.643332 0.580590
vt 0.551036 0.983322
vt 0.703995 0.938075
vt 0.696911 0.945786
vt 0.363725 0.934993
vt 0.376916 0.927755
vt 0.370391 0.931038
vt 0.892165 0.811347
vt 0.708956 0.168215
vt 0.729447 0.251017
vt 0.518377 0.841120
vt 0.981349 0.403959
vt 0.979749 0.386683
vt 0.986539 0.398405
vt 0.538559 0.215772
vt 0.517621 0.873961
vt 0.517560 0.876788
vt 0.780797 0.468692
vt 0.791500 0.469400
vt 0.264369 0.208306
vt 0.263242 0.239342
vt 0.953522 0.260474
vt 0.161032 0.867523
vt 0.738278 0.319263
vt 0.751081 0.331832
vt 0.834232 0.170262
vt 0.840809 0.167367
vt 0.715365 0.970962
vt 0.723145 0.970708
vt 0.065801 0.299504
vt 0.091917 0.300700
vt 0.520733 0.501876
vt 0.583065 0.257204
vt 0.617233 0.282462
vt 0.627030 0.269613
vt 0.892512 0.945502
vt 0.886340 0.951167
vt 0.559278 0.532438
vt 0.204371 0.654508
vt 0.149371 0.072456
vt 0.137202 0.088238
vt 0.188708 0.860150
vt 0.111399 0.961832
vt 0.112700 0.944902
vt 0.579977 0.970172
vt 0.895796 0.953176
vt 0.642718 0.338445
vt 0.666745 0.439754
vt 0.328824 0.987455
vt 0.323840 0.991695
vt 0.330339 0.977620
vt 0.866860 0.338751
vt 0.873540 0.352994
vt 0.863891 0.350980
vt 0.921627 0.920024
vt 0.129613 0.797786
vt 0.728457 0.967174
vt 0.677108 0.630470
vt 0.663546 0.628706
vt 0.673597 0.614892
vt 0.865146 0.963495
vt 0.877986 0.960739
vt 0.537636 0.244913
vt 0.921898 0.819497
vt 0.895723 0.299203
vt 0.901215 0.313097
vt 0.805253 0.067530
vt 0.816898 0.075931
vt 0.807170 0.074672
vt 0.519985 0.446682
vt 0.528219 0.449177
vt 0.645826 0.906972
vt 0.737037 0.936001
vt 0.725207 0.936663
vt 0.736924 0.933192
vt 0.739470 0.640492
vt 0.737678 0.618515
vt 0.743347 0.624828
vt 0.793400 0.040043
vt 0.802566 0.040808
vt 0.797751 0.048001
vt 0.447973 0.865299
vt 0.963944 0.829951
vt 0.973892 0.813969
vt 0.372485 0.813097
vt 0.368249 0.919536
vt 0.375947 0.919102
vt 0.363720 0.906244
vt 0.362739 0.917355
vt 0.532846 0.266092
vt 0.620777 0.684312
vt 0.614559 0.685888
vt 0.935364 0.459428
vt 0.980853 0.107742
vt 0.983707 0.098087
vt 0.802809 0.919906
vt 0.386666 0.901891
vt 0.381859 0.913191
vt 0.990751 0.432992
vt 0.138261 0.436720
vt 0.141026 0.457696
vt 0.768964 0.440733
vt 0.779628 0.440184
vt 0.769118 0.454518
vt 0.838176 0.220553
vt 0.890045 0.448755
vt 0.886561 0.434295
vt 0.421409 0.187133
vt 0.931899 0.718516
vt 0.647690 0.634650
vt 0.636452 0.643893
vt 0.638638 0.620899
vt 0.701735 0.054721
vt 0.660544 0.910351
vt 0.918359 0.069546
vt 0.737677 0.923581
vt 0.403801 0.958310
vt 0.401250 0.958622
vt 0.400865 0.949402
vt 0.815492 0.108437
vt 0.822034 0.102877
vt 0.819913 0.118468
vt 0.903044 0.351630
vt 0.898046 0.372319
vt 0.898175 0.363098
vt 0.996504 0.936832
vt 0.985395 0.927642
vt 0.990650 0.920832
vt 0.615538 0.383652
vt 0.862853 0.962925
vt 0.863200 0.975114
vt 0.193426 0.692402
vt 0.182566 0.686482
vt 0.194659 0.681624
vt 0.892220 0.069116
vt 0.766865 -0.000000
vt 0.729634 0.149279
vt 0.093182 0.065465
vt 0.518327 0.103497
vt 0.733363 0.358285
vt 0.972443 0.224763
vt 0.972323 0.214501
vt 0.283083 0.509598
vt 0.851721 0.950257
vt 0.775176 0.663030
vt 0.269566 0.018703
vt 0.885252 0.608859
vt 0.888260 0.600931
vt 0.880412 0.807015
vt 0.657955 0.810272
vt 0.181761 0.705589
vt 0.133882 0.787457
vt 0.984187 0.080724
vt 0.984015 0.094310
vt 0.981109 0.080865
vt 0.748911 0.094935
vt 0.763982 0.100308
vt 0.544388 0.457678
vt 0.977120 0.092333
vt 0.211753 0.922119
vt 0.208741 0.907927
vt 0.210912 0.907813
vt 0.642715 0.007609
vt 0.556784 0.946496
vt 0.561140 0.940337
vt 0.739111 0.066404
vt 0.814501 0.295797
vt 0.790728 0.035532
vt 0.852817 0.406370
vt 0.862568 0.407122
vt 0.536630 0.456656
vt 0.546302 0.467151
vt 0.539544 0.875183
vt 0.409741 0.810501
vt 0.825833 0.155039
vt 0.371811 0.302233
vt 0.342899 0.316118
vt 0.135986 0.312921
vt 0.146084 0.321592
vt 0.405933 0.811024
vt 0.830458 0.295982
vt 0.848569 0.225503
vt 0.520552 0.005114
vt 0.515606 0.011280
vt 0.258329 0.919065
vt 0.976672 0.229398
vt 0.972175 0.236280
vt 0.321795 0.748074
vt 0.323572 0.743014
vt 0.356415 0.725439
vt 0.674771 0.809312
vt 0.691045 0.102382
vt 0.405891 0.874673
vt 0.695302 0.297527
vt 0.707963 0.295797
vt 0.711514 0.303939
vt 0.163910 0.579740
vt 0.969953 0.364284
vt 0.961326 0.359757
vt 0.608067 0.965293
vt 0.598729 0.971080
vt 0.647699 0.510577
vt 0.652520 0.495104
vt 0.654857 0.506080
vt 0.548126 0.301581
vt 0.551255 0.304702
vt 0.888645 0.232359
vt 0.889947 0.239172
vt 0.366456 0.650101
vt 0.538311 0.908120
vt 0.536685 0.893966
vt 0.685243 0.281884
vt 0.911520 0.569954
vt 0.906416 0.546927
vt 0.954733 0.295178
vt 0.577950 0.282531
vt 0.202941 0.384522
vt 0.196727 0.398564
vt 0.549290 0.909676
vt 0.543779 0.897859
vt 0.552542 0.896139
vt 0.988160 0.601024
vt 0.980846 0.589335
vt 0.988806 0.595707
vt 0.779099 0.021273
vt 0.529715 0.020074
vt 0.525149 0.027942
vt 0.523285 0.021175
vt 0.712091 0.280161
vt 0.596866 0.939509
vt 0.597330 0.957810
vt 0.875273 0.172883
vt 0.314408 0.163081
vt 0.735762 0.758783
vt 0.800920 0.814375
vt 0.975679 0.969176
vt 0.982191 0.977140
vt 0.977778 0.978193
vt 0.646467 0.254806
vt 0.644883 0.251761
vt 0.655752 0.253477
vt 0.378532 0.179741
vt 0.226968 0.692930
vt 0.267398 0.874188
vt 0.266046 0.858651
vt 0.277873 0.718029
vt 0.286474 0.726225
vt 0.748962 0.390317
vt 0.423331 0.072596
vt 0.722027 0.108536
vt 0.725812 0.126880
vt 0.713918 0.118744
vt 0.187180 0.404884
vt 0.190475 0.432306
vt 0.344250 0.820994
vt 0.319443 0.949297
vt 0.321916 0.900691
vt 0.838107 0.151550
vt 0.839998 0.142498
vt 0.753225 0.282056
vt 0.887002 0.298222
vt 0.881998 0.287838
vt 0.679255 0.498246
vt 0.229815 0.662585
vt 0.738316 0.424478
vt 0.746924 0.434530
vt 0.731518 0.436207
vt 0.752121 0.421068
vt 0.843420 0.286073
vt 0.848499 0.253991
vt 0.154916 0.330210
vt 0.165907 0.349765
vt 0.074124 0.976733
vt 0.936675 0.145570
vt 0.929636 0.141408
vt 0.933626 0.130764
vt 0.955619 0.354764
vt 0.952769 0.359686
vt 0.532371 0.965317
vt 0.260195 0.261254
vt 0.256874 0.275712
vt 0.989949 0.645677
vt 0.121596 0.892933
vt 0.690652 0.405231
vt 0.142863 0.740213
vt 0.134316 0.750386
vt 0.128952 0.738296
vt 0.197511 0.630424
vt 0.197511 0.615350
vt 0.198310 0.624391
vt 0.697084 0.309656
vt 0.030361 0.957936
vt 0.031278 0.982171
vt 0.524737 0.529471
vt 0.540925 0.521541
vt 0.455717 0.881194
vt 0.452681 0.901592
vt 0.453531 0.881623
vt 0.772588 0.193911
vt -0.000000 0.682717
vt 0.001111 0.657612
vt 0.910724 0.748743
vt 0.902962 0.739237
vt 0.876889 0.665642
vt 0.990513 0.859229
vt 0.847366 0.949937
vt 0.134390 0.807649
vt 0.968004 -0.000000
vt 0.927125 0.098895
vt 0.927075 0.111525
vt 0.922131 0.098087
vt 0.465870 0.486038
vt 0.478666 0.484531
vt 0.614559 0.751325
vt 0.614559 0.731848
vt 0.620398 0.741666
vt 0.786432 0.981546
vt 0.556312 0.589974
vt 0.556110 0.602308
vt 0.747189 0.648311
vt 0.741391 0.667089
vt 0.556447 0.473127
vt 0.954082 0.235736
vt 0.960259 0.235908
vt 0.890942 0.191695
vt 0.872171 0.924025
vt 0.865163 0.920749
vt 0.867844 0.914398
vt 0.856977 0.957387
vt 0.259063 0.085487
vt 0.259757 0.106240
vt 0.087650 0.195989
vt 0.747637 0.018112
vt 0.739291 0.031494
vt 0.177166 0.723554
vt 0.164585 0.730602
vt 0.775555 0.911877
vt 0.595811 0.004246
vt 0.883483 0.525060
vt 0.881024 0.541578
vt 0.880097 0.518164
vt 0.057450 0.867947
vt 0.066976 0.863710
vt 0.895531 0.198055
vt 0.576202 0.040762
vt 0.927805 0.161147
vt 0.912387 0.163515
vt 0.068704 0.754974
vt 0.951662 0.224983
vt 0.948747 0.213056
vt 0.405891 0.819653
vt 0.402079 0.859133
vt 0.400495 0.815994
vt 0.729177 0.137906
vt 0.956365 0.732776
vt 0.874741 0.528477
vt 0.917694 0.268097
vt 0.207186 0.714774
vt 0.774453 0.591071
vt 0.670412 0.451432
vt 0.666934 0.460993
vt 0.653554 0.448945
vt 0.130471 0.516945
vt 0.369424 0.006092
vt 0.881037 0.057331
vt 0.877498 0.953802
vt 0.982553 0.460969
vt 0.889616 0.224143
vt 0.072233 0.959976
vt 0.078407 0.946998
vt 0.078538 0.962031
vt 0.207282 0.677666
vt 0.960310 0.031220
vt 0.064263 0.149764
vt 0.875571 0.278804
vt 0.686666 0.339878
vt 0.198012 0.715005
vt 0.201898 0.711910
vt 0.854816 0.590550
vt 0.978603 0.853560
vt 0.002291 0.755715
vt 0.001240 0.745443
vt 0.003267 0.637553
vt 0.016813 0.770799
vt 0.010544 0.767992
vt 0.898991 0.707291
vt 0.844747 0.186261
vt 0.845377 0.174763
vt 0.317160 0.482840
vt 0.390576 0.861742
vt 0.662782 0.906972
vt 0.821171 0.225822
vt 0.811208 0.226964
vt 0.255855 0.518684
vt 0.027047 0.986035
vt 0.031278 0.996717
vt 0.293858 0.593723
vt 0.411004 0.208005
vt 0.407218 0.219852
vt 0.326705 0.971340
vt 0.334339 0.937018
vt 0.845598 0.954571
vt 0.848209 0.963329
vt 0.842935 0.958819
vt 0.883631 0.488321
vt 0.887905 0.494748
vt 0.882965 0.502299
vt 0.468194 0.501460
vt 0.478828 0.501254
vt 0.072060 0.991526
vt 0.115754 0.890871
vt 0.299892 0.738884
vt 0.348544 0.718214
vt 0.950425 0.197176
vt 0.564730 0.935224
vt 0.591800 0.935304
vt 0.706497 0.453808
vt 0.700968 0.461464
vt 0.356415 0.806475
vt 0.356652 0.800127
vt 0.397134 0.794428
vt 0.467758 0.156185
vt 0.458800 0.479270
vt 0.844933 0.781128
vt 0.847244 0.773321
vt 0.003847 0.224056
vt 0.586784 0.527572
vt 0.711037 0.618565
vt 0.708153 0.605133
vt 0.457601 0.720837
vt 0.820290 0.908619
vt 0.702071 0.173413
vt 0.437612 0.795023
vt 0.588029 0.270128
vt 0.638440 0.436743
vt 0.628554 0.427415
vt 0.629346 0.416726
vt 0.620721 0.935472
vt 0.610517 0.940966
vt 0.070791 0.742991
vt 0.173286 0.660385
vt 0.160078 0.655119
vt 0.166692 0.644286
vt 0.494865 0.499676
vt 0.488861 0.510949
vt 0.739811 0.142847
vt 0.516443 0.896640
vt 0.522187 0.908851
vt 0.516118 0.900934
vt 0.855558 0.703972
vt 0.849106 0.711737
vt 0.845851 0.701215
vt 0.821233 0.626630
vt 0.827514 0.608770
vt 0.835667 0.627016
vt 0.873789 0.606291
vt 0.873430 0.625757
vt 0.492414 0.924236
vt 0.402468 -0.000000
vt 0.476022 0.000524
vt 0.401496 0.008912
vt 0.202093 0.367853
vt 0.202896 0.358782
vt 0.211335 0.356514
vt 0.748126 0.836070
vt 0.745082 0.806384
vt 0.749438 0.244207
vt 0.503184 0.470844
vt -0.000000 0.721222
vt 0.518084 0.473162
vt 0.511702 0.485559
vt 0.421339 0.128762
vt 0.940594 0.194469
vt 0.943731 0.149124
vt 0.945509 0.195315
vt 0.516118 0.761972
vt 0.516118 0.874703
vt 0.620721 0.979726
vt 0.611357 0.979173
vt 0.511191 0.570212
vt 0.519711 0.580899
vt 0.503627 0.580097
vt 0.543874 0.869233
vt 0.459029 0.504800
vt 0.456145 0.494483
vt 0.570724 0.273435
vt 0.605694 0.781879
vt 0.606182 0.932605
vt 0.598568 0.931741
vt 0.635029 0.913948
vt 0.279325 0.720412
vt 0.978909 0.213407
vt 0.723195 0.668479
vt 0.893181 0.575054
vt 0.888696 0.586354
vt 0.720691 0.388822
vt 0.518101 0.561949
vt 0.626478 0.618687
vt 0.631583 0.608797
vt 0.634935 0.615754
vt 0.651560 0.393871
vt 0.637308 0.395019
vt 0.643991 0.378676
vt 0.246669 0.941880
vt 0.258661 0.926912
vt 0.264329 0.930623
vt 0.841730 0.083764
vt 0.119812 0.943901
vt 0.112828 0.892643
vt 0.767916 0.354709
vt 0.533118 0.940337
vt 0.540002 0.938121
vt 0.200892 0.858254
vt 0.563689 0.473259
vt 0.811578 0.971189
vt 0.811237 0.925609
vt 0.868163 0.289607
vt 0.860394 0.288106
vt 0.862880 0.279459
vt 0.856427 0.974510
vt 0.219073 0.565273
vt 0.822798 0.088069
vt 0.816355 0.087971
vt 0.259497 0.548404
vt 0.329932 0.992854
vt 0.321086 0.996836
vt 0.203895 0.612260
vt 0.845364 0.461153
vt 0.680381 0.122504
vt 0.053263 0.243204
vt 0.686448 0.511413
vt 0.417537 0.660528
vt 0.424092 0.679094
vt 0.250202 0.025353
vt 0.253348 0.016019
vt 0.255418 0.027666
vt 0.822798 0.195175
vt 0.823541 0.178514
vt 0.831432 0.192404
vt 0.105479 0.802436
vt 0.108043 0.737492
vt 0.110433 0.732972
vt 0.111399 0.739562
vt 0.072525 0.935797
vt 0.072149 0.945858
vt 0.830779 0.225908
vt 0.543495 0.854676
vt 0.544974 0.841261
vt 0.578353 0.708674
vt 0.532513 0.446562
vt 0.535552 0.445764
vt 0.706022 0.572206
vt 0.956263 0.811529
vt 0.963944 0.828460
vt 0.146695 0.696848
vt 0.134624 0.706496
vt 0.131709 0.689452
vt 0.614559 0.651854
vt 0.825047 0.221859
vt 0.076580 0.771380
vt 0.673262 0.277755
vt 0.670239 0.278024
vt 0.673483 0.257204
vt 0.977912 0.116649
vt 0.985101 0.118010
vt 0.453968 0.634988
vt 0.452168 0.681387
vt 0.451946 0.648351
vt 0.686151 0.456558
vt 0.268513 0.556153
vt 0.184581 0.759244
vt 0.171957 0.759685
vt 0.180521 0.742949
vt 0.490810 0.903361
vt 0.620268 0.765489
vt 0.613688 0.784447
vt 0.609672 0.759254
vt 0.756071 0.245379
vt 0.756398 0.250525
vt 0.171230 0.778939
vt 0.158839 0.785549
vt 0.169374 0.770035
vt 0.131664 0.652097
vt 0.890648 0.483718
vt 0.897585 0.474344
vt 0.897892 0.485125
vt 0.894577 0.494178
vt 0.808833 0.461159
vt 0.579898 0.744564
vt 0.598434 0.726626
vt 0.570934 0.534561
vt 0.893481 0.468692
vt 0.426757 0.761054
vt 0.756760 0.804468
vt 0.182122 0.833803
vt 0.594273 0.562235
vt 0.585635 0.559265
vt 0.191047 0.699166
vt 0.870450 0.894589
vt 0.873797 0.915170
vt 0.413117 0.806922
vt 0.422689 0.808013
vt 0.427467 0.811205
vt 0.848945 0.789628
vt 0.980261 0.131957
vt 0.737033 0.447493
vt 0.719885 0.953896
vt 0.724383 0.952363
vt 0.929479 0.734766
vt 0.769077 0.921326
vt 0.750760 0.215421
vt 0.757579 0.204287
vt 0.644404 0.407936
vt 0.390433 0.972324
vt 0.380523 0.974720
vt 0.386159 0.970395
vt 0.632182 0.554009
vt 0.624224 0.634214
vt 0.630007 0.635347
vt 0.249831 0.783095
vt 0.234683 0.925279
vt 0.440737 0.311635
vt 0.445584 0.311757
vt 0.613296 0.926220
vt 0.608264 0.780205
vt 0.554083 0.922696
vt 0.548547 0.931729
vt 0.675293 0.652892
vt 0.661589 0.651282
vt 0.656192 0.644947
vt 0.017405 0.759924
vt 0.143858 0.652761
vt 0.141569 0.637242
vt 0.001254 0.942521
vt 0.539787 0.446876
vt 0.431414 0.783717
vt 0.434169 0.787187
vt 0.429373 0.778039
vt 0.695309 0.387036
vt 0.357098 0.795133
vt 0.404226 0.787709
vt 0.158497 0.858728
vt 0.283833 0.705410
vt 0.645762 0.656735
vt 0.635350 0.660045
vt 0.756814 0.159908
vt 0.755126 0.146060
vt 0.766865 0.154470
vt 0.257329 0.039383
vt 0.260585 0.202790
vt 0.893263 0.692020
vt 0.986167 0.889886
vt 0.657092 0.562990
vt 0.423671 0.186554
vt 0.572591 0.520182
vt 0.534736 0.978569
vt 0.523791 0.972088
vt 0.535606 0.971976
vt 0.144576 0.593413
vt 0.822309 0.288967
vt 0.688004 0.289299
vt 0.691678 0.278424
vt 0.648126 0.258937
vt 0.640969 0.260506
vt 0.638111 0.281344
vt 0.644255 0.290203
vt 0.638111 0.295315
vt 0.344063 0.651128
vt 0.545077 0.491778
vt 0.668940 0.933838
vt 0.681952 0.289624
vt 0.942809 0.737854
vt 0.934942 0.734674
vt 0.725409 0.013262
vt 0.736893 0.004605
vt 0.735097 0.016688
vt 0.097882 0.050284
vt 0.004337 0.043090
vt 0.087191 0.037303
vt 0.006100 0.053926
vt 0.947138 0.224130
vt 0.948652 0.237607
vt 0.527985 0.897070
vt 0.809086 0.619559
vt 0.513409 0.543647
vt 0.528446 0.548496
vt 0.883132 0.450167
vt 0.877860 0.461500
vt 0.878822 0.449245
vt 0.952702 0.571267
vt 0.884834 0.459791
vt 0.467181 0.902773
vt 0.774477 0.642964
vt 0.757413 0.258442
vt 0.279121 0.385386
vt 0.987172 0.427928
vt 0.990407 0.412582
vt 0.717436 0.984485
vt 0.722226 0.990540
vt 0.982918 0.416685
vt 0.655338 0.906807
vt 0.089810 0.735205
vt 0.596621 0.762370
vt 0.654683 0.608943
vt 0.396587 0.970577
vt 0.396998 0.966674
vt 0.425532 0.747677
vt 0.725452 0.274853
vt 0.771513 0.204959
vt 0.726282 0.000227
vt 0.712666 0.013272
vt 0.578260 0.286390
vt 0.577950 0.278590
vt 0.542057 0.613594
vt 0.553340 0.611071
vt 0.891413 0.557267
vt 0.898353 0.570276
vt 0.892113 0.540637
vt 0.898601 0.556738
vt 0.110751 0.810713
vt 0.105626 0.797893
vt 0.110751 0.791413
vt 0.184542 0.552491
vt 0.126479 0.964717
vt 0.188677 0.768987
vt 0.180483 0.839032
vt 0.191059 0.845931
vt 0.178710 0.849125
vt 0.904176 0.150932
vt 0.725028 0.069055
vt 0.711134 0.067944
vt 0.968170 0.224832
vt 0.962510 0.228383
vt 0.884014 0.619749
vt 0.879053 0.612444
vt 0.679824 0.637840
vt 0.608735 0.569573
vt 0.604877 0.572517
vt 0.749768 0.290677
vt 0.712381 0.276250
vt 0.548875 0.295885
vt 0.396079 0.907944
vt 0.397203 0.860595
vt 0.737678 0.802985
vt 0.222139 0.671291
vt 0.220994 0.686140
vt 0.211252 0.678593
vt 0.687089 0.379609
vt 0.879301 0.668477
vt 0.746187 0.908079
vt 0.756673 0.911195
vt 0.761130 0.055221
vt 0.957780 0.552574
vt 0.967625 0.559617
vt 0.543893 0.962229
vt 0.975319 0.249940
vt 0.699086 0.017785
vt 0.701264 0.008178
vt 0.241796 0.963418
vt 0.209369 0.926912
vt 0.635026 0.352163
vt 0.630897 0.337643
vt 0.044632 0.025800
vt 0.048972 0.015257
vt 0.140835 0.018022
vt 0.549856 0.790815
vt 0.555344 0.802134
vt 0.974015 0.637115
vt 0.102909 0.133284
vt 0.115456 0.161476
vt 0.434699 0.921168
vt 0.119968 0.628348
vt 0.111399 0.626245
vt 0.545797 0.828848
vt 0.552182 0.817268
vt 0.776963 0.203572
vt 0.653528 0.010137
vt 0.014312 0.304157
vt 0.597522 0.527012
vt 0.987166 0.740829
vt 0.313892 0.952135
vt 0.451946 0.762344
vt 0.459371 0.760396
vt 0.661713 0.046512
vt 0.670993 0.043243
vt 0.671751 0.075384
vt 0.695654 0.553919
vt 0.612670 0.387756
vt 0.605533 0.389739
vt 0.004048 0.098501
vt 0.066606 0.121083
vt 0.005983 0.121124
vt 0.557975 0.315984
vt 0.415132 0.296889
vt 0.692026 0.053916
vt 0.195426 0.104606
vt 0.189042 0.084754
vt 0.313962 0.373397
vt 0.708638 0.955024
vt 0.679387 0.808696
vt 0.708373 0.697223
vt 0.521206 0.038435
vt 0.517827 0.048275
vt 0.711203 0.344658
vt 0.236057 0.960928
vt 0.814956 0.903168
vt 0.625994 0.649728
vt 0.630739 0.655138
vt 0.624449 0.665574
vt 0.515058 0.154363
vt 0.231350 0.646637
vt 0.557293 0.276943
vt 0.001972 0.819921
vt 0.264985 0.832296
vt 0.532748 0.287704
vt 0.528198 0.285921
vt 0.242664 0.763298
vt 0.504739 0.758229
vt 0.477871 0.754437
vt 0.708822 0.979233
vt 0.809402 0.088605
vt 0.809841 0.095340
vt 0.899697 0.333201
vt 0.694635 0.956124
vt 0.688855 0.952006
vt 0.880195 0.304321
vt 0.876322 0.318146
vt 0.356820 0.940889
vt 0.615118 0.565120
vt 0.608333 0.558344
vt 0.744462 0.294318
vt 0.745452 0.283674
vt 0.310290 0.626589
vt 0.299436 0.616905
vt 0.982136 0.373987
vt 0.491931 0.387421
vt 0.647843 0.497958
vt 0.358438 0.864278
vt 0.622912 0.809695
vt 0.448058 0.796189
vt 0.677892 0.922336
vt 0.682749 0.915430
vt 0.681826 0.928031
vt 0.905864 0.692491
vt 0.951830 0.205540
vt 0.984445 0.140989
vt 0.986760 0.138698
vt 0.891184 0.374344
vt 0.521972 0.438194
vt 0.522062 0.429380
vt 0.529257 0.439365
vt 0.728680 0.958904
vt 0.221041 0.023165
vt 0.146728 0.031194
vt 0.908416 0.512392
vt 0.914328 0.526668
vt 0.779187 0.341155
vt 0.101339 0.954938
vt 0.097332 0.960178
vt 0.095936 0.947017
vt 0.866333 0.574331
vt 0.112266 0.715285
vt 0.119576 0.694282
vt 0.383228 0.264984
vt 0.199259 0.770198
vt 0.199278 0.762551
vt 0.207497 0.767409
vt 0.201148 0.596045
vt 0.207685 0.589078
vt 0.932763 0.444025
vt 0.273221 0.590676
vt 0.517459 0.798275
vt 0.207987 0.590369
vt 0.207685 0.574913
vt 0.208361 0.574791
vt 0.207685 0.560448
vt 0.576666 0.769934
vt 0.910092 0.110858
vt 0.908800 0.125190
vt 0.686189 0.668690
vt 0.583006 0.427366
vt 0.808502 0.082411
vt 0.619019 0.806845
vt 0.798703 0.942164
vt 0.964064 0.706821
vt 0.725884 0.269015
vt 0.735853 0.268120
vt 0.989845 0.917532
vt 0.976161 0.900408
vt 0.986871 0.904059
vt 0.875058 0.301432
vt 0.875925 0.289790
vt 0.004665 0.627073
vt 0.614059 0.698109
vt 0.410891 0.085648
vt 0.879228 0.596778
vt 0.714485 0.672823
vt 0.457452 0.619403
vt 0.575417 0.532559
vt 0.131847 0.416525
vt 0.398374 0.921404
vt 0.394891 0.916416
vt 0.403136 0.920290
vt 0.399975 0.915284
vt 0.530190 0.780225
vt 0.536679 0.784607
vt 0.182342 0.672457
vt 0.179566 0.654570
vt 0.860921 0.469169
vt 0.847118 0.444083
vt 0.168836 0.742974
vt 0.708329 0.556289
vt 0.976653 0.956964
vt 0.974589 0.955510
vt 0.502671 0.749832
vt 0.822797 0.010347
vt 0.620974 0.552235
vt 0.260330 0.516231
vt 0.248535 0.515190
vt 0.427527 0.703519
vt 0.950039 0.900190
vt 0.936712 0.908996
vt 0.878479 0.049703
vt 0.001517 0.070603
vt 0.002879 0.056736
vt 0.888523 0.414560
vt 0.888700 0.402369
vt 0.536309 0.002272
vt 0.481783 0.566878
vt 0.481292 0.554209
vt 0.494467 0.565414
vt 0.971538 0.844218
vt 0.399864 0.797714
vt 0.430281 0.795381
vt 0.658206 0.435476
vt 0.959433 0.364284
vt 0.970979 0.447700
vt 0.954449 0.366661
vt 0.971636 0.201690
vt 0.977456 0.206094
vt 0.839447 0.965148
vt 0.842936 0.973892
vt 0.002259 0.232805
vt 0.893514 0.632436
vt 0.885830 0.632885
vt 0.889529 0.624184
vt 0.593391 0.377449
vt 0.377235 0.280493
vt 0.093844 0.931941
vt 0.101120 0.942875
vt 0.779882 0.404104
vt 0.709659 0.991328
vt 0.703249 0.985367
vt 0.832491 0.143742
vt 0.198406 0.726576
vt 0.205346 0.876213
vt 0.881759 0.918405
vt 0.886833 0.926218
vt 0.903867 0.615719
vt 0.910152 0.202053
vt 0.197810 0.761875
vt 0.668940 0.908926
vt 0.313892 0.988829
vt 0.190789 0.729969
vt 0.597370 0.372995
vt 0.559222 0.815956
vt 0.585753 0.288024
vt 0.590057 0.286390
vt 0.590057 0.295206
vt 0.926896 0.738593
vt 0.935184 0.740667
vt 0.926271 0.741784
vt 0.963763 0.058006
vt 0.207685 0.690670
vt 0.207099 0.699795
vt 0.198747 0.703496
vt 0.897609 0.499655
vt 0.899279 0.511402
vt 0.260149 0.272496
vt 0.257655 0.282204
vt 0.635951 0.500519
vt 0.750508 0.843491
vt 0.797527 0.920128
vt 0.512789 0.438293
vt 0.541754 0.889724
vt 0.547513 0.881488
vt 0.874695 0.834516
vt 0.189171 0.667066
vt 0.747723 0.641822
vt 0.745139 0.640468
vt 0.001637 0.038190
vt -0.000000 0.979806
vt 0.002577 0.973711
vt 0.904176 0.115334
vt 0.904975 0.106229
vt 0.319344 0.766528
vt 0.318829 0.772274
vt 0.317020 0.765940
vt 0.600778 0.373535
vt 0.578509 0.343183
vt 0.630700 0.531025
vt 0.901686 0.474180
vt 0.006376 0.873093
vt 0.283996 0.610921
vt 0.295347 0.622684
vt 0.434455 0.791605
vt 0.430471 0.789629
vt 0.781564 0.909013
vt 0.913061 0.709636
vt 0.731199 0.392526
vt 0.730091 0.412994
vt 0.323320 0.630969
vt 0.713945 0.290285
vt 0.949095 0.252421
vt 0.140631 0.477740
vt 0.920721 0.740753
vt 0.918776 0.737505
vt 0.921280 0.734695
vt 0.071839 0.772185
vt 0.586058 0.276621
vt 0.877642 0.333207
vt 0.136315 0.282044
vt 0.832648 0.220761
vt 0.903330 0.948916
vt 0.549935 0.582557
vt 0.880677 0.061970
vt 0.965989 0.213093
vt 0.960867 0.201690
vt 0.768929 0.896211
vt 0.982802 0.970884
vt 0.693081 0.666502
vt 0.526879 0.910679
vt 0.551527 0.294064
vt 0.541623 0.292686
vt 0.542146 0.289494
vt 0.155341 0.105132
vt 0.112475 0.102404
vt 0.198957 0.527420
vt 0.634427 0.273468
vt 0.954942 0.304067
vt 0.895421 0.621403
vt 0.692122 0.068296
vt 0.272545 0.417702
vt 0.194484 0.502931
vt 0.887140 0.661635
vt 0.117174 0.219991
vt 0.680521 0.407491
vt 0.736328 0.112884
vt 0.904783 0.562596
vt 0.681032 0.543525
vt 0.989238 0.527165
vt 0.981219 0.529604
vt 0.985196 0.508889
vt 0.980039 0.513951
vt 0.891951 0.218035
vt 0.274617 0.168358
vt 0.744462 0.209518
vt 0.745857 0.196065
vt 0.778298 0.962904
vt 0.545309 0.973247
vt 0.565952 0.324319
vt 0.557993 0.248050
vt 0.534935 0.247550
vt 0.532821 0.245130
vt 0.068429 0.806285
vt 0.066976 0.841174
vt 0.814313 0.626144
vt 0.817864 0.060577
vt 0.914289 0.647756
vt 0.805631 0.156013
vt 0.802121 0.174100
vt 0.751999 0.469166
vt 0.930892 0.152463
vt 0.963423 0.356653
vt 0.021263 0.723522
vt 0.083794 0.967493
vt 0.800261 0.150342
vt 0.965991 0.244115
vt 0.553387 0.447328
vt 0.699556 0.951967
vt 0.087931 0.936193
vt 0.091030 0.944023
vt 0.902088 0.305278
vt 0.932389 0.100447
vt 0.134472 0.765000
vt 0.620974 0.388562
vt 0.606397 0.586208
vt 0.599466 0.574908
vt 0.743074 0.081835
vt 0.492077 0.476555
vt 0.487867 0.490222
vt 0.988368 0.978627
vt 0.871402 0.323255
vt 0.871706 0.333187
vt 0.579724 0.548738
vt 0.569406 0.589073
vt 0.573867 0.509843
vt 0.500906 0.488776
vt 0.117264 0.606421
vt 0.656682 0.255836
vt 0.006638 0.764526
vt 0.700421 0.535157
vt 0.689212 0.529084
vt 0.698878 0.517348
vt 0.154009 0.644133
vt 0.648998 0.435548
vt 0.703040 0.110515
vt 0.548914 -0.000000
vt 0.558564 0.002097
vt 0.348700 0.647629
vt 0.874708 0.549954
vt 0.075192 0.170726
vt 0.914486 0.911776
vt 0.867651 0.470155
vt 0.523285 0.267077
vt 0.525622 0.259322
vt 0.527321 0.266557
vt 0.111399 0.785855
vt 0.105626 0.791413
vt 0.105626 0.772186
vt 0.727934 0.577472
vt 0.676977 0.065586
vt 0.735286 0.546888
vt 0.724418 0.538658
vt 0.731238 0.532130
vt 0.844707 0.967405
vt 0.811995 0.697846
vt 0.037755 0.299510
vt 0.924142 0.829951
vt 0.673483 0.280137
vt 0.807113 0.864888
vt 0.553181 0.303416
vt 0.628824 0.262305
vt 0.207191 0.772123
vt 0.850953 0.756779
vt 0.276164 0.252854
vt 0.291109 0.261531
vt 0.721391 0.448509
vt 0.852817 0.205038
vt 0.244810 0.947808
vt 0.763877 0.906528
vt 0.759821 0.892037
vt 0.277682 0.897638
vt 0.000465 0.263296
vt 0.777215 0.350613
vt 0.774268 0.364196
vt 0.762778 0.341174
vt 0.926592 0.127512
vt 0.930772 0.116531
vt 0.052742 0.757184
vt 0.648940 0.686822
vt 0.708873 0.832873
vt 0.589547 0.367918
vt 0.436749 0.301962
vt 0.864324 0.905086
vt 0.868952 0.834003
vt 0.391416 0.914112
vt 0.567530 0.267807
vt 0.686992 0.025003
vt 0.597276 0.623877
vt 0.568425 0.609935
vt 0.793388 0.941230
vt 0.976854 0.746545
vt 0.737677 0.840428
vt 0.738131 0.808846
vt 0.189144 0.717649
vt 0.884954 0.388474
vt 0.897950 0.395656
vt 0.362563 0.295797
vt 0.555055 0.907596
vt 0.895850 0.056296
vt 0.333969 0.926784
vt 0.319002 0.381817
vt 0.311217 0.404714
vt 0.198612 0.693243
vt 0.098912 0.738059
vt 0.740842 0.906882
vt 0.737677 0.902869
vt 0.162243 0.973710
vt 0.642197 0.422003
vt 0.852149 0.182602
vt 0.617704 0.592056
vt 0.657786 0.005794
vt 0.747114 0.469780
vt 0.724182 0.460169
vt 0.725106 0.468692
vt 0.711526 0.467100
vt 0.173729 0.570276
vt 0.201329 0.840336
vt 0.683371 0.466515
vt 0.523997 0.050518
vt 0.451440 0.649031
vt 0.002401 0.126000
vt 0.301346 0.457576
vt 0.401167 0.656541
vt 0.540255 0.794363
vt 0.809086 0.629990
vt 0.815213 0.627024
vt 0.815213 0.641950
vt 0.122865 0.531493
vt 0.763056 0.434068
vt 0.752620 0.443932
vt 0.913116 0.923161
vt 0.852817 0.333083
vt 0.549998 0.487642
vt 0.809836 0.102902
vt 0.808728 0.118781
vt 0.207685 0.612751
vt 0.207685 0.600507
vt 0.208452 0.602055
vt 0.755504 0.238820
vt 0.758101 0.220303
vt 0.747631 0.228014
vt 0.314317 0.165770
vt 0.633924 0.410342
vt 0.626236 0.401249
vt 0.717241 0.505373
vt 0.713524 0.530873
vt 0.718008 0.517684
vt 0.408597 0.899877
vt 0.544536 0.911692
vt 0.439118 0.158249
vt 0.435319 0.163849
vt 0.748392 0.002822
vt 0.737678 0.663715
vt 0.884770 0.376051
vt 0.531409 0.568003
vt 0.536322 0.585360
vt 0.591787 0.294748
vt 0.591787 0.286390
vt 0.592408 0.287465
vt 0.602027 0.760159
vt 0.098596 0.922389
vt 0.401142 0.909011
vt 0.197449 0.384185
vt 0.578330 0.522564
vt 0.564682 0.811008
vt 0.559408 0.792784
vt 0.095565 0.969886
vt 0.088802 0.968063
vt 0.684077 0.247746
vt 0.686656 0.236294
vt 0.207685 0.623793
vt 0.194699 0.603389
vt 0.194484 0.594444
vt 0.781347 0.390298
vt 0.150261 0.776567
vt 0.725619 0.617041
vt 0.715685 0.626118
vt 0.129943 0.198975
vt 0.760362 0.231846
vt 0.763182 0.242471
vt 0.849980 0.716443
vt 0.398459 0.240238
vt 0.387665 0.260437
vt 0.926570 0.554633
vt 0.542697 0.258637
vt 0.564357 0.450298
vt 0.469765 0.559543
vt 0.466723 0.547296
vt 0.200674 0.849070
vt 0.544735 0.783182
vt 0.685062 0.271645
vt 0.693983 0.275613
vt 0.683554 0.477861
vt 0.729618 0.095311
vt 0.659258 0.273618
vt 0.890437 0.790601
vt 0.757636 0.210897
vt 0.916901 0.729625
vt 0.639381 0.363318
vt 0.726487 0.082165
vt 0.139223 0.054875
vt 0.180982 0.050998
vt 0.713650 0.547109
vt 0.786342 0.380915
vt 0.788557 0.394760
vt 0.897812 0.454501
vt 0.915952 0.132476
vt 0.912964 0.139880
vt 0.685282 0.937579
vt 0.953026 0.742387
vt 0.697769 0.656497
vt 0.359591 0.968485
vt 0.542428 0.003705
vt 0.640369 0.452239
vt 0.674766 0.100992
vt 0.649069 0.620667
vt 0.653386 0.459500
vt 0.788984 0.958666
vt 0.897948 0.380309
vt 0.009342 0.306485
vt 0.685118 0.301125
vt 0.277350 0.899505
vt 0.976974 0.586058
vt 0.452134 0.513427
vt 0.462590 0.739930
vt 0.252624 0.008125
vt 0.674766 0.007643
vt 0.978700 0.795428
vt 0.196235 0.795556
vt 0.205346 0.795808
vt 0.201129 0.805508
vt 0.808765 0.084627
vt 0.197462 0.726576
vt 0.322108 0.392859
vt 0.324920 0.387460
vt 0.336943 0.393331
vt 0.416440 0.651128
vt 0.421040 0.659992
vt 0.680838 0.091302
vt 0.488929 0.578563
vt 0.493970 0.591500
vt 0.174441 0.363555
vt 0.971636 0.238014
vt 0.577392 0.483815
vt 0.571431 0.482668
vt 0.991269 0.219089
vt 0.626890 0.442140
vt 0.724469 0.604362
vt 0.651811 0.421347
vt 0.431495 0.173378
vt 0.960493 0.129551
vt 0.965637 0.119143
vt 0.975588 0.434680
vt 0.539219 0.837432
vt 0.538422 0.824410
vt 0.730585 0.591713
vt 0.983456 0.491446
vt 0.975588 0.479857
vt 0.982138 0.474625
vt 0.780717 0.328844
vt 0.788306 0.355977
vt 0.257924 0.578372
vt 0.269667 0.056164
vt 0.677336 0.077624
vt 0.205313 0.535195
vt 0.205834 0.528471
vt 0.764579 0.657845
vt 0.906955 0.244066
vt 0.666087 0.299831
vt 0.600035 0.270578
vt 0.638774 0.531074
vt 0.833387 0.122490
vt 0.838468 0.105957
vt 0.785415 0.368872
vt 0.197024 0.712713
vt 0.855198 0.348785
vt 0.199275 0.923626
vt 0.745704 0.259978
vt 0.687158 0.821819
vt 0.951532 0.312819
vt 0.992349 0.749072
vt 0.620974 0.662632
vt 0.622150 0.651321
vt 0.689216 0.821919
vt 0.690136 0.826230
vt 0.674029 0.903791
vt 0.921716 0.612360
vt 0.920714 0.603778
vt 0.962446 0.445024
vt 0.963851 0.463985
vt 0.887943 0.506308
vt 0.905535 0.215028
vt 0.405891 0.913461
vt 0.943209 0.200795
vt 0.948634 0.201690
vt 0.593066 0.267136
vt 0.936282 0.123489
vt 0.189500 0.539200
vt 0.975282 0.946870
vt 0.972600 0.952256
vt 0.740869 0.401172
vt 0.718145 0.271138
vt 0.725884 0.268120
vt 0.261713 0.088716
vt 0.936796 0.187223
vt 0.936796 0.098086
vt 0.788681 0.864962
vt 0.267785 0.028958
vt 0.643972 0.468692
vt 0.811995 0.642964
vt 0.814398 0.654680
vt 0.812332 0.652983
vt 0.244348 0.758155
vt 0.776719 0.414073
vt 0.776586 0.425867
vt 0.762432 0.421730
vt 0.893819 0.509794
vt 0.198310 0.603389
vt 0.310496 0.787091
vt 0.308209 0.632644
vt 0.630514 0.520631
vt 0.614559 0.675313
vt 0.475418 0.575013
vt 0.477968 0.584827
vt 0.649603 0.277794
vt 0.239539 0.500413
vt 0.883625 0.399775
vt 0.978704 0.913390
vt 0.886802 0.535330
vt 0.888843 0.520042
vt 0.172030 0.678959
vt 0.131506 0.629495
vt 0.001954 0.011234
vt 0.000000 0.013775
vt 0.321678 0.638908
vt 0.682338 0.941157
vt 0.684282 0.952473
vt 0.425126 0.990033
vt 0.780649 0.915728
vt 0.961633 0.362337
vt 0.634414 0.540354
vt 0.953686 0.282595
vt 0.334418 0.643816
vt 0.638839 0.505678
vt 0.641258 0.510698
vt 0.978195 0.356528
vt 0.974691 0.350429
vt 0.294107 0.881325
vt 0.196772 0.610543
vt 0.195840 0.619329
vt 0.195840 0.603389
vt 0.262932 0.148414
vt 0.264527 0.183831
vt 0.606182 0.925276
vt 0.900403 0.630546
vt 0.913389 0.162053
vt 0.796002 0.807622
vt 0.724725 0.266992
vt 0.975605 0.464731
vt 0.619678 0.718708
vt 0.614559 0.731848
vt 0.614559 0.709271
vt 0.873789 0.471485
vt 0.147894 0.788271
vt 0.659376 0.281344
vt 0.904387 0.130467
vt 0.828456 0.174914
vt 0.822798 0.161558
vt 0.600035 0.288840
vt 0.205576 0.548978
vt 0.226430 0.555550
vt 0.408025 0.806475
vt 0.935248 0.568517
vt 0.910792 0.152400
vt 0.905989 0.143494
vt 0.265691 0.478049
vt 0.973369 0.301598
vt 0.978195 0.305278
vt 0.625230 0.294329
vt 0.624121 0.287850
vt 0.625230 0.282462
vt 0.678584 0.310418
vt 0.713541 0.000000
vt 0.745867 0.273757
vt 0.584136 0.719499
vt 0.864324 0.953026
vt 0.195106 0.614347
vt 0.195106 0.623813
vt 0.194484 0.622737
vt 0.197810 0.777926
vt 0.580964 0.687105
vt 0.591562 0.975034
vt 0.587153 0.972018
vt 0.598694 0.964956
vt 0.972235 0.876664
vt 0.974813 0.860481
vt 0.126070 0.307828
vt 0.894995 0.526700
vt 0.971538 0.889092
vt 0.189394 0.852668
vt 0.852817 0.460571
vt 0.638111 0.272099
vt 0.641141 0.977612
vt 0.556837 0.265016
vt 0.757126 0.004278
vt 0.520358 0.052216
vt 0.943394 0.742473
vt 0.713977 0.164860
vt 0.743518 0.255811
vt 0.695385 0.665574
vt 0.708608 0.743196
vt 0.583458 0.686968
vt 0.585522 0.712625
vt 0.614084 0.595587
vt 0.609200 0.601192
vt 0.883369 0.419433
vt 0.882343 0.433272
vt 0.622300 0.702359
vt 0.852750 0.439317
vt 0.910681 0.099548
vt 0.111399 0.891158
vt 0.836178 0.922194
vt 0.855778 0.931987
vt 0.850734 0.929445
vt 0.969052 0.464558
vt 0.674906 0.268120
vt 0.376412 0.924061
vt 0.367591 0.922452
vt 0.535059 0.833870
vt 0.864379 0.422566
vt 0.902018 0.204528
vt 0.662471 0.979369
vt 0.279502 0.601469
vt 0.095746 0.987471
vt 0.102402 0.985451
vt 0.696161 0.981377
vt 0.688339 0.978491
vt 0.897405 0.582774
vt 0.975902 0.124588
vt 0.908712 0.474178
vt 0.531071 0.765699
vt 0.833780 0.657710
vt 0.835946 0.665707
vt 0.826200 0.655879
vt 0.703612 0.686745
vt 0.563066 0.829543
vt 0.561330 0.850603
vt 0.696533 0.693594
vt 0.226962 0.761875
vt 0.033300 0.761875
vt 0.543860 0.965280
vt 0.668752 0.971283
vt 0.892993 0.589777
vt 0.597970 0.557660
vt 0.209726 0.728787
vt 0.864325 0.642964
vt 0.503513 0.591988
vt 0.984990 0.539965
vt 0.725636 0.899614
vt 0.801013 0.469967
vt 0.808805 0.471798
vt 0.843950 0.606135
vt 0.261096 0.934753
vt 0.528455 0.139469
vt 0.688052 0.009966
vt 0.518330 0.846896
vt 0.675086 0.291794
vt 0.591787 0.286390
vt 0.591787 0.295323
vt 0.590057 0.288670
vt 0.920426 0.539705
vt 0.665337 0.905930
vt 0.693983 0.286188
vt 0.730346 0.518305
vt 0.728196 0.503606
vt 0.993047 0.234790
vt 0.711802 0.975495
vt 0.514869 0.902543
vt 0.190238 0.817444
vt 0.193203 0.805288
vt 0.708710 0.678055
vt 0.666627 0.255160
vt 0.703793 0.979669
vt 0.881632 0.403674
vt 0.638111 0.263401
vt 0.973755 0.466254
vt 0.908123 0.775065
vt 0.898300 0.787294
vt 0.515736 0.428481
vt 0.787121 0.030791
vt 0.892519 0.261419
vt 0.896949 0.268097
vt 0.870114 0.833959
vt 0.971538 0.960850
vt 0.952528 0.289595
vt 0.004940 0.625322
vt 0.685282 0.968777
vt 0.321401 0.401706
vt 0.803784 0.973892
vt 0.609706 0.551491
vt 0.092368 0.977159
vt 0.524137 0.279960
vt 0.515703 0.151329
vt 0.208124 0.593124
vt 0.903289 0.148970
vt 0.307605 0.745296
vt 0.204568 0.786922
vt 0.197810 0.793187
vt 0.197810 0.777926
vt 0.178053 0.871417
vt 0.650617 0.003700
vt 0.852160 0.740615
vt 0.104752 0.772186
vt 0.914386 0.511157
vt 0.920714 0.525349
vt 0.590324 0.539475
vt 0.741600 0.573077
vt 0.743260 0.470568
vt 0.801317 0.033159
vt 0.913354 0.945114
vt 0.314989 0.894527
vt 0.374555 0.288218
vt 0.468261 0.746729
vt 0.088776 0.922389
vt 0.979319 0.842184
vt 0.769958 0.313854
vt 0.913327 0.485349
vt 0.325914 0.747998
vt 0.833541 0.676310
vt 0.843595 0.669093
vt 0.979705 0.498239
vt 0.929859 0.281005
vt 0.935364 0.283275
vt 0.679951 0.953428
vt 0.926669 0.570656
vt 0.557293 0.291912
vt 0.135668 0.008375
vt 0.681320 0.906972
vt 0.684282 0.907678
vt 0.264814 0.542246
vt 0.903671 0.788273
vt 0.249831 0.918240
vt 0.272964 0.714717
vt 0.085677 0.768036
vt 0.192763 0.739599
vt 0.739936 0.279667
vt 0.615611 0.654609
vt 0.727884 0.914785
vt 0.903585 0.969504
vt 0.864365 0.958738
vt 0.654667 0.257204
vt 0.264985 0.226579
vt 0.810976 0.044114
vt 0.863200 0.925609
vt 0.862870 0.931382
vt 0.742151 0.310619
vt 0.752922 0.303652
vt 0.974015 0.573953
vt 0.001430 0.203042
vt 0.557293 0.257204
vt 0.899855 0.443268
vt 0.192665 0.753215
vt 0.916036 0.970442
vt 0.405603 0.876931
vt 0.880518 0.632352
vt 0.198279 0.816232
vt 0.208178 0.530798
vt 0.208178 0.511923
vt 0.208566 0.521001
vt 0.247398 0.507361
vt 0.760744 0.865426
vt 0.102585 0.284540
vt 0.848908 0.283984
vt 0.667316 0.257204
vt 0.637032 0.521036
vt 0.971167 0.254508
vt 0.788557 0.419986
vt 0.994132 0.981621
vt 0.993844 0.970235
vt 0.987807 0.983305
vt 0.982848 0.981046
vt 0.478155 0.903167
vt 0.497906 0.607822
vt 0.530240 0.245147
vt 0.017495 0.850384
vt 0.836120 0.839113
vt 0.844601 0.838465
vt 0.693983 0.290740
vt 0.315011 0.550187
vt 0.845851 0.808165
vt 0.094051 0.730411
vt 0.977051 0.268097
vt 0.204737 0.570475
vt 0.737677 0.582163
vt 0.264985 0.899070
vt 0.068401 0.919998
vt 0.484809 0.598101
vt 0.560129 0.912495
vt 0.476193 0.903981
vt 0.200971 0.560772
vt 0.205428 0.560448
vt 0.552922 0.295797
vt 0.262285 0.520577
vt 0.195840 0.614347
vt 0.194484 0.608802
vt 0.195840 0.603389
vt 0.918724 0.957499
vt 0.922583 0.137318
vt 0.919065 0.124397
vt 0.454436 0.625413
vt 0.055837 0.621609
vt 0.747228 0.177075
vt 0.988392 0.545352
vt 0.109083 0.550175
vt 0.936796 0.232058
vt 0.553887 0.785734
vt 0.846955 0.146787
vt 0.920714 0.571267
vt 0.249466 0.761875
vt 0.523527 0.967215
vt 0.836416 0.821733
vt 0.523285 0.001997
vt 0.199433 0.928331
vt 0.811075 0.679325
vt 0.596958 0.596787
vt 0.620155 0.654609
vt 0.944291 0.595644
vt 0.199532 0.511923
vt 0.207267 0.519141
vt 0.427896 0.298071
vt 0.543892 0.975242
vt 0.445501 0.916987
vt 0.809865 0.908926
vt 0.206414 0.523816
vt 0.240502 0.926912
vt 0.089328 0.615763
vt 0.689707 0.959569
vt 0.921508 0.113002
vt 0.719473 0.947321
vt 0.763767 0.250326
vt 0.585862 0.251169
vt 0.868097 0.280921
vt 0.605373 0.593375
vt 0.208355 0.623501
vt 0.207685 0.632028
vt 0.207685 0.612751
vt 0.208109 0.552516
vt 0.208109 0.560241
vt 0.207267 0.556278
vt 0.620974 0.388524
vt 0.140920 0.880679
vt 0.993644 0.985440
vt 0.984914 0.364284
vt 0.766865 0.199886
vt 0.528300 0.001890
vt 0.584183 0.735246
vt 0.818124 0.845602
vt 0.629303 0.361084
vt 0.972722 0.775303
vt 0.107062 0.741735
vt 0.040619 0.648740
vt 0.046123 0.657952
vt 0.738837 0.642964
vt 0.635296 0.554590
vt 0.830489 0.672136
vt 0.823601 0.663791
vt 0.887071 0.475620
vt 0.070184 0.968052
vt 0.001919 0.591648
vt 0.102402 0.967505
vt 0.543892 0.940337
vt 0.208128 0.590369
vt 0.974015 0.604920
vt 0.989837 0.512895
vt 0.975588 0.456671
vt 0.883634 0.934723
vt 0.786489 0.196182
vt 0.205739 0.346670
vt 0.318712 0.467354
vt 0.000000 0.592176
vt 0.627058 0.254416
vt 0.995211 0.642964
vt 0.559829 0.866400
vt 0.820650 0.660491
vt 0.601821 0.941644
vt 0.624121 0.282869
vt 0.208741 0.774866
vt 0.603313 0.599909
vt 0.598157 0.604099
vt 0.562887 0.783481
vt 0.822797 0.142498
vt 0.864325 0.756115
vt 0.889996 0.937815
vt 0.166604 0.862821
vt -0.000000 0.872389
vt 0.000758 0.042629
vt 0.183426 0.891158
vt 0.914289 0.729705
vt 0.872651 0.270167
vt 0.793137 0.191409
vt 0.577950 0.295137
vt 0.577950 0.286390
vt 0.585753 0.292014
vt 0.766865 0.203572
vt 0.605153 0.932605
vt 0.921627 0.925047
vt 0.935364 0.435929
vt 0.598729 0.932605
vt 0.699610 0.685434
vt 0.739580 0.291487
vt 0.101756 0.743724
vt 0.561600 0.892027
vt 0.875201 0.566506
vt 0.598885 0.978454
vt 0.897470 0.271982
vt 0.801110 0.804870
vt 0.066976 0.991543
vt 0.606182 0.759254
vt 0.194484 0.519241
vt 0.897646 0.672859
vt 0.590931 0.812032
vt 0.829281 0.840300
vt 0.164724 0.345352
vt 0.813172 0.152521
vt 0.873789 0.578249
vt 0.104648 0.820230
vt 0.098974 0.817612
vt 0.543348 0.984829
vt 0.136878 0.795945
vt 0.620268 0.926790
vt 0.277699 0.973866
vt 0.856341 0.786168
vt 0.936796 0.159327
vt 0.242060 0.512140
s 0
usemtl 材質
f 10/1/1 199/3/1 201/2/1
f 1666/4/2 1665/6/2 149/5/2
f 652/7/3 2026/9/3 2461/8/3
f 2347/10/4 18/12/4 2348/11/4
f 2151/13/5 2268/15/5 984/14/5
f 1338/16/6 21/18/6 877/17/6
f 22/19/7 1986/21/7 1529/20/7
f 918/22/8 919/24/8 23/23/8
f 1360/25/9 24/27/9 1841/26/9
f 26/28/10 465/30/10 27/29/10
f 28/31/11 2018/33/11 16/32/11
f 1351/34/12 460/36/12 31/35/12
f 34/37/13 1446/39/13 35/38/13
f 2018/33/14 39/41/14 38/40/14
f 1659/42/15 2301/44/15 578/43/15
f 270/45/16 47/47/16 721/46/16
f 1699/48/17 1440/50/17 1700/49/17
f 1830/51/18 48/53/18 82/52/18
f 270/45/19 1810/55/19 50/54/19
f 796/56/20 1156/58/20 481/57/20
f 2283/59/21 1194/61/21 2335/60/21
f 55/62/22 56/64/22 403/63/22
f 1807/65/23 1365/67/23 57/66/23
f 60/68/24 2466/70/24 61/69/24
f 2437/71/25 62/73/25 2143/72/25
f 69/74/26 71/76/26 70/75/26
f 1279/77/27 26/28/27 73/78/27
f 1765/79/28 74/81/28 2253/80/28
f 572/82/29 1599/84/29 466/83/29
f 146/85/30 147/87/30 75/86/30
f 77/88/31 78/90/31 855/89/31
f 572/91/32 79/93/32 1599/92/32
f 2287/94/33 1397/96/33 2288/95/33
f 80/97/34 82/99/34 81/98/34
f 1596/100/35 1808/102/35 211/101/35
f 1338/103/36 877/105/36 394/104/36
f 89/106/37 1193/108/37 2231/107/37
f 1730/109/38 1467/111/38 96/110/38
f 2490/112/39 2/114/39 97/113/39
f 100/115/40 101/117/40 1448/116/40
f 757/118/41 105/120/41 104/119/41
f 1471/121/42 611/123/42 106/122/42
f 2115/124/43 2486/126/43 1708/125/43
f 2196/127/44 109/129/44 739/128/44
f 1875/130/45 112/132/45 111/131/45
f 1547/133/46 1557/135/46 121/134/46
f 1875/130/47 124/136/47 112/132/47
f 707/137/48 125/139/48 1510/138/48
f 447/140/49 523/142/49 130/141/49
f 1019/143/50 1018/145/50 990/144/50
f 2005/146/51 582/148/51 424/147/51
f 1157/149/52 2298/151/52 1832/150/52
f 1042/152/53 1865/154/53 136/153/53
f 1148/155/54 2247/157/54 140/156/54
f 144/158/55 145/160/55 366/159/55
f 1890/161/56 580/163/56 1535/162/56
f 981/164/57 148/166/57 2375/165/57
f 1666/4/58 149/5/58 133/167/58
f 440/168/59 154/170/59 153/169/59
f 427/171/60 1810/55/60 270/45/60
f 1675/172/61 990/174/61 1018/173/61
f 157/175/62 158/177/62 179/176/62
f 2456/178/63 22/19/63 553/179/63
f 2067/180/64 1221/182/64 931/181/64
f 78/183/65 77/185/65 168/184/65
f 170/186/66 172/188/66 171/187/66
f 173/189/67 1729/191/67 196/190/67
f 139/192/68 174/194/68 173/193/68
f 344/195/69 1509/197/69 343/196/69
f 2284/198/70 2411/200/70 1189/199/70
f 103/201/71 176/203/71 175/202/71
f 582/204/72 177/206/72 424/205/72
f 580/163/73 1890/161/73 179/207/73
f 2501/208/74 181/210/74 180/209/74
f 1963/211/75 183/213/75 2126/212/75
f 2200/214/76 2392/216/76 94/215/76
f 189/217/77 190/219/77 1318/218/77
f 19/220/78 1993/222/78 1816/221/78
f 2253/80/79 74/81/79 191/223/79
f 194/224/80 1222/226/80 414/225/80
f 195/227/81 196/229/81 1974/228/81
f 200/230/82 201/232/82 1967/231/82
f 202/233/83 203/235/83 2296/234/83
f 205/236/84 2275/238/84 206/237/84
f 105/239/85 1128/241/85 104/240/85
f 2430/242/86 211/244/86 210/243/86
f 2332/245/87 2331/247/87 212/246/87
f 1614/248/88 216/250/88 215/249/88
f 203/251/89 218/253/89 217/252/89
f 219/254/90 142/256/90 1623/255/90
f 101/257/91 102/259/91 1324/258/91
f 2009/260/92 1398/262/92 467/261/92
f 1810/55/93 446/264/93 225/263/93
f 1566/265/94 1860/267/94 746/266/94
f 1715/268/95 230/270/95 229/269/95
f 231/271/96 233/273/96 232/272/96
f 1128/274/97 105/276/97 234/275/97
f 1374/277/98 664/279/98 2422/278/98
f 1602/280/99 241/282/99 240/281/99
f 246/283/100 2418/285/100 87/284/100
f 608/286/101 248/288/101 247/287/101
f 2441/289/102 249/291/102 2084/290/102
f 2328/292/103 1310/294/103 475/293/103
f 2169/295/104 253/297/104 252/296/104
f 40/298/105 255/300/105 254/299/105
f 1820/301/106 220/303/106 1334/302/106
f 2181/304/107 258/306/107 257/305/107
f 2177/307/108 1097/309/108 1096/308/108
f 259/310/109 392/312/109 260/311/109
f 975/313/110 262/315/110 159/314/110
f 347/316/111 2077/318/111 269/317/111
f 1521/319/112 347/321/112 269/320/112
f 270/45/113 2282/322/113 427/171/113
f 1050/323/114 274/325/114 273/324/114
f 278/326/115 1748/328/115 257/327/115
f 407/329/116 429/331/116 1416/330/116
f 1959/332/117 1819/334/117 1844/333/117
f 1042/152/118 288/336/118 287/335/118
f 290/337/119 188/339/119 291/338/119
f 1615/340/120 294/342/120 1992/341/120
f 1109/343/121 2003/345/121 295/344/121
f 90/346/122 1482/348/122 2400/347/122
f 1556/349/123 297/351/123 296/350/123
f 254/299/124 549/353/124 2044/352/124
f 1213/354/125 2339/356/125 299/355/125
f 301/357/126 302/359/126 126/358/126
f 788/360/127 560/362/127 303/361/127
f 2387/363/128 304/365/128 1623/364/128
f 307/366/129 310/368/129 243/367/129
f 308/369/130 310/371/130 309/370/130
f 311/372/131 2470/374/131 312/373/131
f 2112/375/132 2441/289/132 313/376/132
f 317/377/133 850/379/133 1213/378/133
f 323/380/134 362/382/134 1503/381/134
f 327/383/135 328/384/135 27/29/135
f 56/385/136 331/387/136 403/386/136
f 332/388/137 1015/390/137 1790/389/137
f 741/391/138 337/393/138 289/392/138
f 1341/394/139 341/396/139 340/395/139
f 73/397/140 342/399/140 1279/398/140
f 1263/400/141 2118/402/141 1237/401/141
f 560/362/142 1752/403/142 303/361/142
f 1373/404/143 349/406/143 2039/405/143
f 70/407/144 353/409/144 352/408/144
f 357/410/145 109/129/145 2196/127/145
f 1159/411/146 1148/155/146 357/412/146
f 1571/413/147 1993/222/147 1223/414/147
f 2034/415/148 165/417/148 284/416/148
f 1109/418/149 295/420/149 2369/419/149
f 64/421/150 2031/423/150 994/422/150
f 187/424/151 306/426/151 1114/425/151
f 20/427/152 765/429/152 53/428/152
f 360/430/153 2054/432/153 361/431/153
f 1376/433/154 363/434/154 362/382/154
f 2105/435/155 366/159/155 365/436/155
f 374/437/156 57/438/156 331/387/156
f 273/439/157 271/441/157 272/440/157
f 2033/442/158 2374/444/158 993/443/158
f 1732/445/159 1836/447/159 1919/446/159
f 380/448/160 1836/447/160 951/449/160
f 2333/450/161 28/31/161 16/32/161
f 2039/451/162 61/453/162 1373/452/162
f 383/454/163 371/456/163 384/455/163
f 2165/457/164 1466/459/164 1730/458/164
f 388/460/165 1141/462/165 1934/461/165
f 2166/463/166 389/465/166 1920/464/166
f 382/466/167 1946/468/167 390/467/167
f 2173/469/168 393/471/168 1788/470/168
f 1162/472/169 303/473/169 1571/413/169
f 1879/474/170 2213/476/170 2336/475/170
f 399/477/171 400/479/171 209/478/171
f 55/62/172 403/63/172 1818/480/172
f 406/481/173 2092/483/173 407/482/173
f 1984/484/174 408/486/174 1985/485/174
f 733/487/175 734/489/175 2360/488/175
f 1453/490/176 1512/492/176 420/491/176
f 190/219/177 189/217/177 135/493/177
f 422/494/178 1915/496/178 423/495/178
f 177/206/179 425/497/179 424/205/179
f 2339/356/180 432/498/180 299/355/180
f 1755/499/181 2120/501/181 564/500/181
f 435/502/182 436/503/182 2044/352/182
f 438/504/183 2481/506/183 2013/505/183
f 1749/507/184 509/509/184 154/508/184
f 446/510/185 445/512/185 225/511/185
f 190/219/186 745/513/186 1318/218/186
f 448/514/187 1606/516/187 449/515/187
f 211/244/188 454/518/188 453/517/188
f 455/519/189 2188/521/189 456/520/189
f 457/522/190 95/524/190 458/523/190
f 1398/262/191 468/525/191 467/261/191
f 2444/526/192 1317/528/192 469/527/192
f 506/529/193 1539/531/193 470/530/193
f 215/249/194 1391/533/194 473/532/194
f 2291/534/195 1390/536/195 474/535/195
f 2352/537/196 1294/539/196 1295/538/196
f 24/27/197 1375/540/197 1841/26/197
f 360/430/198 1165/542/198 2472/541/198
f 484/543/199 2472/541/199 1165/542/199
f 1107/544/200 1063/546/200 489/545/200
f 490/547/201 95/524/201 1179/548/201
f 491/549/202 1947/550/202 1934/461/202
f 1163/551/203 93/553/203 494/552/203
f 271/441/204 273/439/204 274/554/204
f 499/555/205 157/556/205 179/207/205
f 500/557/206 452/559/206 451/558/206
f 929/560/207 505/562/207 2491/561/207
f 506/563/208 469/565/208 767/564/208
f 27/29/209 507/567/209 192/566/209
f 154/170/210 509/568/210 153/169/210
f 218/253/211 813/570/211 1759/569/211
f 102/259/212 101/257/212 100/571/212
f 1191/572/213 1657/574/213 598/573/213
f 510/575/214 512/577/214 511/576/214
f 2123/578/215 963/580/215 513/579/215
f 279/581/216 1204/583/216 514/582/216
f 1001/584/217 517/586/217 516/585/217
f 2470/374/218 311/372/218 519/587/218
f 1604/588/219 1544/590/219 1373/589/219
f 366/591/220 521/593/220 144/592/220
f 1042/152/221 526/595/221 224/594/221
f 316/596/222 315/597/222 741/391/222
f 2148/598/223 527/600/223 2149/599/223
f 528/601/224 2145/602/224 148/166/224
f 1756/603/225 530/605/225 531/604/225
f 1843/606/226 533/608/226 2150/607/226
f 534/609/227 1733/611/227 1155/610/227
f 2462/612/228 1815/613/228 2151/13/228
f 1319/614/229 311/616/229 535/615/229
f 219/254/230 1485/618/230 539/617/230
f 2332/619/231 544/621/231 14/620/231
f 2332/619/232 211/244/232 544/621/232
f 153/169/233 1060/622/233 440/168/233
f 556/623/234 919/625/234 557/624/234
f 490/626/235 2081/628/235 2257/627/235
f 561/629/236 560/631/236 2299/630/236
f 454/518/237 560/631/237 561/629/237
f 70/407/238 565/633/238 1004/632/238
f 1144/634/239 1802/636/239 1787/635/239
f 568/637/240 646/638/240 180/209/240
f 188/339/241 290/337/241 420/491/241
f 240/639/242 420/491/242 239/640/242
f 1496/641/243 1060/643/243 153/642/243
f 269/317/244 2077/318/244 2209/644/244
f 574/645/245 575/647/245 1824/646/245
f 577/648/246 1160/650/246 1969/649/246
f 177/206/247 582/204/247 578/651/247
f 579/652/248 581/654/248 580/653/248
f 949/655/249 1630/657/249 584/656/249
f 424/205/250 425/497/250 2443/658/250
f 839/659/251 1745/661/251 1746/660/251
f 546/662/252 593/664/252 384/663/252
f 1225/665/253 594/667/253 554/666/253
f 2483/668/254 2001/670/254 596/669/254
f 371/456/255 1704/672/255 599/671/255
f 509/568/256 1759/569/256 600/673/256
f 1520/674/257 2004/676/257 601/675/257
f 1713/677/258 2325/679/258 607/678/258
f 17/680/259 608/286/259 1030/681/259
f 1610/682/260 1826/684/260 314/683/260
f 610/685/261 611/123/261 1471/121/261
f 1992/686/262 613/688/262 612/687/262
f 294/689/263 1615/691/263 614/690/263
f 616/692/264 617/694/264 955/693/264
f 618/695/265 619/696/265 765/429/265
f 1941/697/266 294/689/266 614/690/266
f 193/698/267 627/700/267 36/699/267
f 275/701/268 628/703/268 504/702/268
f 599/671/269 1704/672/269 2471/704/269
f 2257/627/270 2081/628/270 633/705/270
f 1814/706/271 636/708/271 635/707/271
f 214/709/272 2094/711/272 249/710/272
f 1466/459/273 1467/712/273 1730/458/273
f 646/713/274 568/715/274 644/714/274
f 120/716/275 2497/718/275 653/717/275
f 653/719/276 2497/721/276 2051/720/276
f 1004/632/277 657/723/277 2323/722/277
f 1082/724/278 143/726/278 798/725/278
f 661/727/279 2192/729/279 1395/728/279
f 1884/730/280 713/732/280 662/731/280
f 1896/733/281 664/279/281 2108/734/281
f 2323/722/282 657/723/282 656/735/282
f 944/736/283 666/738/283 42/737/283
f 667/739/284 506/529/284 470/530/284
f 668/740/285 1913/742/285 669/741/285
f 1659/743/286 670/744/286 306/426/286
f 1069/745/287 1659/42/287 578/43/287
f 2444/746/288 671/748/288 470/747/288
f 50/54/289 1499/749/289 270/45/289
f 104/240/290 1285/751/290 1743/750/290
f 1743/752/291 1285/754/291 2144/753/291
f 1368/755/292 2224/757/292 2359/756/292
f 1880/758/293 2063/760/293 677/759/293
f 684/761/294 289/763/294 336/762/294
f 2315/764/295 493/766/295 690/765/295
f 493/767/296 2303/769/296 690/768/296
f 2472/541/297 484/543/297 691/770/297
f 692/771/298 663/773/298 693/772/298
f 2459/774/299 693/772/299 694/775/299
f 1406/776/300 697/778/300 1981/777/300
f 1816/221/301 1993/222/301 1335/779/301
f 701/780/302 702/782/302 2380/781/302
f 1994/783/303 705/785/303 1705/784/303
f 1401/786/304 2375/165/304 710/787/304
f 1884/730/305 714/788/305 713/732/305
f 721/46/306 1278/790/306 1408/789/306
f 2369/419/307 295/420/307 846/791/307
f 1604/588/308 1373/589/308 779/792/308
f 731/793/309 732/795/309 1269/794/309
f 2338/796/310 734/489/310 733/487/310
f 292/797/311 734/799/311 974/798/311
f 1623/255/312 142/256/312 738/800/312
f 742/801/313 560/631/313 788/802/313
f 2269/803/314 1776/805/314 197/804/314
f 231/271/315 757/806/315 233/273/315
f 233/807/316 757/118/316 2198/808/316
f 43/809/317 746/266/317 1860/267/317
f 747/810/318 748/812/318 569/811/318
f 757/806/319 2256/813/319 234/275/319
f 1070/814/320 1872/816/320 670/815/320
f 670/744/321 1872/817/321 306/426/321
f 1243/818/322 1605/820/322 368/819/322
f 2194/821/323 2014/823/323 759/822/323
f 468/824/324 764/826/324 467/825/324
f 1115/827/325 765/829/325 619/828/325
f 341/396/326 2398/831/326 1511/830/326
f 1364/832/327 1770/834/327 2276/833/327
f 218/835/328 771/837/328 770/836/328
f 1864/838/329 85/839/329 1843/606/329
f 2134/840/330 597/842/330 152/841/330
f 19/843/331 2243/845/331 2102/844/331
f 2293/846/332 1611/848/332 773/847/332
f 365/849/333 785/851/333 1574/850/333
f 366/159/334 785/852/334 365/436/334
f 197/804/335 1776/805/335 198/853/335
f 789/854/336 198/856/336 1776/855/336
f 1710/857/337 796/56/337 1491/858/337
f 795/859/338 797/860/338 796/56/338
f 798/861/339 2138/863/339 799/862/339
f 800/864/340 539/866/340 801/865/340
f 802/867/341 1370/869/341 991/868/341
f 104/240/342 108/871/342 2198/870/342
f 757/118/343 104/119/343 2198/808/343
f 600/673/344 1759/569/344 813/570/344
f 818/872/345 820/874/345 819/873/345
f 642/875/346 1494/877/346 2122/876/346
f 776/878/347 330/880/347 825/879/347
f 751/881/348 1336/883/348 1455/882/348
f 1790/389/349 1015/390/349 716/884/349
f 1855/885/350 830/886/350 2192/729/350
f 831/887/351 832/888/351 75/86/351
f 557/889/352 834/891/352 556/890/352
f 100/115/353 1448/116/353 838/892/353
f 277/893/354 2235/895/354 2182/894/354
f 2174/896/355 842/898/355 841/897/355
f 1094/899/356 844/901/356 1468/900/356
f 851/902/357 853/904/357 852/903/357
f 331/905/358 857/907/358 2305/906/358
f 211/244/359 2332/619/359 212/908/359
f 861/909/360 1050/323/360 273/324/360
f 183/910/361 172/188/361 862/911/361
f 1303/912/362 1489/914/362 863/913/362
f 2498/915/363 435/917/363 2452/916/363
f 1528/918/364 868/920/364 867/919/364
f 1538/921/365 2345/923/365 3/922/365
f 394/924/366 303/473/366 1162/472/366
f 1188/925/367 1548/927/367 879/926/367
f 1880/758/368 2352/537/368 2063/760/368
f 270/45/369 6/928/369 47/47/369
f 2021/929/370 47/931/370 6/930/370
f 1945/932/371 400/479/371 695/933/371
f 883/934/372 1237/401/372 1862/935/372
f 1862/936/373 884/938/373 883/937/373
f 2076/939/374 1532/941/374 885/940/374
f 2076/939/375 361/943/375 2054/942/375
f 2429/944/376 1188/925/376 879/926/376
f 721/46/377 2080/945/377 270/45/377
f 1934/946/378 1947/948/378 888/947/378
f 84/949/379 895/951/379 864/950/379
f 217/952/380 218/835/380 770/836/380
f 598/953/381 371/955/381 898/954/381
f 596/669/382 754/957/382 1769/956/382
f 187/424/383 1114/425/383 903/958/383
f 2327/959/384 906/961/384 2207/960/384
f 1984/962/385 1122/964/385 408/963/385
f 489/965/386 1063/967/386 2218/966/386
f 911/968/387 252/296/387 253/297/387
f 1223/969/388 2102/844/388 1224/970/388
f 272/440/389 57/438/389 273/439/389
f 258/306/390 278/971/390 257/305/390
f 1959/332/391 1844/333/391 285/972/391
f 240/639/392 2439/973/392 539/617/392
f 2060/974/393 539/976/393 2439/975/393
f 331/387/394 330/880/394 917/977/394
f 428/978/395 133/167/395 1536/979/395
f 2485/980/396 1432/982/396 665/981/396
f 2318/983/397 2424/985/397 920/984/397
f 297/986/398 295/344/398 296/987/398
f 295/420/399 297/988/399 846/791/399
f 927/989/400 1070/991/400 928/990/400
f 1996/992/401 929/994/401 284/993/401
f 770/836/402 771/837/402 1354/995/402
f 2410/996/403 1820/998/403 2052/997/403
f 930/999/404 932/1000/404 931/181/404
f 932/1001/405 930/1003/405 933/1002/405
f 944/736/406 2323/722/406 945/1004/406
f 789/854/407 1776/855/407 2402/1005/407
f 2250/1006/408 228/1008/408 1970/1007/408
f 959/1009/409 2409/1011/409 2008/1010/409
f 960/1012/410 2415/1014/410 961/1013/410
f 596/669/411 902/1016/411 2203/1015/411
f 2018/33/412 971/1018/412 970/1017/412
f 1759/569/413 9/1019/413 218/253/413
f 1429/1020/414 972/1021/414 1538/921/414
f 973/1022/415 974/798/415 734/799/415
f 974/1023/416 973/1025/416 1806/1024/416
f 1400/1026/417 528/601/417 981/164/417
f 528/601/418 148/166/418 981/164/418
f 1910/1027/419 440/1029/419 439/1028/419
f 1667/1030/420 299/1032/420 988/1031/420
f 1042/152/421 988/1034/421 987/1033/421
f 2044/352/422 436/503/422 254/299/422
f 994/422/423 292/797/423 974/798/423
f 144/1035/424 397/1037/424 145/1036/424
f 397/1038/425 144/592/425 521/593/425
f 2020/1039/426 1000/1041/426 1670/1040/426
f 86/1042/427 2006/1043/427 1001/584/427
f 31/35/428 1017/1045/428 1015/1044/428
f 605/1046/429 1795/1048/429 251/1047/429
f 1778/1049/430 532/1051/430 1498/1050/430
f 287/1052/431 288/1054/431 1906/1053/431
f 1028/1055/432 1029/1056/432 2112/375/432
f 2360/488/433 734/489/433 941/1057/433
f 1446/1058/434 425/497/434 176/203/434
f 1035/1059/435 2041/1061/435 1428/1060/435
f 1037/1062/436 155/1064/436 156/1063/436
f 1042/1065/437 432/1067/437 1041/1066/437
f 764/826/438 1042/1065/438 1041/1066/438
f 1046/1068/439 1048/1070/439 1047/1069/439
f 424/147/440 1055/1071/440 2005/146/440
f 2487/1072/441 18/12/441 2347/10/441
f 471/1073/442 1056/1075/442 472/1074/442
f 628/703/443 1061/1076/443 1060/622/443
f 670/1077/444 1659/42/444 1069/745/444
f 1070/814/445 670/815/445 1069/1078/445
f 400/479/446 1882/1080/446 1073/1079/446
f 1013/1081/447 1074/1083/447 1012/1082/447
f 680/1084/448 678/1086/448 1887/1085/448
f 1081/1087/449 2359/756/449 1082/724/449
f 1547/133/450 121/134/450 68/1088/450
f 2030/1089/451 956/1091/451 957/1090/451
f 2477/1092/452 1086/1094/452 923/1093/452
f 1091/1095/453 1759/569/453 509/568/453
f 1095/1096/454 1142/1097/454 337/393/454
f 1096/308/455 1097/309/455 899/1098/455
f 1017/1045/456 2320/1100/456 655/1099/456
f 1129/1101/457 1104/1103/457 1130/1102/457
f 1128/241/458 1502/1105/458 1838/1104/458
f 1549/1106/459 259/310/459 260/311/459
f 2336/475/460 1105/1108/460 1688/1107/460
f 690/768/461 2414/1110/461 2378/1109/461
f 390/1111/462 1922/1113/462 1533/1112/462
f 1321/1114/463 1117/1116/463 175/1115/463
f 1686/1117/464 2142/1119/464 2373/1118/464
f 1124/1120/465 550/1122/465 1120/1121/465
f 580/653/466 581/654/466 1535/1123/466
f 947/1124/467 946/1126/467 2322/1125/467
f 2322/1125/468 2251/1128/468 2037/1127/468
f 2044/1129/469 1124/1120/469 1123/1130/469
f 2044/352/470 549/353/470 1124/1131/470
f 604/1132/471 1314/1134/471 1127/1133/471
f 2050/1135/472 262/315/472 975/313/472
f 234/1136/473 1129/1138/473 1128/1137/473
f 1925/1139/474 2344/1141/474 1098/1140/474
f 225/511/475 1451/1143/475 2473/1142/475
f 1499/1144/476 50/1146/476 1134/1145/476
f 139/192/477 1136/1148/477 1406/1147/477
f 20/1149/478 1758/1151/478 1609/1150/478
f 2167/1152/479 1601/1154/479 1140/1153/479
f 2191/1155/480 95/1157/480 1953/1156/480
f 933/1002/481 930/1003/481 1144/634/481
f 1145/1158/482 1696/1160/482 1146/1159/482
f 1150/1161/483 1152/1163/483 1151/1162/483
f 1193/108/484 18/12/484 2211/1164/484
f 836/1165/485 1940/1167/485 2064/1166/485
f 1865/154/486 1159/1169/486 1805/1168/486
f 2467/1170/487 1969/649/487 1160/650/487
f 494/552/488 271/441/488 1163/551/488
f 360/430/489 361/431/489 1165/542/489
f 1165/1171/490 1166/1173/490 417/1172/490
f 1167/1174/491 681/1176/491 1168/1175/491
f 1169/1177/492 1170/1179/492 2438/1178/492
f 2279/1180/493 1172/1182/493 2273/1181/493
f 1820/301/494 101/257/494 220/303/494
f 1820/998/495 1821/1183/495 101/117/495
f 2172/1184/496 1174/1186/496 1173/1185/496
f 1184/1187/497 688/1189/497 2382/1188/497
f 2080/945/498 1188/1191/498 1187/1190/498
f 1192/1192/499 919/24/499 556/1193/499
f 2212/1194/500 692/1195/500 1193/108/500
f 1194/1196/501 873/1198/501 1195/1197/501
f 460/1199/502 1198/1201/502 1197/1200/502
f 1703/1202/503 1200/1204/503 1199/1203/503
f 1937/1205/504 629/1207/504 628/1206/504
f 880/1208/505 2217/1210/505 2160/1209/505
f 57/438/506 1207/1211/506 273/439/506
f 273/324/507 1207/1213/507 1208/1212/507
f 1626/1214/508 542/1216/508 1210/1215/508
f 275/701/509 1211/1218/509 572/1217/509
f 1529/20/510 1986/21/510 1212/1219/510
f 1213/354/511 2098/1221/511 763/1220/511
f 1215/1222/512 502/1224/512 501/1223/512
f 1220/1225/513 97/113/513 2/114/513
f 1612/1226/514 2327/959/514 2207/960/514
f 118/1227/515 290/1229/515 291/1228/515
f 383/1230/516 593/1232/516 2453/1231/516
f 383/454/517 384/455/517 593/1233/517
f 382/466/518 1376/1235/518 1231/1234/518
f 1234/1236/519 304/365/519 2387/363/519
f 1141/462/520 388/460/520 2350/1237/520
f 88/1238/521 1240/1240/521 1239/1239/521
f 1242/1241/522 70/407/522 1004/632/522
f 14/620/523 1246/1243/523 71/1242/523
f 441/1244/524 538/1246/524 1248/1245/524
f 764/1247/525 1041/1249/525 763/1248/525
f 1406/776/526 1981/777/526 2245/1250/526
f 1174/1186/527 1956/1252/527 1254/1251/527
f 1255/1253/528 1256/1254/528 2167/1152/528
f 1600/1255/529 1256/1254/529 2438/1256/529
f 1257/1257/530 1259/1259/530 1258/1258/530
f 1766/1260/531 2456/178/531 553/179/531
f 2154/1261/532 733/487/532 2360/488/532
f 1209/1262/533 736/1264/533 735/1263/533
f 1222/1265/534 1674/1266/534 1221/182/534
f 2064/1166/535 1940/1167/535 1882/1267/535
f 647/1268/536 523/142/536 1347/1269/536
f 1347/1270/537 648/1272/537 647/1271/537
f 26/28/538 1279/77/538 465/30/538
f 275/701/539 1280/1273/539 1211/1218/539
f 200/230/540 1281/1274/540 201/232/540
f 491/1275/541 201/2/541 1281/1276/541
f 2154/1277/542 1854/1279/542 733/1278/542
f 453/517/543 454/518/543 561/629/543
f 561/1280/544 1283/1282/544 453/1281/544
f 104/240/545 185/1283/545 1285/751/545
f 2012/1284/546 2408/1286/546 1287/1285/546
f 369/1287/547 233/807/547 2198/808/547
f 2254/1288/548 1293/1290/548 1564/1289/548
f 1296/1291/549 2313/1293/549 1297/1292/549
f 1318/218/550 745/513/550 744/1294/550
f 1400/1026/551 1301/1296/551 2333/1295/551
f 1287/1285/552 1305/1298/552 1306/1297/552
f 1307/1299/553 1153/1301/553 1308/1300/553
f 1539/1302/554 184/1304/554 387/1303/554
f 1129/1101/555 387/1305/555 1104/1103/555
f 1313/1306/556 469/565/556 506/563/556
f 2444/526/557 469/527/557 671/1307/557
f 2050/1135/558 1314/1134/558 262/315/558
f 1606/516/559 448/514/559 1318/1308/559
f 1954/1309/560 1953/1156/560 2343/1310/560
f 1952/1311/561 296/987/561 295/344/561
f 1888/1312/562 519/1313/562 1319/614/562
f 877/17/563 21/18/563 2065/1314/563
f 1814/706/564 1522/1315/564 636/708/564
f 514/582/565 922/1317/565 2255/1316/565
f 2427/1318/566 360/430/566 2474/1319/566
f 1328/1320/567 2400/347/567 406/481/567
f 1333/1321/568 1330/1323/568 851/1322/568
f 1335/1324/569 700/1325/569 2188/521/569
f 1334/1326/570 1584/1328/570 255/1327/570
f 1334/302/571 255/300/571 40/298/571
f 1332/1329/572 1335/1324/572 2188/521/572
f 1337/1330/573 21/18/573 1338/16/573
f 1337/1331/574 1338/103/574 689/1332/574
f 1340/1333/575 312/373/575 1341/1334/575
f 1856/1335/576 1134/1145/576 672/1336/576
f 1343/1337/577 2128/1339/577 2129/1338/577
f 762/1340/578 1346/1342/578 1644/1341/578
f 716/884/579 1350/1344/579 333/1343/579
f 186/1345/580 2301/44/580 187/1346/580
f 1351/1347/581 31/1348/581 332/388/581
f 1028/1349/582 2448/1351/582 1352/1350/582
f 124/136/583 1354/995/583 1005/1352/583
f 49/1353/584 1780/1355/584 1357/1354/584
f 331/1356/585 57/1358/585 1365/1357/585
f 2024/1359/586 858/1360/586 331/905/586
f 1366/1361/587 2109/1362/587 1970/1007/587
f 1367/1363/588 167/1365/588 8/1364/588
f 926/1366/589 1370/869/589 802/867/589
f 1373/1367/590 61/1369/590 2466/1368/590
f 149/5/591 1665/6/591 1068/1370/591
f 2458/1371/592 153/642/592 600/1372/592
f 509/568/593 600/673/593 153/169/593
f 1819/1373/594 1959/1374/594 258/306/594
f 2377/1375/595 1381/1377/595 1380/1376/595
f 1890/161/596 990/144/596 499/555/596
f 990/174/597 2099/1379/597 499/1378/597
f 1042/152/598 224/594/598 2226/1380/598
f 366/591/599 1386/1381/599 521/593/599
f 1388/1382/600 224/1384/600 526/1383/600
f 2232/1385/601 1390/536/601 1389/1386/601
f 2389/1387/602 1389/1389/602 1391/1388/602
f 1392/1390/603 177/1391/603 186/1345/603
f 301/1392/604 758/1393/604 516/585/604
f 429/331/605 888/1395/605 1947/1394/605
f 781/1396/606 782/1397/606 2243/845/606
f 1398/262/607 859/1399/607 1912/1398/607
f 1651/1400/608 2448/1401/608 313/376/608
f 1680/1402/609 1578/1404/609 2445/1403/609
f 94/215/610 1404/1405/610 2257/627/610
f 2335/60/611 2140/1406/611 2487/1072/611
f 1062/1407/612 2307/1408/612 1063/967/612
f 1855/885/613 441/1244/613 830/886/613
f 2350/1409/614 830/1411/614 441/1410/614
f 707/137/615 1420/1413/615 2496/1412/615
f 2258/1414/616 635/707/616 391/1415/616
f 598/573/617 1425/1416/617 1191/572/617
f 1191/1417/618 1425/1419/618 1192/1418/618
f 556/1420/619 1191/1417/619 1192/1418/619
f 1434/1421/620 1433/1423/620 1990/1422/620
f 2322/1125/621 2037/1127/621 2313/1293/621
f 986/1424/622 1037/1062/622 1978/1425/622
f 88/1426/623 354/1428/623 1240/1427/623
f 1048/1070/624 1438/1429/624 1047/1069/624
f 560/362/625 1439/1431/625 1753/1430/625
f 87/1432/626 560/631/626 454/518/626
f 236/1433/627 1440/50/627 1699/48/627
f 53/428/628 765/429/628 2470/374/628
f 1177/1434/629 272/1436/629 1176/1435/629
f 346/1437/630 1224/1439/630 1930/1438/630
f 2227/1440/631 574/645/631 835/1441/631
f 651/1442/632 2026/9/632 652/7/632
f 1402/1443/633 1246/1445/633 1441/1444/633
f 2120/501/634 229/269/634 564/500/634
f 1444/1446/635 2249/1448/635 2436/1447/635
f 64/421/636 42/737/636 2031/423/636
f 2070/1449/637 67/1451/637 445/1450/637
f 1454/1452/638 1456/1453/638 1455/882/638
f 1456/1454/639 29/1455/639 721/46/639
f 624/1456/640 1457/1458/640 1458/1457/640
f 1367/1363/641 284/1460/641 771/1459/641
f 394/924/642 1162/472/642 256/1461/642
f 494/1462/643 256/1464/643 1162/1463/643
f 849/1465/644 1470/1467/644 2428/1466/644
f 846/791/645 1470/1468/645 2369/419/645
f 379/1469/646 1477/1471/646 1476/1470/646
f 645/1472/647 1480/1474/647 1479/1473/647
f 1012/1082/648 1074/1083/648 2163/1475/648
f 825/1476/649 2453/1231/649 1481/1477/649
f 2369/1478/650 1470/1467/650 849/1465/650
f 1726/1479/651 279/581/651 1116/1480/651
f 1453/490/652 420/491/652 240/639/652
f 677/759/653 2180/1481/653 1880/758/653
f 1496/641/654 153/642/654 2458/1371/654
f 315/597/655 224/1384/655 1388/1382/655
f 481/57/656 482/1482/656 1498/1050/656
f 1128/1137/657 1129/1138/657 1502/1483/657
f 54/1484/658 1089/1486/658 92/1485/658
f 709/1487/659 1775/1489/659 1131/1488/659
f 2216/1490/660 938/1492/660 1507/1491/660
f 1095/1096/661 1967/231/661 1142/1097/661
f 659/1493/662 2059/1495/662 1514/1494/662
f 387/1303/663 184/1304/663 1104/1496/663
f 1838/1497/664 1104/1499/664 184/1498/664
f 858/1360/665 857/907/665 331/905/665
f 993/443/666 2374/444/666 89/106/666
f 1521/1500/667 265/1502/667 347/1501/667
f 955/693/668 67/1504/668 641/1503/668
f 190/219/669 781/1505/669 1816/221/669
f 1262/1506/670 127/1508/670 2482/1507/670
f 363/434/671 1531/1509/671 362/382/671
f 1532/941/672 382/1510/672 1533/1112/672
f 1536/1511/673 150/1513/673 2449/1512/673
f 1539/531/674 767/1515/674 766/1514/674
f 1668/1516/675 1540/1517/675 1539/1302/675
f 535/615/676 1118/1518/676 1117/1116/676
f 1229/1519/677 1544/1521/677 1543/1520/677
f 1690/1522/678 278/326/678 1546/1523/678
f 1297/1292/679 719/1525/679 720/1524/679
f 1759/569/680 1551/1526/680 9/1019/680
f 742/1527/681 2121/1529/681 126/1528/681
f 297/988/682 165/417/682 2034/415/682
f 297/351/683 1556/349/683 165/1530/683
f 1564/1289/684 2483/668/684 1565/1531/684
f 2473/1532/685 615/1534/685 1566/1533/685
f 1573/1535/686 367/1536/686 365/436/686
f 2070/1449/687 2379/1537/687 67/1451/687
f 1386/1381/688 1908/1538/688 521/593/688
f 168/184/689 1379/1540/689 1377/1539/689
f 1573/1541/690 365/849/690 158/177/690
f 2015/1542/691 189/1544/691 1247/1543/691
f 1830/1545/692 82/99/692 80/97/692
f 1831/1546/693 2105/435/693 365/436/693
f 832/888/694 380/448/694 2251/1128/694
f 1042/1065/695 987/1547/695 432/1067/695
f 988/1031/696 299/1032/696 432/1548/696
f 1002/1549/697 551/1551/697 2274/1550/697
f 2472/1552/698 1327/1554/698 2474/1553/698
f 1592/1555/699 477/1557/699 1593/1556/699
f 134/1558/700 2015/1542/700 1247/1543/700
f 2331/247/701 1596/100/701 212/246/701
f 624/1559/702 1458/1561/702 1597/1560/702
f 79/93/703 2009/260/703 1599/92/703
f 1364/832/704 2357/1563/704 597/1562/704
f 1606/516/705 2331/247/705 449/515/705
f 609/1564/706 1607/1566/706 1608/1565/706
f 1610/682/707 38/1568/707 39/1567/707
f 1614/248/708 215/249/708 1509/197/708
f 1509/1569/709 215/1571/709 795/1570/709
f 328/384/710 697/1572/710 1406/1147/710
f 501/1223/711 1618/1574/711 1868/1573/711
f 883/934/712 1619/1575/712 143/726/712
f 883/1576/713 728/1578/713 1619/1577/713
f 1621/1579/714 1622/1581/714 1757/1580/714
f 1591/1582/715 899/1098/715 1624/1583/715
f 271/441/716 274/554/716 1163/551/716
f 1630/657/717 1631/1584/717 584/656/717
f 2367/1585/718 1633/1587/718 1632/1586/718
f 2145/1588/719 527/600/719 148/1589/719
f 911/1590/720 1062/1592/720 252/1591/720
f 2290/1593/721 762/1595/721 1644/1594/721
f 922/1596/722 668/740/722 669/741/722
f 1205/1597/723 922/1317/723 1204/583/723
f 760/1598/724 1650/1600/724 1649/1599/724
f 2091/1601/725 658/1603/725 1652/1602/725
f 521/1604/726 928/990/726 1655/1605/726
f 1657/574/727 102/259/727 1006/1606/727
f 183/910/728 1658/1607/728 172/188/728
f 1658/1608/729 183/213/729 1963/211/729
f 819/873/730 1701/1610/730 1660/1609/730
f 341/396/731 1662/1611/731 340/395/731
f 1664/1612/732 1661/1613/732 1665/6/732
f 1370/869/733 2294/1615/733 1859/1614/733
f 596/669/734 2203/1015/734 351/1616/734
f 1922/1113/735 885/940/735 1533/1112/735
f 1466/459/736 843/1617/736 1467/712/736
f 420/491/737 290/337/737 698/1618/737
f 2321/1619/738 698/1621/738 290/1620/738
f 1207/1213/739 374/1622/739 1208/1212/739
f 1927/1623/740 429/331/740 1947/1394/740
f 1817/1624/741 55/62/741 1818/480/741
f 251/1047/742 262/1626/742 1314/1625/742
f 605/1046/743 251/1047/743 1314/1625/743
f 1678/1627/744 2366/1629/744 2364/1628/744
f 2445/1630/745 261/1631/745 1420/1413/745
f 226/1632/746 231/1634/746 232/1633/746
f 435/502/747 1685/1635/747 436/503/747
f 2480/1636/748 1181/1638/748 2261/1637/748
f 2326/1639/749 1690/1522/749 1546/1523/749
f 68/1088/750 121/134/750 1698/1640/750
f 1702/1641/751 1616/1643/751 1632/1642/751
f 1747/1644/752 203/251/752 217/252/752
f 2333/1295/753 528/601/753 1400/1026/753
f 966/1645/754 1443/1647/754 1125/1646/754
f 1995/1648/755 1705/784/755 325/1649/755
f 1708/125/756 644/714/756 1479/1473/756
f 1509/1650/757 2199/1652/757 1711/1651/757
f 750/1653/758 2145/1588/758 1717/1654/758
f 1719/1655/759 2055/1657/759 1899/1656/759
f 606/1658/760 1506/1660/760 1722/1659/760
f 276/1661/761 1724/1663/761 726/1662/761
f 1725/1664/762 1079/1666/762 1077/1665/762
f 371/955/763 559/1668/763 1186/1667/763
f 225/511/764 2473/1142/764 50/1146/764
f 1810/55/765 225/263/765 50/54/765
f 426/1669/766 1609/1150/766 1895/1670/766
f 1287/1285/767 1306/1297/767 264/1671/767
f 2390/1672/768 146/85/768 75/86/768
f 1280/1673/769 1741/1675/769 1742/1674/769
f 1201/1676/770 553/179/770 1528/918/770
f 1743/752/771 2144/753/771 2342/1677/771
f 104/240/772 1743/750/772 99/1678/772
f 1748/1679/773 277/1681/773 840/1680/773
f 1090/1682/774 509/509/774 1749/507/774
f 588/1683/775 1480/1684/775 180/209/775
f 2468/1685/776 1542/1687/776 235/1686/776
f 811/1688/777 1879/474/777 2336/475/777
f 152/841/778 2390/1672/778 1850/1689/778
f 2252/1690/779 828/1691/779 1758/1151/779
f 509/509/780 1090/1682/780 1091/1692/780
f 364/1693/781 1246/1445/781 1402/1443/781
f 914/1694/782 913/1696/782 1760/1695/782
f 89/106/783 2374/444/783 2348/11/783
f 18/12/784 89/106/784 2348/11/784
f 1764/1697/785 1765/1699/785 1403/1698/785
f 455/1700/786 456/1701/786 211/244/786
f 1768/1702/787 172/188/787 1658/1607/787
f 2402/1005/788 1776/855/788 1728/1703/788
f 1782/1704/789 1215/1706/789 1835/1705/789
f 1782/1707/790 502/1709/790 1215/1708/790
f 1779/1710/791 1781/1711/791 1780/1355/791
f 2361/1712/792 1784/1713/792 1700/49/792
f 2436/1447/793 2249/1448/793 1786/1714/793
f 1789/1715/794 760/1598/794 2194/821/794
f 320/1716/795 1789/1715/795 2194/821/795
f 1340/1717/796 1341/394/796 1791/1718/796
f 1985/1719/797 408/1721/797 2011/1720/797
f 1794/1722/798 2465/1724/798 2101/1723/798
f 2010/1725/799 1793/1727/799 825/1726/799
f 1794/1722/800 1792/1729/800 1308/1728/800
f 2007/1730/801 266/1732/801 267/1731/801
f 1425/1733/802 598/953/802 2396/1734/802
f 1192/1418/803 1425/1419/803 2396/1735/803
f 1798/1736/804 2172/1184/804 1173/1185/804
f 2192/729/805 830/886/805 1395/728/805
f 1395/1737/806 830/1411/806 51/1738/806
f 1166/1173/807 1165/1171/807 361/943/807
f 421/1739/808 1801/1740/808 1115/827/808
f 1801/1740/809 421/1739/809 5/1741/809
f 1165/1171/810 416/1743/810 484/1742/810
f 1144/634/811 930/1003/811 1802/636/811
f 1151/1162/812 842/898/812 1804/1744/812
f 1595/1745/813 1808/102/813 1596/100/813
f 1357/1746/814 446/264/814 1810/55/814
f 1742/1674/815 1741/1675/815 910/1747/815
f 2258/1414/816 1814/706/816 635/707/816
f 1141/462/817 10/1748/817 1934/461/817
f 10/1/818 1141/1749/818 199/3/818
f 1117/1116/819 1118/1518/819 232/1750/819
f 457/522/820 2343/1751/820 95/524/820
f 1953/1156/821 95/1157/821 2343/1310/821
f 1820/998/822 2410/996/822 1821/1183/822
f 969/1752/823 1826/1754/823 1610/1753/823
f 1048/1755/824 1827/1757/824 1438/1756/824
f 900/1758/825 901/1759/825 248/288/825
f 1529/20/826 1212/1219/826 335/1760/826
f 553/179/827 1529/20/827 552/1761/827
f 2196/127/828 1159/1762/828 357/410/828
f 317/377/829 2237/1763/829 850/379/829
f 11/1764/830 1408/1766/830 1410/1765/830
f 1408/1766/831 1409/1767/831 1410/1765/831
f 2257/627/832 633/705/832 632/1768/832
f 101/257/833 1324/258/833 220/303/833
f 1838/1497/834 1130/1769/834 1104/1499/834
f 1839/1770/835 1838/1104/835 1840/1771/835
f 1841/26/836 1626/1214/836 1625/1772/836
f 117/1773/837 332/388/837 1790/389/837
f 1842/1774/838 322/1776/838 533/1775/838
f 1843/606/839 1842/1777/839 533/608/839
f 984/14/840 821/1778/840 1661/1613/840
f 2323/722/841 1126/1779/841 1004/632/841
f 1126/1780/842 1003/1782/842 1004/1781/842
f 199/3/843 1141/1749/843 1142/1783/843
f 1967/231/844 199/1784/844 1142/1097/844
f 1580/1785/845 1850/1689/845 1581/1786/845
f 1514/1494/846 1518/1788/846 1983/1787/846
f 1259/1259/847 62/73/847 169/1789/847
f 169/1789/848 62/73/848 2437/71/848
f 517/1790/849 1863/1792/849 518/1791/849
f 1843/606/850 2324/1793/850 1864/838/850
f 244/1794/851 979/1796/851 1870/1795/851
f 1872/1797/852 927/1799/852 434/1798/852
f 1873/1800/853 871/1802/853 2161/1801/853
f 1874/1803/854 1488/1805/854 339/1804/854
f 734/799/855 188/339/855 973/1022/855
f 1555/1806/856 1885/1807/856 577/648/856
f 2082/1808/857 1208/1212/857 163/1809/857
f 100/571/858 1006/1606/858 102/259/858
f 1006/1810/859 100/1812/859 838/1811/859
f 996/1813/860 997/1815/860 998/1814/860
f 1248/1245/861 764/1247/861 1676/1816/861
f 679/1817/862 1887/1085/862 392/312/862
f 1888/1312/863 2252/1690/863 52/1818/863
f 920/1819/864 1568/1821/864 822/1820/864
f 177/206/865 1895/1822/865 425/497/865
f 426/1823/866 1392/1390/866 186/1345/866
f 1896/1824/867 1473/1826/867 433/1825/867
f 1897/1827/868 622/1829/868 1898/1828/868
f 246/283/869 87/284/869 454/1830/869
f 1451/1831/870 615/1534/870 2473/1532/870
f 2475/1832/871 841/897/871 2280/1833/871
f 1905/1834/872 1904/1835/872 1906/1053/872
f 413/1836/873 2315/764/873 690/765/873
f 690/768/874 2378/1109/874 413/1837/874
f 1865/1838/875 468/525/875 1398/262/875
f 173/189/876 196/190/876 195/1839/876
f 2177/307/877 1918/1840/877 1097/309/877
f 2368/1841/878 1836/447/878 831/887/878
f 284/993/879 2491/1842/879 1354/995/879
f 1707/1843/880 1479/1473/880 1235/1844/880
f 2312/1845/881 719/1525/881 1297/1292/881
f 164/1846/882 374/1622/882 56/64/882
f 1396/1847/883 51/1738/883 1934/1848/883
f 1547/133/884 68/1088/884 1935/1849/884
f 2428/1466/885 846/1851/885 847/1850/885
f 1938/1852/886 692/771/886 1195/1197/886
f 1940/1167/887 1274/1853/887 1882/1267/887
f 836/1165/888 442/1854/888 1940/1167/888
f 1767/1855/889 1768/1702/889 998/1856/889
f 613/688/890 1941/1857/890 612/687/890
f 2241/1858/891 1942/1859/891 624/1559/891
f 955/693/892 1943/1860/892 67/1504/892
f 445/1450/893 67/1451/893 1943/1861/893
f 1526/1862/894 782/1397/894 190/1863/894
f 385/1864/895 761/1865/895 616/692/895
f 889/1866/896 1276/1868/896 7/1867/896
f 892/1869/897 1276/1868/897 889/1866/897
f 1946/468/898 382/466/898 1231/1234/898
f 1946/1870/899 1231/1872/899 2069/1871/899
f 457/1873/900 1556/349/900 296/350/900
f 490/547/901 1179/548/901 1947/550/901
f 1179/1874/902 1928/1876/902 1947/1875/902
f 1115/827/903 1948/1878/903 2330/1877/903
f 612/687/904 2489/1880/904 2241/1879/904
f 1339/1881/905 956/1883/905 1086/1882/905
f 2003/345/906 1953/1156/906 1952/1311/906
f 1955/1884/907 88/1238/907 1239/1239/907
f 868/1885/908 1956/1252/908 1957/1886/908
f 1058/1887/909 1958/1888/909 871/1802/909
f 550/1122/910 41/1889/910 1120/1121/910
f 1123/1130/911 1120/1121/911 1452/1890/911
f 492/1891/912 493/767/912 982/1892/912
f 193/698/913 982/1893/913 493/766/913
f 210/1894/914 1339/1881/914 2430/1895/914
f 737/1896/915 1361/1897/915 442/1854/915
f 1106/1898/916 1125/1646/916 1064/1899/916
f 1260/1900/917 1963/211/917 1261/1901/917
f 141/1902/918 1964/1904/918 798/1903/918
f 141/1905/919 798/725/919 143/726/919
f 2434/1906/920 1523/1908/920 869/1907/920
f 1544/1521/921 1965/1909/921 1543/1520/921
f 1966/1910/922 419/1911/922 1967/231/922
f 510/575/923 511/576/923 1968/1912/923
f 2358/1913/924 1970/1007/924 1716/1914/924
f 217/252/925 1234/1915/925 1747/1644/925
f 315/597/926 1972/1916/926 224/1384/926
f 785/852/927 366/159/927 145/160/927
f 2063/760/928 1295/538/928 1976/1917/928
f 131/1918/929 132/1920/929 1033/1919/929
f 1672/1921/930 1671/1923/930 621/1922/930
f 1979/1924/931 1978/1425/931 1661/1613/931
f 2097/1925/932 1811/1927/932 1495/1926/932
f 1993/222/933 1571/413/933 1982/1928/933
f 1083/1929/934 1983/1787/934 2205/1930/934
f 904/1931/935 2086/1932/935 1990/1422/935
f 752/1933/936 911/1935/936 753/1934/936
f 1694/1936/937 1584/1328/937 551/1551/937
f 667/1937/938 470/747/938 671/748/938
f 667/1938/939 1313/1306/939 506/563/939
f 754/957/940 596/669/940 2001/670/940
f 52/1818/941 1758/1151/941 20/1149/941
f 1108/1939/942 2003/345/942 1109/343/942
f 2005/146/943 2267/1940/943 582/148/943
f 1055/1071/944 1892/1941/944 2267/1940/944
f 537/1942/945 1589/1944/945 1588/1943/945
f 537/1945/946 536/1947/946 1589/1946/946
f 1219/1948/947 1218/1949/947 1670/1040/947
f 54/1484/948 1173/1185/948 1089/1486/948
f 2009/260/949 859/1399/949 1398/262/949
f 330/1950/950 918/22/950 293/1951/950
f 1748/1679/951 840/1680/951 257/305/951
f 557/624/952 919/625/952 189/217/952
f 69/1952/953 2015/1542/953 134/1558/953
f 957/1090/954 453/1281/954 1283/1282/954
f 16/32/955 2018/33/955 1255/1953/955
f 318/1954/956 977/1956/956 2492/1955/956
f 881/1957/957 2354/1958/957 1757/1580/957
f 2161/1801/958 871/1802/958 2355/1959/958
f 2273/1960/959 626/1962/959 2019/1961/959
f 667/1937/960 671/748/960 1313/1963/960
f 1313/1964/961 671/1307/961 469/527/961
f 1978/1425/962 1037/1062/962 984/14/962
f 1276/1868/963 373/1965/963 1489/914/963
f 2022/1966/964 2190/1968/964 941/1967/964
f 2023/1969/965 2022/1966/965 941/1967/965
f 331/1356/966 1365/1357/966 2024/1970/966
f 1944/1971/967 2024/1359/967 1365/67/967
f 1053/1972/968 2025/1973/968 472/1074/968
f 2026/9/969 320/1716/969 2461/8/969
f 1157/1974/970 534/1976/970 1158/1975/970
f 1397/96/971 2028/1977/971 1969/649/971
f 1240/1427/972 953/1979/972 1239/1978/972
f 1926/1980/973 1239/1982/973 953/1981/973
f 2324/1983/974 1013/1081/974 1027/1984/974
f 814/1985/975 600/1372/975 813/1986/975
f 1068/1370/976 133/167/976 149/5/976
f 38/1568/977 2448/1401/977 1651/1400/977
f 314/683/978 2448/1401/978 38/1568/978
f 2370/1987/979 2373/1118/979 1284/1988/979
f 2034/1989/980 1367/1363/980 8/1364/980
f 284/416/981 1367/1990/981 2034/415/981
f 2251/1128/982 380/448/982 2037/1127/982
f 2165/1991/983 1730/1992/983 1056/1075/983
f 1056/1993/984 1730/109/984 472/1994/984
f 2009/260/985 467/261/985 912/1995/985
f 2131/1996/986 85/1997/986 626/1962/986
f 2041/1061/987 2040/1999/987 1021/1998/987
f 351/1616/988 2203/1015/988 1976/1917/988
f 776/878/989 329/2000/989 330/880/989
f 329/2001/990 776/2002/990 1433/1423/990
f 65/2003/991 2044/1129/991 1123/1130/991
f 1224/1439/992 272/2004/992 1930/1438/992
f 43/809/993 488/2006/993 875/2005/993
f 1148/155/994 140/156/994 2046/2007/994
f 140/2008/995 2229/2010/995 2046/2009/995
f 1400/1026/996 1302/2012/996 2426/2011/996
f 1606/516/997 2047/2013/997 2331/247/997
f 1541/2014/998 939/2016/998 1387/2015/998
f 205/2017/999 206/2019/999 2262/2018/999
f 165/417/1000 1996/2020/1000 284/416/1000
f 669/741/1001 515/2021/1001 922/1596/1001
f 2227/1440/1002 575/647/1002 574/645/1002
f 40/2022/1003 2068/2023/1003 2052/997/1003
f 2396/1734/1004 598/953/1004 898/954/1004
f 2053/2024/1005 81/98/1005 82/99/1005
f 360/430/1006 1531/1509/1006 2054/432/1006
f 2076/939/1007 2054/942/1007 1532/941/1007
f 1429/1020/1008 1538/921/1008 3/922/1008
f 2233/2025/1009 807/2027/1009 2058/2026/1009
f 2138/863/1010 801/2028/1010 2059/1495/1010
f 941/1057/1011 523/142/1011 1032/2029/1011
f 2062/2030/1012 833/2031/1012 70/75/1012
f 1582/2032/1013 1955/1884/1013 249/291/1013
f 1280/1673/1014 1742/1674/1014 1211/2033/1014
f 2065/1314/1015 2298/2034/1015 1157/1974/1015
f 2067/180/1016 414/2035/1016 1221/182/1016
f 547/2036/1017 1886/2038/1017 1039/2037/1017
f 1028/1055/1018 313/376/1018 2448/1401/1018
f 313/2039/1019 1028/2041/1019 2112/2040/1019
f 2446/2042/1020 507/2044/1020 2230/2043/1020
f 766/1514/1021 767/1515/1021 1996/2045/1021
f 1656/2046/1022 2015/1542/1022 69/1952/1022
f 69/74/1023 1657/2048/1023 1656/2047/1023
f 450/2049/1024 452/2051/1024 500/2050/1024
f 1857/2052/1025 60/68/1025 2410/996/1025
f 2072/2053/1026 1051/2055/1026 1050/2054/1026
f 624/2056/1027 2489/2057/1027 614/690/1027
f 1349/2058/1028 774/2060/1028 1932/2059/1028
f 2074/2061/1029 545/2063/1029 2454/2062/1029
f 1116/1480/1030 1/2064/1030 2076/939/1030
f 367/1536/1031 1831/1546/1031 365/436/1031
f 591/2065/1032 592/2067/1032 2077/2066/1032
f 2078/2068/1033 1737/2070/1033 1236/2069/1033
f 1926/2071/1034 1925/1139/1034 2079/2072/1034
f 1498/1050/1035 532/1051/1035 481/57/1035
f 532/1051/1036 796/56/1036 481/57/1036
f 2081/628/1037 491/2073/1037 633/705/1037
f 491/549/1038 490/547/1038 1947/550/1038
f 2082/1808/1039 163/1809/1039 2083/2074/1039
f 1475/2075/1040 2085/2077/1040 223/2076/1040
f 538/1246/1041 441/1244/1041 1855/885/1041
f 1855/2078/1042 912/2080/1042 538/2079/1042
f 1768/1702/1043 996/2081/1043 998/1856/1043
f 1275/2082/1044 1298/2083/1044 373/1965/1044
f 2421/2084/1045 1059/2085/1045 1873/1800/1045
f 1214/2086/1046 2098/2087/1046 1213/378/1046
f 1213/378/1047 850/379/1047 338/2088/1047
f 1523/1908/1048 2058/2026/1048 835/1441/1048
f 1424/2089/1049 1704/2091/1049 371/2090/1049
f 1227/2092/1050 290/1229/1050 118/1227/1050
f 845/2093/1051 2478/2095/1051 1692/2094/1051
f 1557/135/1052 476/2096/1052 121/134/1052
f 272/440/1053 1177/2097/1053 57/438/1053
f 1176/2098/1054 57/66/1054 1177/2099/1054
f 1153/2100/1055 1307/2101/1055 758/1393/1055
f 1052/2102/1056 865/2104/1056 866/2103/1056
f 866/2105/1057 2340/2106/1057 1703/1202/1057
f 1875/130/1058 1354/995/1058 124/136/1058
f 25/2107/1059 1779/2109/1059 1486/2108/1059
f 281/2110/1060 2380/781/1060 2055/2111/1060
f 2064/1166/1061 1882/1267/1061 399/2112/1061
f 1288/2113/1062 1290/2115/1062 525/2114/1062
f 1559/2116/1063 440/1029/1063 1061/2117/1063
f 1061/1076/1064 440/168/1064 1060/622/1064
f 550/1122/1065 1483/2118/1065 41/1889/1065
f 2106/2119/1066 14/620/1066 71/1242/1066
f 1244/2120/1067 1243/818/1067 200/230/1067
f 1441/1444/1068 1246/1445/1068 544/2121/1068
f 544/621/1069 1246/1243/1069 14/620/1069
f 1899/1656/1070 1633/1587/1070 2113/2122/1070
f 1173/1185/1071 980/2124/1071 2116/2123/1071
f 1220/2125/1072 2/2127/1072 2117/2126/1072
f 406/481/1073 407/482/1073 1328/1320/1073
f 1328/2128/1074 407/329/1074 1416/330/1074
f 244/1794/1075 243/2130/1075 2235/2129/1075
f 1154/2131/1076 1153/2100/1076 1155/2132/1076
f 1478/2133/1077 2122/876/1077 1110/2134/1077
f 445/1450/1078 615/1534/1078 1451/1831/1078
f 225/511/1079 445/512/1079 1451/1143/1079
f 2412/2135/1080 81/98/1080 2053/2024/1080
f 2125/2136/1081 2066/2138/1081 1561/2137/1081
f 2127/2139/1082 1253/2141/1082 907/2140/1082
f 270/45/1083 2128/2142/1083 6/928/1083
f 2128/1339/1084 1856/1335/1084 2129/1338/1084
f 1758/1151/1085 1138/2143/1085 1609/1150/1085
f 625/2144/1086 2131/1996/1086 626/1962/1086
f 1770/834/1087 2134/2146/1087 2133/2145/1087
f 2385/2147/1088 592/2067/1088 2136/2148/1088
f 2137/2149/1089 1237/401/1089 143/726/1089
f 800/864/1090 801/865/1090 2138/2150/1090
f 874/2151/1091 1483/2118/1091 550/1122/1091
f 1560/2152/1092 1865/154/1092 2479/2153/1092
f 2211/1164/1093 18/12/1093 2487/1072/1093
f 907/2140/1094 1253/2141/1094 159/314/1094
f 2140/1406/1095 2211/1164/1095 2487/1072/1095
f 1711/2154/1096 343/196/1096 1509/197/1096
f 2133/2145/1097 1264/2155/1097 1770/834/1097
f 1399/2156/1098 631/2157/1098 761/1865/1098
f 937/2158/1099 938/1492/1099 2216/1490/1099
f 91/2159/1100 2040/1999/1100 2111/2160/1100
f 1193/108/1101 693/2161/1101 2231/107/1101
f 1959/332/1102 285/972/1102 1546/2162/1102
f 2326/1639/1103 1546/1523/1103 285/2163/1103
f 486/2164/1104 790/2165/1104 1339/1881/1104
f 458/523/1105 2144/2166/1105 457/522/1105
f 2148/598/1106 2149/599/1106 147/87/1106
f 125/139/1107 2496/1412/1107 643/2167/1107
f 1193/108/1108 692/1195/1108 693/2161/1108
f 1375/540/1109 652/7/1109 1251/2168/1109
f 652/7/1110 2461/8/1110 1251/2168/1110
f 1361/1897/1111 1362/2169/1111 442/1854/1111
f 1282/2170/1112 1854/1279/1112 2154/1277/1112
f 1337/1330/1113 1844/2172/1113 2156/2171/1113
f 1844/2173/1114 1337/1331/1114 689/1332/1114
f 2158/2174/1115 2159/2175/1115 1765/79/1115
f 1143/2176/1116 895/951/1116 84/949/1116
f 481/57/1117 495/2177/1117 482/1482/1117
f 523/142/1118 522/2178/1118 130/141/1118
f 1570/2179/1119 1569/2180/1119 86/1042/1119
f 86/1042/1120 1569/2180/1120 2006/1043/1120
f 978/2181/1121 318/2183/1121 2162/2182/1121
f 1819/334/1122 2422/278/1122 1844/333/1122
f 797/2184/1123 795/1570/1123 496/2185/1123
f 2443/2186/1124 1446/39/1124 2166/2187/1124
f 2462/612/1125 156/1063/1125 1815/613/1125
f 241/2188/1126 1453/490/1126 240/639/1126
f 1254/2189/1127 681/2191/1127 2225/2190/1127
f 2178/2192/1128 2179/2193/1128 243/367/1128
f 309/370/1129 307/2195/1129 1679/2194/1129
f 1624/1583/1130 1030/681/1130 1826/684/1130
f 868/1885/1131 2172/1184/1131 867/2196/1131
f 1052/2197/1132 1199/2198/1132 2172/1184/1132
f 2004/676/1133 2174/2199/1133 601/675/1133
f 1720/2200/1134 2153/2202/1134 1525/2201/1134
f 1679/2194/1135 2179/2204/1135 2178/2203/1135
f 1240/1427/1136 1322/2205/1136 953/1979/1136
f 535/615/1137 1320/2206/1137 1319/614/1137
f 2256/813/1138 757/806/1138 231/271/1138
f 1870/1795/1139 1167/1174/1139 244/1794/1139
f 244/1794/1140 1167/1174/1140 2178/2207/1140
f 988/1031/1141 432/1548/1141 987/2208/1141
f 736/1264/1142 737/1896/1142 1554/2209/1142
f 2032/2210/1143 1503/2212/1143 1504/2211/1143
f 64/2213/1144 41/1889/1144 42/2214/1144
f 1128/241/1145 185/1283/1145 104/240/1145
f 1122/964/1146 2187/2215/1146 408/963/1146
f 1151/1162/1147 2210/2216/1147 842/898/1147
f 1679/2194/1148 2178/2203/1148 1167/2217/1148
f 2096/2218/1149 972/1021/1149 1170/2219/1149
f 1111/2220/1150 2463/2222/1150 703/2221/1150
f 420/491/1151 2195/2223/1151 239/640/1151
f 772/2224/1152 2197/2225/1152 626/1962/1152
f 142/2226/1153 539/866/1153 800/864/1153
f 539/617/1154 142/256/1154 219/254/1154
f 200/230/1155 1243/818/1155 2198/870/1155
f 1807/65/1156 1176/2098/1156 2102/844/1156
f 2243/845/1157 1807/65/1157 2102/844/1157
f 2199/1652/1158 1509/1650/1158 1710/857/1158
f 739/128/1159 109/129/1159 412/2227/1159
f 80/97/1160 2105/435/1160 1831/1546/1160
f 458/2228/1161 2342/1677/1161 2144/753/1161
f 1724/1663/1162 1077/1665/1162 1078/2229/1162
f 2202/2230/1163 1922/1113/1163 1921/2231/1163
f 1031/2232/1164 1028/1055/1164 1352/2233/1164
f 578/43/1165 2301/44/1165 177/1391/1165
f 2271/2234/1166 1402/1443/1166 1441/1444/1166
f 1898/2235/1167 2271/2236/1167 1760/1695/1167
f 1212/1219/1168 2168/2237/1168 335/1760/1168
f 681/2191/1169 2219/2239/1169 1168/2238/1169
f 2077/318/1170 1493/2240/1170 2209/644/1170
f 1358/2241/1171 729/2242/1171 226/1632/1171
f 2210/2216/1172 1151/1162/1172 1152/1163/1172
f 2486/126/1173 644/714/1173 1708/125/1173
f 1787/635/1174 2214/2243/1174 644/714/1174
f 2158/2174/1175 1765/79/1175 120/716/1175
f 2218/2244/1176 2220/2246/1176 2217/2245/1176
f 133/167/1177 1585/2247/1177 1666/4/1177
f 589/2248/1178 2221/2249/1178 855/89/1178
f 1453/2250/1179 5/1741/1179 1512/2251/1179
f 2224/2252/1180 2063/760/1180 2137/2253/1180
f 169/1789/1181 1229/1519/1181 1543/1520/1181
f 327/2254/1182 131/1918/1182 1033/1919/1182
f 303/473/1183 1752/2255/1183 1571/413/1183
f 1798/1736/1184 1173/1185/1184 54/1484/1184
f 970/1017/1185 39/41/1185 2018/33/1185
f 1251/2168/1186 1252/2257/1186 2278/2256/1186
f 2230/2043/1187 2404/2259/1187 2071/2258/1187
f 1518/2260/1188 1517/2261/1188 2187/2215/1188
f 2231/107/1189 993/443/1189 89/106/1189
f 2282/322/1190 1979/2263/1190 2048/2262/1190
f 1304/2264/1191 230/270/1191 1715/268/1191
f 863/913/1192 230/270/1192 1304/2264/1192
f 1083/1929/1193 1514/1494/1193 1983/1787/1193
f 957/1090/1194 2234/2265/1194 453/1281/1194
f 210/243/1195 211/244/1195 453/517/1195
f 243/2266/1196 1893/2267/1196 2235/895/1196
f 2237/2268/1197 1905/1834/1197 1382/2269/1197
f 1755/499/1198 564/500/1198 250/2270/1198
f 1926/1980/1199 953/1981/1199 2238/2271/1199
f 376/2272/1200 879/926/1200 878/2273/1200
f 2242/2274/1201 1992/686/1201 612/687/1201
f 2241/1879/1202 2242/2274/1202 612/687/1202
f 1928/1876/1203 1416/2276/1203 1927/2275/1203
f 2237/1763/1204 1329/2277/1204 850/379/1204
f 1329/2278/1205 2237/2268/1205 1382/2269/1205
f 122/2279/1206 836/1165/1206 2064/1166/1206
f 392/312/1207 1887/1085/1207 2244/2280/1207
f 541/2281/1208 1812/2283/1208 540/2282/1208
f 2246/2284/1209 1812/2286/1209 541/2285/1209
f 633/705/1210 491/2073/1210 1281/2287/1210
f 557/889/1211 1656/2047/1211 1657/2048/1211
f 1656/2288/1212 557/624/1212 189/217/1212
f 423/495/1213 1517/2261/1213 1518/2260/1213
f 1915/496/1214 239/2289/1214 1517/2261/1214
f 1837/2290/1215 1620/2292/1215 826/2291/1215
f 1972/2293/1216 851/902/1216 1803/2294/1216
f 1586/2295/1217 1664/1612/1217 1666/4/1217
f 166/2296/1218 1556/349/1218 457/1873/1218
f 2249/1448/1219 1085/2298/1219 120/2297/1219
f 1085/2299/1220 2249/2301/1220 1851/2300/1220
f 2250/1006/1221 404/2303/1221 2238/2302/1221
f 946/1126/1222 2251/1128/1222 2322/1125/1222
f 2251/1128/1223 946/1126/1223 75/86/1223
f 2252/1690/1224 176/2304/1224 828/1691/1224
f 581/2305/1225 396/2307/1225 1590/2306/1225
f 1005/2308/1226 2075/2310/1226 124/2309/1226
f 2254/1288/1227 475/293/1227 1293/1290/1227
f 475/293/1228 1310/294/1228 1293/1290/1228
f 2159/2311/1229 2158/2313/1229 2157/2312/1229
f 2054/942/1230 363/2314/1230 1532/941/1230
f 1373/589/1231 350/2316/1231 349/2315/1231
f 2143/72/1232 349/406/1232 350/2317/1232
f 1579/2318/1233 2228/2319/1233 1257/1257/1233
f 895/2320/1234 1143/2321/1234 1257/1257/1234
f 1843/606/1235 235/1686/1235 1842/1777/1235
f 1440/50/1236 1010/2322/1236 1700/49/1236
f 397/2323/1237 537/1942/1237 396/2324/1237
f 536/1947/1238 537/1945/1238 397/2325/1238
f 2259/2326/1239 813/1986/1239 202/2327/1239
f 389/465/1240 2166/463/1240 34/2328/1240
f 1259/1259/1241 2413/2330/1241 815/2329/1241
f 37/2331/1242 752/1933/1242 753/1934/1242
f 37/2332/1243 751/2333/1243 721/46/1243
f 787/2334/1244 1351/2336/1244 1607/2335/1244
f 1503/2212/1245 1531/2337/1245 1504/2211/1245
f 1665/6/1246 821/1778/1246 1068/1370/1246
f 2262/2018/1247 2263/2339/1247 940/2338/1247
f 2467/1170/1248 1160/650/1248 2266/2340/1248
f 163/1809/1249 164/1846/1249 1629/2341/1249
f 1160/650/1250 1711/1651/1250 2266/2340/1250
f 654/2342/1251 162/2344/1251 907/2343/1251
f 807/2027/1252 1879/474/1252 811/1688/1252
f 705/785/1253 965/2345/1253 966/1645/1253
f 93/553/1254 1163/551/1254 92/2346/1254
f 1141/1749/1255 336/762/1255 337/2347/1255
f 336/2348/1256 1141/462/1256 2350/1237/1256
f 2334/2349/1257 1149/2351/1257 1988/2350/1257
f 2036/2352/1258 2061/2354/1258 2440/2353/1258
f 2036/2355/1259 2035/2357/1259 530/2356/1259
f 1462/2358/1260 688/2360/1260 2494/2359/1260
f 1450/2361/1261 2273/1181/1261 1172/1182/1261
f 626/1962/1262 2273/1960/1262 625/2144/1262
f 2352/537/1263 1295/538/1263 2063/760/1263
f 551/1551/1264 1584/1328/1264 2274/1550/1264
f 522/2362/1265 960/1012/1265 130/2363/1265
f 542/2364/1266 718/2366/1266 2277/2365/1266
f 1745/661/1267 2279/1180/1267 2033/442/1267
f 873/1198/1268 1194/1196/1268 2283/2367/1268
f 1140/1153/1269 1429/1020/1269 951/449/1269
f 1835/2368/1270 1215/1222/1270 501/1223/1270
f 715/2369/1271 716/884/1271 333/1343/1271
f 879/926/1272 595/2370/1272 2429/944/1272
f 2287/94/1273 2288/95/1273 859/2371/1273
f 574/645/1274 1824/646/1274 1823/2372/1274
f 1081/2373/1275 2205/1930/1275 415/2374/1275
f 415/2375/1276 2359/756/1276 1081/1087/1276
f 2290/1593/1277 1644/1594/1277 1643/2376/1277
f 466/83/1278 2192/2377/1278 572/82/1278
f 2456/178/1279 1149/2351/1279 22/19/1279
f 2149/599/1280 527/600/1280 1646/2378/1280
f 273/324/1281 1208/1212/1281 861/909/1281
f 1771/2379/1282 2481/506/1282 1772/2380/1282
f 269/317/1283 2209/644/1283 1306/2381/1283
f 519/1313/1284 52/1818/1284 53/2382/1284
f 53/428/1285 2470/374/1285 519/587/1285
f 1735/2383/1286 631/2157/1286 1399/2156/1286
f 398/2384/1287 1466/459/1287 2165/457/1287
f 1858/2385/1288 1025/2387/1288 2305/2386/1288
f 573/2388/1289 604/2389/1289 253/297/1289
f 1022/2390/1290 2385/2147/1290 2136/2148/1290
f 1960/2391/1291 918/22/1291 330/1950/1291
f 353/2392/1292 622/2394/1292 1897/2393/1292
f 967/2395/1293 1815/613/1293 156/1063/1293
f 2234/2396/1294 210/1894/1294 453/2397/1294
f 805/2398/1295 2169/295/1295 252/296/1295
f 1483/2118/1296 1694/1936/1296 944/2399/1296
f 2312/1845/1297 2313/1293/1297 2037/1127/1297
f 1868/1573/1298 74/2400/1298 2157/2312/1298
f 2099/1379/1299 1831/2402/1299 367/2401/1299
f 1366/1361/1300 2306/2404/1300 2447/2403/1300
f 1878/2405/1301 2115/124/1301 1708/125/1301
f 1708/125/1302 1479/1473/1302 1707/1843/1302
f 315/597/1303 851/1322/1303 1972/1916/1303
f 1205/1597/1304 1204/583/1304 2316/2406/1304
f 2318/983/1305 920/984/1305 822/2407/1305
f 1158/1975/1306 788/2409/1306 263/2408/1306
f 270/45/1307 1681/2411/1307 2281/2410/1307
f 454/518/1308 211/244/1308 456/1701/1308
f 2188/521/1309 700/1325/1309 456/520/1309
f 1205/1597/1310 2316/2406/1310 668/2412/1310
f 1694/1936/1311 551/1551/1311 2323/2413/1311
f 2324/1983/1312 323/2414/1312 2032/2210/1312
f 2133/2415/1313 2134/840/1313 1900/2416/1313
f 869/1907/1314 24/27/1314 1360/25/1314
f 8/1364/1315 167/1365/1315 9/2417/1315
f 771/1459/1316 9/2417/1316 167/1365/1316
f 2204/2418/1317 1081/2373/1317 1082/2419/1317
f 1297/1292/1318 720/1524/1318 2287/94/1318
f 2326/2420/1319 285/2422/1319 286/2421/1319
f 20/1149/1320 1609/1150/1320 618/2423/1320
f 765/429/1321 20/427/1321 618/695/1321
f 1204/583/1322 1726/1479/1322 2316/2406/1322
f 279/581/1323 1726/1479/1323 1204/583/1323
f 506/529/1324 767/1515/1324 1539/531/1324
f 610/685/1325 1009/2424/1325 611/123/1325
f 921/2425/1326 417/1172/1326 2255/1316/1326
f 1576/2426/1327 699/2428/1327 1575/2427/1327
f 750/2429/1328 2333/450/1328 16/32/1328
f 1865/154/1329 1805/1168/1329 136/153/1329
f 1989/2430/1330 1990/1422/1330 2334/2431/1330
f 157/175/1331 450/2433/1331 1577/2432/1331
f 452/2051/1332 450/2049/1332 499/555/1332
f 1511/830/1333 1801/1740/1333 5/1741/1333
f 765/829/1334 1115/827/1334 1801/1740/1334
f 2094/2434/1335 214/2436/1335 213/2435/1335
f 2335/60/1336 1112/2438/1336 1622/2437/1336
f 193/698/1337 1553/2440/1337 30/2439/1337
f 2323/722/1338 656/735/1338 945/1004/1338
f 1296/2441/1339 2009/260/1339 79/93/1339
f 701/780/1340 837/2442/1340 702/782/1340
f 854/2443/1341 1235/1844/1341 702/782/1341
f 2078/2068/1342 2337/2444/1342 1737/2070/1342
f 936/2445/1343 2117/2126/1343 935/2446/1343
f 776/2002/1344 2297/2447/1344 1597/1560/1344
f 118/1227/1345 291/1228/1345 2338/2448/1345
f 746/2449/1346 431/2450/1346 1566/1533/1346
f 2341/2451/1347 555/2453/1347 1846/2452/1347
f 1954/1309/1348 2343/1310/1348 296/987/1348
f 1618/2454/1349 1216/2456/1349 1783/2455/1349
f 1216/2457/1350 1618/1574/1350 501/1223/1350
f 1472/2458/1351 2108/2460/1351 1474/2459/1351
f 801/865/1352 539/866/1352 2060/2461/1352
f 338/2088/1353 1333/2463/1353 316/2462/1353
f 1891/2464/1354 627/700/1354 2315/764/1354
f 2345/923/1355 972/1021/1355 2193/2465/1355
f 734/799/1356 292/797/1356 2023/2466/1356
f 2023/1969/1357 292/2467/1357 2022/1966/1357
f 897/2468/1358 2346/2470/1358 896/2469/1358
f 813/570/1359 218/253/1359 203/251/1359
f 985/2471/1360 1407/2473/1360 1894/2472/1360
f 2266/2340/1361 2265/2474/1361 1491/858/1361
f 328/384/1362 2349/2475/1362 697/1572/1362
f 2181/304/1363 257/305/1363 840/1680/1363
f 2350/1409/1364 685/2477/1364 336/2476/1364
f 1051/2055/1365 1163/2479/1365 274/2478/1365
f 1051/2055/1366 274/2478/1366 1050/2054/1366
f 575/647/1367 1121/2480/1367 1824/646/1367
f 2354/1958/1368 2355/1959/1368 1621/1579/1368
f 1888/1312/1369 52/1818/1369 519/1313/1369
f 1359/2481/1370 2037/1127/1370 380/448/1370
f 1008/2482/1371 1020/2484/1371 1384/2483/1371
f 2080/945/1372 566/2486/1372 1740/2485/1372
f 843/1617/1373 641/1503/1373 67/1504/1373
f 2379/1537/1374 1467/111/1374 67/1451/1374
f 188/339/1375 734/799/1375 291/338/1375
f 2363/2487/1376 384/455/1376 371/456/1376
f 384/663/1377 2363/2489/1377 1876/2488/1377
f 2364/1628/1378 2493/2491/1378 1706/2490/1378
f 427/171/1379 2282/322/1379 2048/2262/1379
f 909/2492/1380 2097/1925/1380 1079/1666/1380
f 1567/2493/1381 1764/1697/1381 1763/2494/1381
f 48/53/1382 1675/172/1382 1018/173/1382
f 1164/2495/1383 88/1238/1383 1955/1884/1383
f 327/383/1384 2367/2496/1384 328/384/1384
f 810/2497/1385 138/2499/1385 1417/2498/1385
f 810/2497/1386 1417/2498/1386 1175/2500/1386
f 2197/2501/1387 1864/2502/1387 1027/1984/1387
f 1681/2411/1388 1939/2504/1388 1680/2503/1388
f 2245/1250/1389 675/2505/1389 1406/776/1389
f 1529/20/1390 335/1760/1390 552/1761/1390
f 2368/1841/1391 1919/446/1391 1836/447/1391
f 1974/2506/1392 2371/2508/1392 1645/2507/1392
f 182/2509/1393 1149/2510/1393 2334/2431/1393
f 2181/304/1394 840/1680/1394 529/2511/1394
f 2203/1015/1395 1421/2513/1395 1422/2512/1395
f 864/950/1396 1386/2514/1396 2105/435/1396
f 1109/343/1397 90/2515/1397 1108/1939/1397
f 1482/348/1398 90/346/1398 1109/418/1398
f 1879/474/1399 395/2516/1399 2213/476/1399
f 386/2517/1400 45/2519/1400 44/2518/1400
f 1895/2520/1401 827/2522/1401 425/2521/1401
f 2289/2523/1402 699/2428/1402 1576/2426/1402
f 2102/844/1403 1176/2098/1403 1224/970/1403
f 763/1248/1404 1676/1816/1404 764/1247/1404
f 1676/2524/1405 763/1220/1405 685/2525/1405
f 562/2526/1406 1935/1849/1406 563/2527/1406
f 2469/2528/1407 1247/2530/1407 189/2529/1407
f 2275/238/1408 205/236/1408 1387/2531/1408
f 741/391/1409 740/2533/1409 1901/2532/1409
f 2382/1188/1410 1463/2535/1410 2293/2534/1410
f 196/229/1411 1975/2536/1411 1974/228/1411
f 1975/2537/1412 196/190/1412 1729/191/1412
f 1643/2376/1413 1644/1594/1413 524/2538/1413
f 189/217/1414 919/625/1414 464/2539/1414
f 919/24/1415 918/22/1415 464/2540/1415
f 1944/1971/1416 1807/65/1416 2243/845/1416
f 2073/2541/1417 1677/2543/1417 2384/2542/1417
f 479/2544/1418 480/2545/1418 1827/1757/1418
f 1277/2546/1419 479/2548/1419 1827/2547/1419
f 382/466/1420 363/2549/1420 1376/1235/1420
f 1532/941/1421 363/2314/1421 382/1510/1421
f 695/933/1422 696/2551/1422 1249/2550/1422
f 2092/2552/1423 207/2553/1423 629/1207/1423
f 1492/2554/1424 2385/2147/1424 1022/2390/1424
f 2222/2555/1425 132/1920/1425 2223/2556/1425
f 1528/918/1426 552/1761/1426 868/920/1426
f 193/698/1427 2351/2557/1427 982/1893/1427
f 779/2558/1428 1603/2560/1428 1604/2559/1428
f 864/950/1429 2105/435/1429 84/949/1429
f 2105/435/1430 80/97/1430 84/949/1430
f 522/2362/1431 2155/2561/1431 960/1012/1431
f 683/2562/1432 1000/1041/1432 711/2563/1432
f 2328/292/1433 475/293/1433 1907/2564/1433
f 1023/2565/1434 326/2566/1434 1107/544/1434
f 543/2567/1435 1399/2156/1435 1799/2568/1435
f 817/2569/1436 819/873/1436 1660/1609/1436
f 1023/2565/1437 1107/544/1437 489/545/1437
f 820/874/1438 1701/1610/1438 819/873/1438
f 821/1778/1439 984/14/1439 1331/2570/1439
f 992/2571/1440 1379/2573/1440 1750/2572/1440
f 2339/2574/1441 1041/1249/1441 432/2575/1441
f 2339/356/1442 1213/354/1442 763/1220/1442
f 296/987/1443 1952/1311/1443 1954/1309/1443
f 763/1248/1444 1041/1249/1444 2339/2574/1444
f 1850/1689/1445 2390/1672/1445 947/1124/1445
f 194/2576/1446 2351/2557/1446 193/698/1446
f 856/2577/1447 821/1778/1447 1331/2570/1447
f 1779/2109/1448 1780/2579/1448 1136/2578/1448
f 2167/1152/1449 1256/1254/1449 1601/1154/1449
f 2392/216/1450 1404/1405/1450 94/215/1450
f 922/1596/1451 515/2021/1451 2255/2580/1451
f 1226/2581/1452 1225/665/1452 1034/2582/1452
f 599/2583/1453 2471/2585/1453 590/2584/1453
f 1384/2483/1454 117/1773/1454 717/2586/1454
f 2082/1808/1455 2072/2587/1455 861/909/1455
f 1208/1212/1456 2082/1808/1456 861/909/1456
f 588/2588/1457 1750/2572/1457 1379/2573/1457
f 1343/1337/1458 6/2589/1458 2128/1339/1458
f 1906/1053/1459 1667/1030/1459 287/1052/1459
f 1898/1828/1460 622/1829/1460 364/2590/1460
f 143/726/1461 1619/1575/1461 2387/363/1461
f 340/395/1462 1662/1611/1462 1663/2591/1462
f 1103/2592/1463 1413/2594/1463 623/2593/1463
f 116/2595/1464 29/1455/1464 1456/1454/1464
f 1484/2596/1465 527/600/1465 2148/598/1465
f 496/2185/1466 2291/534/1466 1058/2597/1466
f 1803/2294/1467 1380/1376/1467 300/2598/1467
f 753/1934/1468 2183/2599/1468 1336/883/1468
f 30/2439/1469 2395/2600/1469 193/698/1469
f 1727/2601/1470 1853/2603/1470 676/2602/1470
f 1120/1121/1471 41/1889/1471 1452/1890/1471
f 1452/1890/1472 41/1889/1472 64/2213/1472
f 2396/1735/1473 558/2604/1473 1192/1418/1473
f 919/24/1474 1192/1192/1474 558/2605/1474
f 1853/2603/1475 1727/2601/1475 675/2505/1475
f 398/2384/1476 1468/900/1476 1466/459/1476
f 11/1764/1477 1410/1765/1477 12/2606/1477
f 1418/2607/1478 1568/1821/1478 920/1819/1478
f 1715/268/1479 229/269/1479 1716/1914/1479
f 137/2608/1480 869/1907/1480 1360/25/1480
f 1898/1828/1481 1402/2610/1481 2271/2609/1481
f 1090/1682/1482 848/2611/1482 1091/1692/1482
f 2402/1005/1483 1729/191/1483 2397/2612/1483
f 1966/1910/1484 938/2614/1484 937/2613/1484
f 1596/100/1485 2331/247/1485 1595/1745/1485
f 2047/2013/1486 1595/1745/1486 2331/247/1486
f 741/391/1487 1388/1382/1487 2130/2615/1487
f 1173/1185/1488 2116/2123/1488 1089/1486/1488
f 1465/2616/1489 2472/541/1489 691/770/1489
f 1966/1910/1490 1464/2617/1490 691/770/1490
f 215/1571/1491 1390/536/1491 795/1570/1491
f 1390/536/1492 496/2185/1492 795/1570/1492
f 2162/2182/1493 1012/1082/1493 2163/1475/1493
f 197/804/1494 1998/2618/1494 1788/470/1494
f 465/2619/1495 2311/2620/1495 2404/2259/1495
f 734/489/1496 2338/796/1496 291/2621/1496
f 815/2329/1497 816/2622/1497 62/73/1497
f 1082/2419/1498 799/862/1498 2204/2418/1498
f 799/862/1499 659/1493/1499 2204/2418/1499
f 247/287/1500 621/1922/1500 1029/1056/1500
f 93/553/1501 92/2346/1501 410/2623/1501
f 1014/2624/1502 1150/1161/1502 2406/2625/1502
f 735/1263/1503 736/1264/1503 1554/2209/1503
f 146/85/1504 2390/1672/1504 152/841/1504
f 1516/2626/1505 664/279/1505 1896/733/1505
f 1803/2294/1506 2377/1375/1506 1380/1376/1506
f 684/2627/1507 336/2628/1507 685/2525/1507
f 1866/2629/1508 1862/935/1508 1237/401/1508
f 2286/2630/1509 1778/1049/1509 1714/2631/1509
f 867/2196/1510 2172/1184/1510 1199/2198/1510
f 1200/1204/1511 867/919/1511 1199/1203/1511
f 766/1514/1512 1996/2045/1512 166/2296/1512
f 1615/340/1513 1040/2633/1513 178/2632/1513
f 707/137/1514 2496/1412/1514 125/139/1514
f 1407/2473/1515 1420/1413/1515 707/137/1515
f 525/2634/1516 2409/2636/1516 959/2635/1516
f 525/2114/1517 1290/2115/1517 2409/1011/1517
f 2411/2637/1518 1377/2639/1518 1378/2638/1518
f 2306/2404/1519 1366/1361/1519 1021/1998/1519
f 355/2640/1520 356/2641/1520 480/2545/1520
f 479/2544/1521 355/2640/1521 480/2545/1521
f 675/2505/1522 174/2642/1522 1406/776/1522
f 689/2643/1523 394/924/1523 256/1461/1523
f 93/2644/1524 409/2645/1524 256/1464/1524
f 1302/2012/1525 1401/786/1525 710/787/1525
f 1302/2012/1526 1400/1026/1526 1401/786/1526
f 990/144/1527 1537/2646/1527 1019/143/1527
f 1214/2086/1528 2029/2648/1528 684/2647/1528
f 1916/2649/1529 260/311/1529 791/2650/1529
f 2174/2651/1530 602/2653/1530 601/2652/1530
f 1397/96/1531 1969/649/1531 1560/2654/1531
f 140/156/1532 2247/157/1532 1520/674/1532
f 2266/2340/1533 1491/858/1533 2286/2630/1533
f 1277/2655/1534 1827/1757/1534 1048/1755/1534
f 1483/2118/1535 874/2151/1535 1694/1936/1535
f 1787/635/1536 1802/636/1536 2214/2243/1536
f 1802/2656/1537 181/210/1537 2214/2657/1537
f 1382/2269/1538 1380/1376/1538 1329/2278/1538
f 2328/292/1539 1309/2658/1539 1310/294/1539
f 1611/848/1540 777/2659/1540 773/847/1540
f 1860/267/1541 748/812/1541 43/809/1541
f 1196/2660/1542 2177/307/1542 497/2661/1542
f 1147/2662/1543 2247/157/1543 1148/155/1543
f 984/14/1544 1661/1613/1544 1978/1425/1544
f 1358/2663/1545 2491/561/1545 505/562/1545
f 729/2242/1546 1358/2241/1546 505/2664/1546
f 655/1099/1547 1591/1582/1547 1620/2292/1547
f 2106/2665/1548 69/1952/1548 134/1558/1548
f 1964/1904/1090 800/864/1090 2138/2150/1090
f 957/1090/1549 1283/1282/1549 2017/2666/1549
f 63/2667/1550 1884/2669/1550 1345/2668/1550
f 543/2567/1551 1735/2383/1551 1399/2156/1551
f 145/2670/1552 1973/2671/1552 785/851/1552
f 1243/818/1553 1265/2672/1553 2198/870/1553
f 1243/818/1554 368/819/1554 1265/2672/1554
f 894/2673/1555 1232/2675/1555 1233/2674/1555
f 2415/1014/1556 959/2635/1556 961/1013/1556
f 809/2676/1557 890/2677/1557 1303/912/1557
f 7/1867/1558 1489/914/1558 1303/912/1558
f 134/1558/1559 1247/1543/1559 2106/2665/1559
f 1607/1566/1560 1351/1347/1560 332/388/1560
f 1795/1048/1561 1415/2678/1561 251/1047/1561
f 2420/2679/1562 2201/2681/1562 586/2680/1562
f 915/2682/1563 585/2684/1563 2201/2683/1563
f 810/2497/1564 1688/1107/1564 138/2499/1564
f 2400/2685/1565 1482/2687/1565 1911/2686/1565
f 847/1850/1566 2034/2689/1566 8/2688/1566
f 1553/2440/1567 265/1502/1567 1521/1500/1567
f 1553/2440/1568 36/699/1568 265/1502/1568
f 1971/2690/1569 175/202/1569 232/272/1569
f 1961/2691/1570 2357/2693/1570 1364/2692/1570
f 430/2694/1571 875/2696/1571 2129/2695/1571
f 2138/863/1572 2059/1495/1572 659/1493/1572
f 799/862/1573 2138/863/1573 659/1493/1573
f 1913/2697/1574 35/38/1574 103/2698/1574
f 1873/1800/1575 1059/2085/1575 871/1802/1575
f 1121/2480/1576 1650/1600/1576 760/1598/1576
f 482/1482/1577 495/2177/1577 2161/1801/1577
f 884/938/1578 1761/2699/1578 883/937/1578
f 354/1428/1579 755/2700/1579 1322/2205/1579
f 1967/231/1580 1095/1096/1580 1507/2701/1580
f 755/2700/1581 756/2703/1581 227/2702/1581
f 719/1525/1582 3/922/1582 345/2704/1582
f 255/1327/1583 1584/1328/1583 874/2151/1583
f 2171/2705/1584 1889/2707/1584 1534/2706/1584
f 1876/2488/1585 997/1815/1585 178/2632/1585
f 172/188/1586 1768/1702/1586 171/187/1586
f 700/1325/1587 934/2709/1587 454/2708/1587
f 904/1931/1588 1990/1422/1588 1989/2430/1588
f 1116/1480/1589 279/581/1589 1/2064/1589
f 278/971/1590 258/306/1590 1959/1374/1590
f 1573/1541/1591 451/2711/1591 2425/2710/1591
f 1917/2712/1592 1587/2714/1592 768/2713/1592
f 360/430/1593 2427/1318/1593 1531/1509/1593
f 1878/2405/1594 640/2715/1594 2115/124/1594
f 1513/2716/1595 355/2640/1595 1344/2717/1595
f 875/2696/1596 880/1208/1596 2160/1209/1596
f 1271/2718/1597 1227/2092/1597 118/1227/1597
f 209/478/1598 400/479/1598 1945/932/1598
f 790/2165/1599 2430/1895/1599 1339/1881/1599
f 2134/2146/1600 1364/832/1600 597/1562/1600
f 1113/2719/1601 188/2721/1601 119/2720/1601
f 494/552/1602 1161/2722/1602 271/441/1602
f 494/1462/1603 1162/1463/1603 1161/2723/1603
f 2432/2724/1604 1983/1787/1604 1984/484/1604
f 219/254/1605 1623/255/1605 770/2725/1605
f 770/836/1606 1354/995/1606 1875/130/1606
f 2433/2726/1607 2294/1615/1607 1636/2727/1607
f 807/2027/1608 811/1688/1608 321/2728/1608
f 807/2027/1609 2227/1440/1609 2058/2026/1609
f 1659/42/1610 187/1346/1610 2301/44/1610
f 1659/743/1611 306/426/1611 187/424/1611
f 1917/2712/1612 768/2713/1612 1066/2729/1612
f 858/1360/1613 1526/1862/1613 857/907/1613
f 1526/1862/1614 190/1863/1614 857/907/1614
f 970/2730/1615 969/2732/1615 2164/2731/1615
f 1423/2733/1616 637/2735/1616 2403/2734/1616
f 1902/2736/1617 1748/2738/1617 1690/2737/1617
f 663/773/1618 474/535/1618 2344/2739/1618
f 1108/1939/1619 2191/1155/1619 2003/345/1619
f 338/2088/1620 1214/2086/1620 1213/378/1620
f 1319/614/1621 519/1313/1621 311/616/1621
f 330/1950/1622 293/1951/1622 2010/1725/1622
f 662/731/1623 889/1866/1623 355/2640/1623
f 1513/2716/1624 662/731/1624 355/2640/1624
f 2012/1284/1625 1287/1285/1625 936/2445/1625
f 1790/389/1626 716/884/1626 715/2369/1626
f 90/346/1627 2400/347/1627 1328/1320/1627
f 1135/2740/1628 90/2515/1628 1328/2741/1628
f 647/1271/1629 2155/2561/1629 522/2362/1629
f 523/142/1630 647/1268/1630 522/2178/1630
f 621/1922/1631 1582/2032/1631 249/291/1631
f 1671/1923/1632 1582/2032/1632 621/1922/1632
f 2461/8/1633 320/1716/1633 722/2742/1633
f 750/1653/1634 1646/2378/1634 2145/1588/1634
f 894/2673/1635 1233/2674/1635 2085/2077/1635
f 2067/180/1636 931/181/1636 932/1000/1636
f 756/2703/1637 1304/2264/1637 1715/268/1637
f 1719/2743/1638 1034/2744/1638 281/2110/1638
f 497/2661/1639 1096/308/1639 1591/1582/1639
f 1949/2745/1640 2242/2274/1640 2241/1879/1640
f 2077/2066/1641 592/2067/1641 1505/2746/1641
f 1608/1565/1642 117/1773/1642 1020/2484/1642
f 185/2747/1643 184/1498/1643 1540/2748/1643
f 1539/1302/1644 1540/1517/1644 184/1304/1644
f 1168/2749/1645 242/2751/1645 1167/2750/1645
f 960/1012/1646 961/1013/1646 2417/2752/1646
f 77/185/1647 588/1683/1647 168/184/1647
f 26/28/1648 1430/2753/1648 73/78/1648
f 1111/2754/1649 114/2755/1649 2440/2353/1649
f 1374/277/1650 2107/2756/1650 664/279/1650
f 1658/2757/1651 540/2282/1651 1768/2758/1651
f 213/2759/1652 1239/1982/1652 1926/1980/1652
f 1967/231/1653 1244/2120/1653 200/230/1653
f 1334/1326/1654 220/2760/1654 1584/1328/1654
f 2193/2465/1655 972/1021/1655 2096/2218/1655
f 1491/858/1656 532/1051/1656 1778/1049/1656
f 1924/2761/1657 1607/1566/1657 609/1564/1657
f 2426/2011/1658 1695/2762/1658 1293/1290/1658
f 1047/1069/1659 88/1238/1659 1164/2495/1659
f 1583/2763/1660 1047/1069/1660 1164/2495/1660
f 1520/674/1661 2247/157/1661 2004/676/1661
f 739/128/1662 740/2765/1662 1088/2764/1662
f 375/2766/1663 1569/2768/1663 1570/2767/1663
f 1782/2769/1664 192/2771/1664 2146/2770/1664
f 2443/658/1665 425/497/1665 1446/1058/1665
f 1069/1078/1666 1655/2772/1666 1070/814/1666
f 1070/991/1667 1655/1605/1667 928/990/1667
f 1914/2773/1668 35/2774/1668 1913/742/1668
f 1203/2775/1669 35/2774/1669 1914/2773/1669
f 547/2036/1670 1202/2776/1670 676/2602/1670
f 1727/2601/1671 676/2602/1671 1363/2777/1671
f 1013/1081/1672 2185/2778/1672 1074/1083/1672
f 1110/2134/1673 1572/2780/1673 2114/2779/1673
f 1193/108/1674 2211/1164/1674 2212/1194/1674
f 737/1896/1675 137/2608/1675 1361/1897/1675
f 2446/2042/1676 2230/2043/1676 2071/2258/1676
f 2131/1996/1677 235/2781/1677 85/1997/1677
f 1022/2390/1678 694/2783/1678 1447/2782/1678
f 1918/1840/1679 1131/1488/1679 282/2784/1679
f 2248/2785/1680 1539/531/1680 387/2786/1680
f 222/2787/1681 1861/2789/1681 630/2788/1681
f 2248/2790/1682 2444/746/1682 470/747/1682
f 470/530/1683 1539/531/1683 2248/2785/1683
f 1504/2211/1684 1326/2791/1684 2185/2778/1684
f 1326/2792/1685 2427/1318/1685 2474/1319/1685
f 2386/2793/1686 428/2795/1686 2449/2794/1686
f 1078/2796/1687 2139/2797/1687 814/1985/1687
f 2139/2797/1688 600/1372/1688 814/1985/1688
f 495/2177/1689 1873/1800/1689 2161/1801/1689
f 129/2798/1690 576/2800/1690 1714/2799/1690
f 3/922/1691 2028/1977/1691 345/2704/1691
f 392/312/1692 1103/2592/1692 708/2801/1692
f 260/311/1693 392/312/1693 708/2801/1693
f 1127/1133/1694 1314/1134/1694 2050/1135/1694
f 2224/757/1695 1238/2802/1695 2359/756/1695
f 1577/2432/1696 450/2433/1696 1573/1541/1696
f 1751/2803/1697 237/2805/1697 1093/2804/1697
f 1816/2806/1698 1332/1329/1698 1595/1745/1698
f 435/2807/1699 2044/2809/1699 298/2808/1699
f 2083/2074/1700 866/2103/1700 865/2104/1700
f 86/1042/1701 758/1393/1701 1307/2101/1701
f 1761/2699/1702 1355/2811/1702 1356/2810/1702
f 978/2181/1703 2162/2182/1703 2163/1475/1703
f 1073/2812/1704 882/2814/1704 1072/2813/1704
f 748/812/1705 1342/2815/1705 43/809/1705
f 1190/2816/1706 1524/2818/1706 1039/2817/1706
f 1190/2816/1707 687/2819/1707 1524/2818/1707
f 2223/2556/1708 1225/665/1708 2222/2555/1708
f 1934/1848/1709 888/1395/1709 1396/1847/1709
f 782/1397/1710 1526/1862/1710 1944/1971/1710
f 651/1442/1711 652/7/1711 1375/540/1711
f 24/27/1712 651/1442/1712 1375/540/1712
f 1196/2660/1713 2320/1100/1713 1017/1045/1713
f 1567/2493/1714 120/2297/1714 1764/1697/1714
f 549/2820/1715 874/2151/1715 550/1122/1715
f 625/2144/1716 1450/2821/1716 2131/1996/1716
f 162/2822/1717 1826/1754/1717 969/1752/1717
f 1427/2823/1718 250/2270/1718 1592/1555/1718
f 1427/2823/1719 1755/499/1719 250/2270/1719
f 2455/2824/1720 1190/2816/1720 1039/2817/1720
f 2229/2010/1721 411/2825/1721 2046/2009/1721
f 628/1206/1722 275/2826/1722 1937/1205/1722
f 2453/1231/1723 593/1232/1723 546/2827/1723
f 280/2828/1724 2454/2062/1724 1497/2829/1724
f 1210/2830/1725 2277/2365/1725 1735/2383/1725
f 1603/2560/1726 778/2832/1726 780/2831/1726
f 1726/1479/1727 389/2834/1727 1203/2833/1727
f 1726/1479/1728 2202/2230/1728 1920/2835/1728
f 1802/2656/1729 1369/2836/1729 181/210/1729
f 1496/641/1730 2458/1371/1730 1495/2837/1730
f 498/2838/1731 1198/1201/1731 460/1199/1731
f 2187/2215/1732 783/2840/1732 2186/2839/1732
f 761/1865/1733 222/2787/1733 630/2788/1733
f 1095/1096/1734 1901/2532/1734 1507/2701/1734
f 2097/1925/1735 1495/1926/1735 1079/1666/1735
f 2383/2841/1736 1629/2341/1736 1817/1624/1736
f 1789/1715/1737 1121/2480/1737 760/1598/1737
f 2340/2106/1738 1201/1676/1738 1703/1202/1738
f 1922/1113/1739 2202/2230/1739 1116/1480/1739
f 388/460/1740 1934/461/1740 51/2842/1740
f 1723/2843/1741 2457/2844/1741 584/656/1741
f 1140/1153/1742 1732/445/1742 2167/1152/1742
f 1423/2733/1743 2403/2734/1743 268/2845/1743
f 886/2846/1744 402/2848/1744 401/2847/1744
f 365/849/1745 1574/850/1745 158/177/1745
f 1391/533/1746 215/249/1746 216/250/1746
f 2389/1387/1747 1391/1388/1747 216/2849/1747
f 1824/646/1748 1789/1715/1748 320/1716/1748
f 2026/9/1749 1824/646/1749 320/1716/1749
f 971/2850/1750 2127/2851/1750 970/2730/1750
f 2107/2756/1751 1432/982/1751 2485/980/1751
f 651/1442/1752 1823/2372/1752 2026/9/1752
f 1823/2372/1753 1824/646/1753 2026/9/1753
f 1488/1805/1754 1602/280/1754 240/281/1754
f 1874/1803/1755 1602/280/1755 1488/1805/1755
f 1950/2852/1756 2062/2030/1756 1242/2853/1756
f 417/1172/1757 514/582/1757 2255/1316/1757
f 2081/628/1758 490/626/1758 491/2073/1758
f 2156/2171/1759 1515/2855/1759 377/2854/1759
f 2032/2210/1760 1013/1081/1760 2324/1983/1760
f 1169/1177/1761 2438/1178/1761 2018/33/1761
f 994/2856/1762 298/2808/1762 65/2857/1762
f 2125/2136/1763 554/2859/1763 2027/2858/1763
f 716/2860/1764 908/2862/1764 1350/2861/1764
f 418/2863/1765 1244/2120/1765 419/1911/1765
f 893/2864/1766 571/2865/1766 488/2006/1766
f 2354/1958/1767 2161/1801/1767 2355/1959/1767
f 2161/1801/1768 2354/1958/1768 881/1957/1768
f 857/907/1769 1858/2866/1769 2305/906/1769
f 2233/2025/1770 2058/2026/1770 1523/1908/1770
f 1441/1444/1771 544/2121/1771 790/2165/1771
f 993/443/1772 2459/2867/1772 2136/2148/1772
f 1459/2868/1773 1460/2869/1773 937/2158/1773
f 113/2870/1774 937/2158/1774 2216/1490/1774
f 806/2871/1775 395/2516/1775 1879/474/1775
f 601/2652/1776 2176/2873/1776 1520/2872/1776
f 1910/1027/1777 1911/2686/1777 1749/507/1777
f 346/2874/1778 1162/472/1778 1571/413/1778
f 346/1437/1779 2356/2875/1779 1162/1463/1779
f 334/2876/1780 907/2343/1780 159/2877/1780
f 334/2878/1781 159/2880/1781 160/2879/1781
f 375/2766/1782 1670/1040/1782 2006/2881/1782
f 40/2022/1783 2052/997/1783 1820/998/1783
f 1334/302/1784 40/298/1784 1820/301/1784
f 445/1450/1785 1943/1861/1785 615/1534/1785
f 2373/1118/1786 677/759/1786 2272/2882/1786
f 1452/1890/1787 64/2213/1787 65/2003/1787
f 1452/1890/1788 65/2003/1788 1123/1130/1788
f 1918/1840/1789 282/2784/1789 1097/309/1789
f 197/804/1790 198/853/1790 2460/2883/1790
f 789/854/1791 2460/2884/1791 198/856/1791
f 608/286/1792 247/287/1792 1647/2885/1792
f 1647/2885/1793 247/287/1793 1029/1056/1793
f 2266/2340/1794 2286/2630/1794 576/2886/1794
f 1755/499/1795 1754/2887/1795 1035/1059/1795
f 1258/1258/1796 1259/1259/1796 169/1789/1796
f 2401/2888/1797 686/2890/1797 2236/2889/1797
f 1510/138/1798 155/1064/1798 1894/2472/1798
f 1332/1329/1799 2188/521/1799 1808/102/1799
f 899/1098/1800 17/680/1800 1624/1583/1800
f 750/2429/1801 16/32/1801 749/2891/1801
f 1476/1470/1802 1068/1370/1802 856/2577/1802
f 771/1459/1803 167/1365/1803 1367/1363/1803
f 978/2181/1804 977/2892/1804 318/2183/1804
f 2166/2187/1805 1446/39/1805 34/37/1805
f 961/2893/1806 1709/2894/1806 2337/2444/1806
f 1570/2179/1807 86/1042/1807 1307/2101/1807
f 1356/2895/1808 2259/2896/1808 202/233/1808
f 1826/2897/1809 1352/2899/1809 314/2898/1809
f 1224/1439/1810 346/1437/1810 1223/2900/1810
f 1223/414/234 346/2874/234 1571/413/234
f 386/2517/1811 616/692/1811 45/2519/1811
f 385/1864/1812 616/692/1812 386/2517/1812
f 871/1802/1813 1958/1888/1813 1621/1579/1813
f 1428/1060/1814 942/2901/1814 2120/501/1814
f 1644/1341/1815 1288/2113/1815 524/2902/1815
f 524/2902/1816 1288/2113/1816 525/2114/1816
f 484/543/1817 1605/820/1817 418/2863/1817
f 484/543/1818 418/2863/1818 419/1911/1818
f 2421/2084/1819 1873/1800/1819 495/2177/1819
f 2417/2903/1820 2337/2444/1820 2078/2068/1820
f 2368/1841/1821 2149/599/1821 1646/2378/1821
f 860/2904/1822 2083/2074/1822 1312/2905/1822
f 1412/2906/1823 1024/2908/1823 1673/2907/1823
f 1415/2678/1824 333/1343/1824 160/2879/1824
f 1282/2170/1825 1985/1719/1825 1854/1279/1825
f 1736/2909/1826 13/2911/1826 1508/2910/1826
f 46/2912/1827 1736/2909/1827 1508/2910/1827
f 1899/1656/1828 2399/2914/1828 1718/2913/1828
f 900/1758/1829 248/288/1829 608/286/1829
f 2284/198/1830 915/2682/1830 2411/200/1830
f 1637/2915/1831 702/782/1831 1235/1844/1831
f 2330/1877/1832 1948/1878/1832 1113/2916/1832
f 1299/2917/1833 1066/2729/1833 1067/2918/1833
f 1298/2083/1834 1066/2729/1834 1299/2917/1834
f 1011/2919/1835 1044/2921/1835 2405/2920/1835
f 1542/1687/1836 2468/1685/1836 2405/2922/1836
f 2405/2920/1837 2468/2923/1837 1011/2919/1837
f 877/17/1838 2065/1314/1838 263/2408/1838
f 1606/516/1839 1318/1308/1839 744/2924/1839
f 1341/394/1840 2470/2925/1840 341/396/1840
f 1305/1298/1841 1521/319/1841 269/320/1841
f 1724/1663/1842 727/2926/1842 726/1662/1842
f 20/1149/1843 53/2382/1843 52/1818/1843
f 1218/2927/1844 1001/584/1844 2006/1043/1844
f 2006/2881/1845 1670/1040/1845 1218/1949/1845
f 1704/672/1846 2039/451/1846 2471/704/1846
f 324/2928/1847 37/2331/1847 1383/2929/1847
f 1244/2120/1848 1967/231/1848 419/1911/1848
f 264/1671/1849 1220/2125/1849 936/2445/1849
f 2059/2930/1850 2060/974/1850 423/495/1850
f 801/2931/1851 2060/974/1851 2059/2930/1851
f 2307/2932/1852 1383/2929/1852 2220/2246/1852
f 1067/2918/1853 1547/133/1853 1935/1849/1853
f 828/1691/1854 176/2304/1854 829/2933/1854
f 1265/2672/1855 1266/2934/1855 2198/870/1855
f 1728/1703/1856 1729/191/1856 2402/1005/1856
f 2172/1184/1857 1798/1736/1857 1051/2055/1857
f 1113/2719/1858 2451/2935/1858 1806/1024/1858
f 724/2936/1859 1826/684/1859 162/2344/1859
f 904/2937/1860 1989/2938/1860 886/2846/1860
f 870/2939/1861 2046/2009/1861 411/2825/1861
f 1280/1673/1862 504/2940/1862 1741/1675/1862
f 1280/1273/1863 275/701/1863 504/702/1863
f 117/1773/1864 715/2369/1864 717/2586/1864
f 1152/1163/1865 2472/1552/1865 1465/2941/1865
f 191/223/1866 1783/2455/1866 2253/80/1866
f 571/2942/1867 1412/2906/1867 1673/2907/1867
f 33/2943/1868 1412/2906/1868 571/2942/1868
f 126/358/1869 2299/2945/1869 742/2944/1869
f 560/631/1870 742/801/1870 2299/630/1870
f 1566/1533/1871 431/2450/1871 2473/1532/1871
f 1072/2946/1872 1762/2947/1872 696/2551/1872
f 1625/1772/1873 1626/1214/1873 699/2428/1873
f 2474/1553/1874 1327/1554/1874 1326/2791/1874
f 437/2948/1875 2433/2726/1875 1641/2949/1875
f 2308/2950/1876 437/2948/1876 2038/2951/1876
f 1201/1676/1877 1528/918/1877 1200/1204/1877
f 477/2952/1878 1056/2954/1878 471/2953/1878
f 172/188/1879 170/186/1879 862/911/1879
f 29/1455/1880 2333/450/1880 1301/2955/1880
f 1108/1939/1881 1178/2956/1881 2191/1155/1881
f 1882/2957/1882 1751/2803/1882 882/2814/1882
f 942/2901/1883 1716/1914/1883 229/269/1883
f 2054/432/1884 1531/1509/1884 363/434/1884
f 2442/2958/1885 1040/2960/1885 1598/2959/1885
f 1040/2633/1886 384/663/1886 178/2632/1886
f 720/1524/1887 2028/1977/1887 1397/96/1887
f 902/1016/1888 1769/956/1888 1770/834/1888
f 204/2961/1889 2315/764/1889 413/1836/1889
f 1555/1806/1890 2193/2465/1890 1885/1807/1890
f 1443/1647/1891 706/2963/1891 1442/2962/1891
f 1868/2964/1892 594/667/1892 1617/2965/1892
f 1028/1055/1893 1647/2885/1893 1029/1056/1893
f 2475/1832/1894 2174/896/1894 841/897/1894
f 2302/2966/1895 1771/2379/1895 1881/2967/1895
f 716/2860/1896 1016/2968/1896 908/2862/1896
f 1015/1044/1897 1016/2968/1897 716/2860/1897
f 775/2969/1898 1933/2970/1898 1932/2059/1898
f 2491/1842/1899 1005/1352/1899 1354/995/1899
f 910/2971/1900 2097/1925/1900 909/2492/1900
f 910/1747/1901 1741/1675/1901 2097/2972/1901
f 1757/2973/1902 1622/2437/1902 1112/2438/1902
f 590/2584/1903 1268/2975/1903 1267/2974/1903
f 1268/2975/1904 590/2584/1904 2471/2585/1904
f 43/809/1905 875/2005/1905 746/266/1905
f 746/2449/1906 875/2696/1906 430/2694/1906
f 429/331/1907 1927/1623/1907 1416/330/1907
f 1695/2762/1908 2426/2011/1908 1302/2012/1908
f 629/1207/1909 207/2553/1909 1061/2976/1909
f 1752/403/1910 560/362/1910 1753/1430/1910
f 190/1863/1911 782/1397/1911 781/1396/1911
f 1632/2977/1912 1616/2979/1912 245/2978/1912
f 1377/1539/1913 2411/200/1913 915/2682/1913
f 806/2871/1914 1813/2980/1914 2258/1414/1914
f 1975/2536/1915 1728/2981/1915 2269/803/1915
f 1643/2376/1916 524/2538/1916 525/2634/1916
f 1882/2957/1917 882/2814/1917 1073/2812/1917
f 2098/2087/1918 1214/2086/1918 684/2647/1918
f 1624/1583/1919 1826/684/1919 724/2936/1919
f 1082/724/1920 2359/756/1920 143/726/1920
f 1230/2982/1921 1628/2983/1921 2069/1871/1921
f 1919/446/1922 2167/1152/1922 1732/445/1922
f 1441/1444/1923 790/2165/1923 486/2164/1923
f 1221/182/1924 414/2035/1924 1222/1265/1924
f 1062/2984/1925 1106/1898/1925 1064/1899/1925
f 370/2985/1926 371/955/1926 383/2986/1926
f 2477/2987/1927 486/2164/1927 1339/1881/1927
f 1964/2988/1928 2138/863/1928 798/861/1928
f 32/2989/1929 33/2943/1929 1232/2990/1929
f 1871/2991/1930 681/1176/1930 1870/1795/1930
f 489/965/1931 2218/966/1931 2217/1210/1931
f 1971/2690/1932 232/272/1932 233/273/1932
f 369/1287/1933 1971/2992/1933 233/807/1933
f 1087/2993/1934 122/2279/1934 1372/2994/1934
f 1075/2995/1935 1071/2997/1935 261/2996/1935
f 2445/1403/1936 1075/2995/1936 261/2996/1936
f 2478/2095/1937 2215/2999/1937 2450/2998/1937
f 1106/1898/1938 1062/2984/1938 1063/546/1938
f 1063/546/1939 1107/544/1939 1106/1898/1939
f 85/839/1940 1864/838/1940 772/3000/1940
f 687/2819/1941 1190/2816/1941 1378/2638/1941
f 66/3001/1942 12/2606/1942 2090/3002/1942
f 71/1242/1943 1246/1243/1943 364/3003/1943
f 876/3004/1944 880/3005/1944 875/2005/1944
f 2329/3006/1945 1797/3007/1945 2478/2095/1945
f 1387/2531/1946 413/3008/1946 2275/238/1946
f 2441/289/1947 2112/375/1947 249/291/1947
f 968/3009/1948 967/2395/1948 156/1063/1948
f 1357/1746/1949 1810/55/1949 1809/3010/1949
f 185/2747/1950 1838/1497/1950 184/1498/1950
f 1128/241/1951 1838/1104/1951 185/1283/1951
f 977/2892/1952 978/2181/1952 2406/2625/1952
f 97/3011/1953 1611/848/1953 2293/846/1953
f 1143/2176/1954 83/3012/1954 81/98/1954
f 2363/2489/1955 1654/3013/1955 1876/2488/1955
f 94/215/1956 2342/1677/1956 2200/214/1956
f 2469/2528/1957 14/3015/1957 2106/3014/1957
f 1300/3016/1958 2465/3018/1958 1794/3017/1958
f 377/2854/1959 1337/1330/1959 2156/2171/1959
f 282/2784/1960 1931/3019/1960 901/1759/1960
f 36/3020/1961 1172/1182/1961 2152/3021/1961
f 1740/3022/1962 567/3024/1962 2419/3023/1962
f 2335/60/1963 2487/1072/1963 1112/2438/1963
f 2487/1072/1964 2309/3025/1964 1112/2438/1964
f 1323/3026/1965 2298/2034/1965 2065/1314/1965
f 1522/1315/1966 2434/1906/1966 636/708/1966
f 513/579/1967 964/3027/1967 705/785/1967
f 963/580/1968 964/3027/1968 513/579/1968
f 741/391/1969 2130/2615/1969 740/2533/1969
f 1136/1148/1970 328/384/1970 1406/1147/1970
f 563/2527/1971 564/500/1971 229/269/1971
f 1591/1582/1972 1096/308/1972 899/1098/1972
f 712/3028/1973 1000/1041/1973 2362/3029/1973
f 1001/584/1974 924/3030/1974 517/586/1974
f 924/3031/1975 1863/1792/1975 517/1790/1975
f 426/1669/1976 903/3032/1976 618/2423/1976
f 619/696/1977 618/695/1977 903/958/1977
f 240/639/1978 239/640/1978 1915/3033/1978
f 404/2303/1979 2447/2403/1979 1447/2782/1979
f 508/3034/1980 947/1124/1980 2319/3035/1980
f 846/1851/1981 2034/2689/1981 847/1850/1981
f 1523/1908/1982 2056/3036/1982 869/1907/1982
f 2225/3037/1983 681/1176/1983 1871/2991/1983
f 1786/1714/1984 120/2297/1984 1567/2493/1984
f 123/3038/1985 311/372/1985 312/373/1985
f 1523/1908/1986 835/1441/1986 2056/3036/1986
f 976/3039/1987 1183/3041/1987 1253/3040/1987
f 641/1503/1988 45/2519/1988 955/693/1988
f 1714/2799/1989 1148/155/1989 129/2798/1989
f 1560/2654/1990 2479/3042/1990 2288/95/1990
f 1854/1279/1991 1271/2718/1991 733/1278/1991
f 1042/152/1992 136/153/1992 526/595/1992
f 27/29/1993 131/3043/1993 327/383/1993
f 2011/1720/1994 2321/3044/1994 1227/2092/1994
f 661/727/1995 2092/483/1995 1937/3045/1995
f 582/204/1996 1535/1123/1996 578/651/1996
f 1248/1245/1997 1676/1816/1997 441/1244/1997
f 685/2477/1998 441/1410/1998 1676/3046/1998
f 1701/3047/1999 1784/1713/1999 1660/3048/1999
f 102/3049/2000 833/2031/2000 2062/2030/2000
f 1770/834/2001 1769/956/2001 2276/833/2001
f 1683/3050/2002 2492/1955/2002 2004/676/2002
f 1683/3050/2003 2004/676/2003 2002/3051/2003
f 1181/1638/2004 2480/1636/2004 935/2446/2004
f 517/1790/2005 518/1791/2005 516/3052/2005
f 2500/3053/2006 2482/3054/2006 114/2755/2006
f 1262/1506/2007 2482/1507/2007 2500/3055/2007
f 2271/2236/2008 1441/3057/2008 485/3056/2008
f 649/3058/2009 1149/3059/2009 1260/1900/2009
f 329/2000/2010 917/977/2010 330/880/2010
f 1694/1936/2011 2323/2413/2011 944/2399/2011
f 160/2879/2012 159/2880/2012 262/1626/2012
f 1319/614/2013 1321/1114/2013 1888/1312/2013
f 956/1883/2014 210/1894/2014 2234/2396/2014
f 400/479/2015 1073/1079/2015 1072/2946/2015
f 117/1773/2016 1790/389/2016 715/2369/2016
f 1573/1541/2017 158/177/2017 1577/2432/2017
f 552/1761/2018 1956/3060/2018 868/920/2018
f 44/2518/2019 45/2519/2019 641/1503/2019
f 843/1617/2020 44/2518/2020 641/1503/2020
f 1582/2032/2021 1164/2495/2021 1955/1884/2021
f 1184/3061/2022 2435/3062/2022 774/2060/2022
f 503/3063/2023 910/2971/2023 2317/3064/2023
f 503/3065/2024 2317/3066/2024 1263/400/2024
f 2217/2245/2025 2021/929/2025 2160/3067/2025
f 1939/2504/2026 1681/2411/2026 270/45/2026
f 2212/1194/2027 1195/3068/2027 692/1195/2027
f 1098/1140/2028 2000/3069/2028 2079/2072/2028
f 1543/1520/2029 864/3070/2029 895/2320/2029
f 1543/1520/2030 1965/1909/2030 864/3070/2030
f 1265/2672/2031 515/2021/2031 1266/2934/2031
f 231/1634/2032 226/1632/2032 729/2242/2032
f 2112/375/2033 621/1922/2033 249/291/2033
f 2112/375/2034 1029/1056/2034 621/1922/2034
f 123/3071/2035 1118/1518/2035 535/615/2035
f 71/3072/2036 69/1952/2036 2106/2665/2036
f 1289/3073/2037 945/3075/2037 656/3074/2037
f 1042/152/2038 2226/1380/2038 288/336/2038
f 1349/3076/2039 1788/470/2039 1184/1187/2039
f 554/666/2040 1561/3077/2040 1225/665/2040
f 2168/2237/2041 1212/1219/2041 2219/2239/2041
f 2258/1414/2042 1813/2980/2042 1814/706/2042
f 1894/2472/2043 1037/1062/2043 986/1424/2043
f 1811/3078/2044 2208/3079/2044 1495/2837/2044
f 1527/3080/2045 2035/2357/2045 2126/212/2045
f 1529/20/2046 553/179/2046 22/19/2046
f 405/3081/2047 2124/3083/2047 952/3082/2047
f 420/491/2048 698/1618/2048 2195/2223/2048
f 783/2840/2049 2195/3084/2049 698/1621/2049
f 2101/1723/2050 1929/3086/2050 1825/3085/2050
f 1181/1638/2051 1461/3088/2051 2175/3087/2051
f 121/134/2052 477/1557/2052 1698/1640/2052
f 477/1557/2053 1592/1555/2053 1698/1640/2053
f 855/89/2054 586/2680/2054 1637/2915/2054
f 512/577/2055 2123/3089/2055 511/576/2055
f 1849/3090/2056 1848/3092/2056 1829/3091/2056
f 1000/1041/2057 2020/1039/2057 2362/3029/2057
f 2428/1466/2058 847/1850/2058 2416/3093/2058
f 615/3094/2059 617/694/2059 954/3095/2059
f 1566/265/2060 615/3094/2060 954/3095/2060
f 214/2436/2061 249/291/2061 1955/1884/2061
f 1081/2373/2062 2204/2418/2062 2205/1930/2062
f 1422/2512/2063 1976/1917/2063 2203/1015/2063
f 1777/3096/2064 482/1482/2064 881/1957/2064
f 1449/3097/2065 1448/3099/2065 2239/3098/2065
f 1840/3100/2066 1502/3101/2066 1130/1102/2066
f 1840/1771/2067 1838/1104/2067 1502/1105/2067
f 770/836/2068 1623/3102/2068 217/952/2068
f 2137/2149/2069 1422/3103/2069 1237/401/2069
f 414/225/2070 2067/3104/2070 933/1002/2070
f 597/842/2071 2357/2693/2071 152/841/2071
f 2319/3035/2072 2322/1125/2072 2313/1293/2072
f 688/3105/2073 1462/3107/2073 1463/3106/2073
f 1462/3107/2074 2490/3108/2074 1463/3106/2074
f 434/1798/2075 306/3109/2075 1872/1797/2075
f 843/1617/2076 67/1504/2076 1467/712/2076
f 852/903/2077 1381/1377/2077 2377/1375/2077
f 80/97/2078 1831/1546/2078 1830/1545/2078
f 1054/3110/2079 1800/3111/2079 2091/1601/2079
f 636/708/2080 2434/1906/2080 736/1264/2080
f 246/283/2081 1571/3112/2081 2418/285/2081
f 839/659/2082 265/3113/2082 2152/3021/2082
f 1851/2300/2083 1445/3114/2083 114/2755/2083
f 994/2856/2084 995/3115/2084 298/2808/2084
f 710/787/2085 2375/165/2085 754/957/2085
f 2166/463/2086 1920/464/2086 1036/3116/2086
f 367/1536/2087 1573/1535/2087 2425/3117/2087
f 197/804/2088 1788/470/2088 1349/3076/2088
f 451/558/2089 367/3119/2089 2425/3118/2089
f 393/3120/2090 1999/3122/2090 4/3121/2090
f 1986/3123/2091 649/3058/2091 1419/3124/2091
f 1763/2494/2092 1419/3124/2092 649/3058/2092
f 526/1383/2093 136/3125/2093 2130/2615/2093
f 971/2850/2094 976/3039/2094 2127/2851/2094
f 976/3126/2095 1253/2141/2095 2127/2139/2095
f 950/3127/2096 1429/1020/2096 3/922/2096
f 1881/2967/2097 1771/2379/2097 803/3128/2097
f 219/254/2098 770/2725/2098 1875/3129/2098
f 129/2798/2099 1159/411/2099 1245/3130/2099
f 2041/1061/2100 2111/2160/2100 2040/1999/2100
f 1426/3131/2101 545/2063/2101 1754/2887/2101
f 1623/364/2102 143/726/2102 2387/363/2102
f 783/2840/2103 698/1621/2103 2321/1619/2103
f 1592/1555/2104 250/2270/2104 1698/1640/2104
f 68/1088/2105 1698/1640/2105 250/2270/2105
f 619/828/2106 1948/1878/2106 1115/827/2106
f 37/2332/2107 721/46/2107 1383/3132/2107
f 374/437/2108 331/387/2108 56/385/2108
f 1051/2055/2109 1798/1736/2109 1163/2479/2109
f 999/3133/2110 2089/3134/2110 732/795/2110
f 998/3135/2111 1436/3136/2111 999/3133/2111
f 754/957/2112 2001/670/2112 710/787/2112
f 2476/3137/2113 1146/1159/2113 1693/3138/2113
f 1146/1159/2114 1696/1160/2114 1693/3138/2114
f 483/3139/2115 221/3140/2115 894/2673/2115
f 848/2611/2116 2416/3093/2116 1759/3141/2116
f 1002/1549/2117 1325/3142/2117 1003/1782/2117
f 2162/2182/2118 318/2183/2118 1027/1984/2118
f 1092/3143/2119 543/2567/2119 1799/2568/2119
f 336/762/2120 289/763/2120 337/2347/2120
f 521/1604/2121 1589/1946/2121 536/1947/2121
f 282/2784/2122 1132/3144/2122 1931/3019/2122
f 1131/1488/2123 1132/3144/2123 282/2784/2123
f 1627/3145/2124 1767/1855/2124 731/3146/2124
f 2174/896/2125 1804/1744/2125 842/898/2125
f 2004/676/2126 1804/3147/2126 2174/2199/2126
f 1389/1386/2127 1390/536/2127 473/3148/2127
f 473/3149/2128 1391/1388/2128 1389/1389/2128
f 1100/3150/2129 1515/3151/2129 1516/2626/2129
f 1257/1257/2130 1143/2321/2130 1579/2318/2130
f 1966/1910/2131 1967/231/2131 938/2614/2131
f 1901/3152/2132 740/2765/2132 739/128/2132
f 99/3153/2133 94/215/2133 108/3154/2133
f 108/871/2134 104/240/2134 99/1678/2134
f 1359/2481/2135 950/3127/2135 719/1525/2135
f 103/201/2136 1446/1058/2136 176/203/2136
f 1719/2743/2137 281/2110/2137 2055/2111/2137
f 2235/2129/2138 979/1796/2138 244/1794/2138
f 496/2185/2139 1059/3155/2139 797/2184/2139
f 1359/2481/2140 951/449/2140 1429/1020/2140
f 1187/3156/2141 1188/925/2141 1469/3157/2141
f 1469/3157/2142 1188/925/2142 2429/944/2142
f 2372/3158/2143 206/2019/2143 2135/3159/2143
f 1473/1826/2144 2310/3160/2144 433/1825/2144
f 80/97/2145 83/3012/2145 84/949/2145
f 1923/3161/2146 1065/3163/2146 603/3162/2146
f 1285/754/2147 1540/3164/2147 2144/753/2147
f 457/522/2148 2144/2166/2148 1540/1517/2148
f 2475/3165/2149 2280/3166/2149 602/2653/2149
f 2089/3134/2150 1269/794/2150 732/795/2150
f 2244/2280/2151 1414/3167/2151 1103/2592/2151
f 436/3168/2152 1685/3170/2152 1684/3169/2152
f 1564/1289/2153 1302/2012/2153 710/787/2153
f 2154/3171/2154 415/2374/2154 1282/3172/2154
f 2154/1261/2155 2360/488/2155 415/2375/2155
f 1838/1497/2156 1839/3174/2156 2488/3173/2156
f 1309/2658/2157 520/3175/2157 1310/294/2157
f 1130/1769/2158 1838/1497/2158 2488/3173/2158
f 30/3176/2159 2300/3178/2159 2395/3177/2159
f 39/1567/2160 2164/2731/2160 1610/682/2160
f 2033/442/2161 1519/3179/2161 2374/444/2161
f 1554/2209/2162 122/2279/2162 1087/2993/2162
f 881/1957/2163 1757/1580/2163 59/3180/2163
f 1321/1114/2164 176/2304/2164 2252/1690/2164
f 1189/3181/2165 1848/3092/2165 606/3182/2165
f 2014/823/2166 1649/1599/2166 359/3183/2166
f 516/3052/2167 487/3185/2167 301/3184/2167
f 356/2641/2168 889/1866/2168 890/2677/2168
f 497/2661/2169 2177/307/2169 1096/308/2169
f 840/1680/2170 277/1681/2170 529/2511/2170
f 456/520/2171 700/1325/2171 454/2708/2171
f 920/984/2172 1706/2490/2172 1418/3186/2172
f 2445/1403/2173 1578/1404/2173 1075/2995/2173
f 624/2056/2174 1942/3187/2174 2489/2057/2174
f 2489/1880/2175 1942/3188/2175 2241/1879/2175
f 164/1846/2176 56/64/2176 55/62/2176
f 725/3189/2177 1373/3190/2177 1857/2052/2177
f 1286/3191/2178 1305/1298/2178 2408/1286/2178
f 50/1146/2179 2473/1142/2179 1903/3192/2179
f 2239/3098/2180 61/3193/2180 1449/3097/2180
f 410/2623/2181 92/2346/2181 1089/3194/2181
f 998/1814/2182 997/1815/2182 2314/3195/2182
f 1576/3196/2183 543/2567/2183 237/2805/2183
f 1171/3197/2184 1519/3179/2184 2279/1180/2184
f 2215/2999/2185 1797/3007/2185 639/3198/2185
f 481/57/2186 2421/2084/2186 495/2177/2186
f 2210/2216/2187 1465/2941/2187 2280/1833/2187
f 1014/2624/2188 978/2181/2188 2163/1475/2188
f 1844/3199/2189 409/3201/2189 285/3200/2189
f 409/2645/2190 286/2421/2190 285/2422/2190
f 1404/1405/2191 490/626/2191 2257/627/2191
f 887/3202/2192 886/3204/2192 401/3203/2192
f 2496/1412/2193 261/1631/2193 643/2167/2193
f 1420/1413/2194 261/1631/2194 2496/1412/2194
f 2028/1977/2195 3/922/2195 1555/1806/2195
f 2345/923/2196 1555/1806/2196 3/922/2196
f 662/731/2197 713/732/2197 889/1866/2197
f 23/23/2198 1185/3205/2198 918/22/2198
f 23/3206/2199 1186/3208/2199 1185/3207/2199
f 2272/2882/2200 677/759/2200 2063/760/2200
f 1811/3078/2201 1060/643/2201 2208/3079/2201
f 1524/2818/2202 1530/3209/2202 1525/2201/2202
f 1530/3209/2203 2260/3210/2203 1525/2201/2203
f 1421/2513/2204 962/3212/2204 2391/3211/2204
f 474/3213/2205 1098/1140/2205 2344/1141/2205
f 1783/2455/2206 1216/2456/2206 502/1709/2206
f 501/1223/2207 502/1224/2207 1216/2457/2207
f 1203/3214/2208 34/37/2208 35/38/2208
f 389/465/2209 34/2328/2209 1203/3215/2209
f 2323/2413/2210 551/1551/2210 1002/1549/2210
f 405/3081/2211 1926/3216/2211 2238/2302/2211
f 1846/2452/2212 704/3218/2212 1877/3217/2212
f 340/395/2213 1663/2591/2213 1602/280/2213
f 254/3219/2214 2068/2023/2214 40/2022/2214
f 2354/1958/2215 1621/1579/2215 1757/1580/2215
f 1968/3220/2216 221/3140/2216 483/3139/2216
f 2126/212/2217 127/1508/2217 1262/1506/2217
f 1608/1565/2218 332/388/2218 117/1773/2218
f 1607/1566/2219 332/388/2219 1608/1565/2219
f 2107/2756/2220 2108/734/2220 664/279/2220
f 312/3221/2221 2365/3222/2221 1005/2308/2221
f 854/2443/2222 1707/1843/2222 1235/1844/2222
f 1578/1404/2223 1076/3223/2223 1508/2910/2223
f 1213/354/2224 1315/3225/2224 317/3224/2224
f 1054/3110/2225 1731/3227/2225 96/3226/2225
f 27/29/2226 465/30/2226 507/567/2226
f 1768/2758/2227 540/2282/2227 996/1813/2227
f 1902/3228/2228 980/2124/2228 1867/3229/2228
f 2116/2123/2229 980/2124/2229 682/3230/2229
f 2019/3231/2230 2492/3232/2230 1171/3197/2230
f 2389/1387/2231 1394/3233/2231 1389/1389/2231
f 1524/2818/2232 2153/2202/2232 547/3234/2232
f 1783/2455/2233 502/1709/2233 1782/1707/2233
f 857/907/2234 135/3235/2234 1858/2866/2234
f 1641/2949/2235 2038/2951/2235 437/2948/2235
f 962/3236/2236 1264/3237/2236 1263/400/2236
f 1464/3238/2237 1545/3239/2237 2280/3166/2237
f 865/2104/2238 2072/2587/2238 2082/1808/2238
f 1001/584/2239 516/585/2239 86/1042/2239
f 1476/1470/2240 133/167/2240 1068/1370/2240
f 817/2569/2241 2267/1940/2241 1892/1941/2241
f 2171/3240/2242 2267/1940/2242 817/2569/2242
f 1208/1212/2243 374/1622/2243 164/1846/2243
f 1208/1212/2244 164/1846/2244 163/1809/2244
f 1022/2390/2245 2136/2148/2245 694/2783/2245
f 1479/1473/2246 589/2248/2246 855/89/2246
f 774/3241/2247 1349/3076/2247 1184/1187/2247
f 812/3242/2248 811/1688/2248 1689/3243/2248
f 503/3065/2249 572/91/2249 1211/3244/2249
f 1211/2033/2250 1742/1674/2250 503/3245/2250
f 327/2254/2251 1033/1919/2251 1634/3246/2251
f 741/391/2252 315/597/2252 1388/1382/2252
f 1455/3247/2253 1456/1454/2253 721/46/2253
f 751/2333/2254 1455/3247/2254 721/46/2254
f 1894/2472/2255 155/1064/2255 1037/1062/2255
f 904/3248/2256 2088/3250/2256 2086/3249/2256
f 904/3248/2257 886/3204/2257 887/3202/2257
f 1160/3251/2258 343/196/2258 1711/2154/2258
f 990/144/2259 1890/161/2259 1537/2646/2259
f 1455/882/2260 1336/883/2260 1454/1452/2260
f 491/549/2261 1934/461/2261 10/1748/2261
f 491/1275/2262 10/1/2262 201/2/2262
f 302/359/2263 2017/2666/2263 958/3252/2263
f 541/2285/2264 1963/211/2264 925/3253/2264
f 1364/832/2265 2276/833/2265 1961/3254/2265
f 235/1686/2266 1843/606/2266 85/839/2266
f 146/85/2267 152/841/2267 2357/2693/2267
f 14/3015/2268 449/515/2268 2332/245/2268
f 91/2159/2269 2111/2160/2269 906/961/2269
f 1326/2791/2270 1504/2211/2270 2427/3255/2270
f 342/399/2271 1640/3256/2271 309/370/2271
f 2307/2932/2272 2220/2246/2272 2218/2244/2272
f 1557/135/2273 1558/3257/2273 476/2096/2273
f 1058/2597/2274 872/3258/2274 873/1198/2274
f 1869/3259/2275 2027/3260/2275 594/667/2275
f 680/1084/2276 391/1415/2276 678/1086/2276
f 1055/1071/2277 1774/3261/2277 1892/1941/2277
f 1627/3145/2278 897/2468/2278 1991/3262/2278
f 1627/3145/2279 731/3146/2279 897/2468/2279
f 1982/3263/2280 1571/3112/2280 246/283/2280
f 702/782/2281 1637/2915/2281 1638/3264/2281
f 322/3265/2282 943/3267/2282 820/3266/2282
f 1099/3268/2283 878/2273/2283 1687/3269/2283
f 1284/1988/2284 2373/1118/2284 2272/2882/2284
f 243/367/2285 310/368/2285 1639/3270/2285
f 243/2266/2286 1639/3271/2286 1893/2267/2286
f 2229/2010/2287 113/2870/2287 2216/1490/2287
f 2104/3272/2288 624/1559/2288 1597/1560/2288
f 1469/3157/2289 1508/2910/2289 1076/3223/2289
f 1140/1153/2290 951/449/2290 1836/447/2290
f 807/2027/2291 806/2871/2291 1879/474/2291
f 2404/2259/2292 2311/2620/2292 1678/1627/2292
f 2404/2259/2293 1678/1627/2293 2364/1628/2293
f 2127/2139/2294 162/2822/2294 969/1752/2294
f 2148/598/2295 2357/2693/2295 1484/2596/2295
f 753/1934/2296 751/881/2296 37/2331/2296
f 2013/505/2297 2481/506/2297 1552/3273/2297
f 963/580/2298 319/3274/2298 964/3027/2298
f 447/140/2299 1218/2927/2299 1217/3275/2299
f 1278/790/2300 1409/3276/2300 1408/789/2300
f 2371/3277/2301 1974/228/2301 2269/803/2301
f 2409/1011/2302 1289/3073/2302 2008/1010/2302
f 856/2577/2303 1832/150/2303 1476/1470/2303
f 1907/2564/2304 475/293/2304 1119/3278/2304
f 419/1911/2305 1966/1910/2305 691/770/2305
f 691/770/2306 484/543/2306 419/1911/2306
f 1706/2490/2307 920/984/2307 2424/985/2307
f 977/1956/2308 1804/3147/2308 2004/676/2308
f 395/2516/2309 1852/3279/2309 679/1817/2309
f 1305/1298/2310 1286/3191/2310 1521/319/2310
f 316/2462/2311 2029/2648/2311 1214/2086/2311
f 259/310/2312 679/1817/2312 392/312/2312
f 2390/1672/2313 75/86/2313 946/1126/2313
f 573/2388/2314 1228/3280/2314 605/1046/2314
f 2036/2352/2315 2440/2353/2315 114/2755/2315
f 567/3024/2316 11/1764/2316 12/2606/2316
f 936/2445/2317 935/2446/2317 1642/3281/2317
f 674/3282/2318 1672/1921/2318 247/287/2318
f 1182/3283/2319 2045/3285/2319 975/3284/2319
f 975/3284/2320 2045/3285/2320 2050/3286/2320
f 1726/1479/2321 1920/2835/2321 389/2834/2321
f 2294/1615/2322 1370/869/2322 1636/2727/2322
f 2395/2600/2323 1674/3287/2323 193/698/2323
f 1170/2219/2324 1614/3288/2324 2096/2218/2324
f 395/2516/2325 2258/1414/2325 1852/3279/2325
f 1852/3279/2326 2258/1414/2326 391/1415/2326
f 2055/3289/2327 1723/2843/2327 948/3290/2327
f 1059/2085/2328 2421/2084/2328 797/860/2328
f 458/2228/2329 2200/214/2329 2342/1677/2329
f 458/523/2330 95/524/2330 2392/3291/2330
f 485/3292/2331 1441/1444/2331 486/2164/2331
f 1683/3293/2332 2347/10/2332 2492/3232/2332
f 1586/2295/2333 1809/3295/2333 1206/3294/2333
f 1586/2295/2334 2386/3296/2334 1809/3295/2334
f 577/3297/2335 1885/3298/2335 343/196/2335
f 168/184/2336 588/1683/2336 1379/1540/2336
f 1173/1185/2337 1174/1186/2337 980/2124/2337
f 1901/3152/2338 739/128/2338 412/2227/2338
f 439/1028/2339 1559/2116/2339 406/3299/2339
f 1658/2757/2340 541/2281/2340 540/2282/2340
f 254/299/2341 255/300/2341 549/353/2341
f 2051/720/2342 1851/2300/2342 1084/3300/2342
f 331/387/2343 917/977/2343 403/386/2343
f 403/63/2344 917/3301/2344 1818/480/2344
f 2275/238/2345 1272/3303/2345 128/3302/2345
f 339/1804/2346 1488/1805/2346 1487/3304/2346
f 1486/2108/2347 1137/3305/2347 1645/2507/2347
f 1597/1560/2348 905/3306/2348 1433/1423/2348
f 1956/3060/2349 552/1761/2349 335/1760/2349
f 1806/1024/2350 973/1025/2350 188/2721/2350
f 108/871/2351 632/3307/2351 200/230/2351
f 2257/627/2352 632/1768/2352 108/3154/2352
f 200/230/2353 632/3307/2353 1281/1274/2353
f 632/1768/2354 633/705/2354 1281/2287/2354
f 1712/3308/2355 1853/2603/2355 2245/1250/2355
f 531/604/2356 1353/3309/2356 1756/603/2356
f 1247/2530/2357 2469/2528/2357 2106/3014/2357
f 1878/2405/2358 704/3218/2358 640/2715/2358
f 1565/1531/2359 596/669/2359 351/1616/2359
f 1834/3310/2360 2223/2556/2360 132/1920/2360
f 592/2067/2361 2132/3311/2361 2136/2148/2361
f 2189/3312/2362 2271/2236/2362 485/3056/2362
f 707/137/2363 1510/138/2363 1894/2472/2363
f 754/957/2364 1961/3254/2364 2276/833/2364
f 2009/260/2365 912/1995/2365 1599/92/2365
f 912/2080/2366 1855/2078/2366 1599/84/2366
f 1802/2656/2367 930/999/2367 1369/2836/2367
f 931/181/2368 1369/2836/2368 930/999/2368
f 1263/400/2369 2317/3066/2369 2118/402/2369
f 2306/2404/2370 1022/2390/2370 2447/2403/2370
f 2455/3313/2371 1038/3314/2371 1189/3181/2371
f 841/897/2372 2210/2216/2372 2280/1833/2372
f 1085/2298/2373 2497/3315/2373 120/2297/2373
f 2497/721/2374 1085/2299/2374 2051/720/2374
f 1349/3316/2375 2073/2541/2375 2384/2542/2375
f 1601/1154/2376 972/1021/2376 1429/1020/2376
f 1847/3317/2377 44/2518/2377 843/1617/2377
f 719/1525/2378 345/2704/2378 720/1524/2378
f 1235/1844/2379 855/89/2379 1637/2915/2379
f 1450/2361/2380 36/3020/2380 627/3318/2380
f 2231/107/2381 693/2161/2381 2459/2867/2381
f 463/3319/2382 1550/3320/2382 1053/1972/2382
f 1500/3321/2383 573/2388/2383 2169/295/2383
f 573/2388/2384 253/297/2384 2169/295/2384
f 1157/1974/2385 1158/1975/2385 263/2408/2385
f 2065/1314/2386 1157/1974/2386 263/2408/2386
f 1754/2887/2387 1755/499/2387 1426/3131/2387
f 1341/394/2388 340/395/2388 1791/1718/2388
f 480/2545/2389 808/3323/2389 2043/3322/2389
f 170/186/2390 1991/3262/2390 730/3324/2390
f 182/3325/2391 2246/2284/2391 1962/3326/2391
f 1594/3327/2392 1426/3131/2392 1427/2823/2392
f 2454/2062/2393 1426/3131/2393 1594/3327/2393
f 1249/2550/2394 696/2551/2394 1250/3328/2394
f 38/1568/2395 1610/682/2395 314/683/2395
f 1035/1059/2396 2206/3329/2396 2111/2160/2396
f 1034/2582/2397 1225/665/2397 1561/3077/2397
f 657/723/2398 1004/632/2398 565/633/2398
f 476/2096/2399 1250/3328/2399 477/1557/2399
f 1145/1158/2400 933/1002/2400 1144/634/2400
f 808/3323/2401 809/2676/2401 2042/3330/2401
f 1617/2965/2402 1834/3310/2402 1868/2964/2402
f 595/2370/2403 879/926/2403 376/2272/2403
f 749/2891/2404 16/32/2404 1139/3331/2404
f 2281/3332/2405 1407/2473/2405 985/2471/2405
f 1460/3333/2406 1464/2617/2406 1966/1910/2406
f 2141/3334/2407 620/3336/2407 673/3335/2407
f 570/3337/2408 571/2865/2408 893/2864/2408
f 1734/3338/2409 63/2667/2409 1413/2594/2409
f 747/810/2410 1233/2674/2410 893/2864/2410
f 1381/1377/2411 1329/2278/2411 1380/1376/2411
f 2238/2302/2412 953/1979/2412 2250/1006/2412
f 1634/3246/2413 2367/1585/2413 327/2254/2413
f 1007/3339/2414 1608/1565/2414 1020/2484/2414
f 1323/3340/2415 1101/3341/2415 2298/151/2415
f 1437/3342/2416 1296/2441/2416 79/93/2416
f 180/3343/2417 991/868/2417 1750/2572/2417
f 1946/468/2418 1036/3116/2418 390/467/2418
f 1327/1554/2419 2472/1552/2419 1152/1163/2419
f 2316/2406/2420 1726/1479/2420 1203/2833/2420
f 1411/3344/2421 1907/2564/2421 2180/1481/2421
f 1411/3344/2422 1410/1765/2422 1907/2564/2422
f 806/2871/2423 2258/1414/2423 395/2516/2423
f 101/117/2424 1821/1183/2424 1822/3345/2424
f 741/391/2425 1095/1096/2425 337/393/2425
f 1095/1096/2426 741/391/2426 1901/2532/2426
f 312/3221/2427 1791/1718/2427 2365/3222/2427
f 2416/3093/2428 847/1850/2428 8/2688/2428
f 2416/3093/2429 8/2688/2429 1551/3346/2429
f 1019/3347/2430 1785/3349/2430 1018/3348/2430
f 2361/1712/2431 1785/3349/2431 1019/3347/2431
f 2183/3350/2432 911/3352/2432 253/3351/2432
f 1038/3314/2433 607/678/2433 2325/679/2433
f 1794/1722/2434 2101/1723/2434 1792/1729/2434
f 1396/1847/2435 888/1395/2435 429/331/2435
f 792/3353/2436 709/1487/2436 1131/1488/2436
f 1046/1068/2437 1047/1069/2437 1583/2763/2437
f 963/580/2438 1292/3354/2438 319/3274/2438
f 1567/2493/2439 1261/1901/2439 1786/1714/2439
f 623/3355/2440 1691/3357/2440 1133/3356/2440
f 959/2635/2441 2008/3358/2441 961/1013/2441
f 1024/2908/2442 326/2566/2442 1023/2565/2442
f 467/3359/2443 538/2079/2443 912/2080/2443
f 1206/3294/2444 1661/1613/2444 1664/1612/2444
f 1206/3360/2445 427/171/2445 2048/2262/2445
f 968/3009/2446 1510/138/2446 1300/3016/2446
f 2439/975/2447 1915/496/2447 422/494/2447
f 1668/3361/2448 766/1514/2448 166/2296/2448
f 1483/2118/2449 944/2399/2449 41/1889/2449
f 1515/3151/2450 664/279/2450 1516/2626/2450
f 1074/1083/2451 2185/2778/2451 1014/2624/2451
f 1074/1083/2452 1014/2624/2452 2163/1475/2452
f 2284/198/2453 1722/1659/2453 915/2682/2453
f 2474/1319/2454 360/430/2454 2472/541/2454
f 2449/2794/2455 1809/3362/2455 2386/2793/2455
f 1701/3047/2456 1699/48/2456 1784/1713/2456
f 943/3267/2457 1699/48/2457 1701/3047/2457
f 1160/3251/2458 577/3297/2458 343/196/2458
f 765/429/2459 2398/3363/2459 2470/374/2459
f 865/2104/2460 2082/1808/2460 2083/2074/2460
f 1271/2718/2461 118/1227/2461 733/1278/2461
f 821/1778/2462 856/2577/2462 1068/1370/2462
f 2309/3025/2463 1683/3293/2463 2002/3364/2463
f 956/1091/2464 2234/2265/2464 957/1090/2464
f 2235/895/2465 2236/3365/2465 2182/894/2465
f 1449/3097/2466 838/3366/2466 1448/3099/2466
f 811/1688/2467 2336/475/2467 1689/3243/2467
f 568/637/2468 180/209/2468 645/3367/2468
f 873/3368/2469 2283/3369/2469 1958/1888/2469
f 192/566/2470 1782/1704/2470 1835/1705/2470
f 1477/1471/2471 133/167/2471 1476/1470/2471
f 138/2499/2472 1688/1107/2472 1987/3370/2472
f 875/2696/2473 2160/1209/2473 2129/2695/2473
f 2152/3371/2474 265/1502/2474 36/699/2474
f 1867/3372/2475 1748/2738/2475 1902/2736/2475
f 1773/3373/2476 2069/1871/2476 1628/2983/2476
f 1000/1041/2477 1219/1948/2477 1670/1040/2477
f 381/3374/2478 2069/1871/2478 1773/3373/2478
f 381/3374/2479 1946/1870/2479 2069/1871/2479
f 2498/915/2480 434/1798/2480 435/917/2480
f 434/3375/2481 1685/1635/2481 435/502/2481
f 1008/2482/2482 1384/2483/2482 1228/3280/2482
f 2367/2496/2483 2349/2475/2483 328/384/2483
f 1171/3197/2484 2273/1181/2484 2019/3231/2484
f 528/601/2485 1717/3376/2485 2145/602/2485
f 412/2227/2486 1507/1491/2486 1901/3152/2486
f 2216/1490/2487 1507/1491/2487 412/2227/2487
f 722/2742/2488 1291/3378/2488 723/3377/2488
f 2393/3379/2489 722/2742/2489 723/3377/2489
f 2009/260/2490 1296/2441/2490 859/1399/2490
f 234/275/2491 105/276/2491 757/806/2491
f 2371/2508/2492 1348/3381/2492 2464/3380/2492
f 921/3382/2493 515/2021/2493 368/819/2493
f 788/360/2494 2484/3383/2494 877/105/2494
f 187/1346/2495 903/3384/2495 426/1823/2495
f 1700/49/2496 1785/3349/2496 2361/1712/2496
f 2357/2693/2497 1961/2691/2497 1484/2596/2497
f 1171/3197/2498 1682/3385/2498 1519/3179/2498
f 449/515/2499 2469/2528/2499 448/514/2499
f 1100/3386/2500 21/18/2500 377/2854/2500
f 1931/3019/2501 2141/3334/2501 674/3282/2501
f 2141/3334/2502 673/3335/2502 674/3282/2502
f 780/2831/2503 1684/3387/2503 1603/2560/2503
f 780/2831/2504 436/3388/2504 1684/3387/2504
f 1706/2490/2505 2424/985/2505 2404/2259/2505
f 4/3121/2506 1999/3122/2506 789/854/2506
f 1269/794/2507 1270/3389/2507 2413/2330/2507
f 1985/1719/2508 2011/1720/2508 784/3390/2508
f 2040/1999/2509 91/2159/2509 1492/2554/2509
f 1043/3391/2510 2123/578/2510 513/579/2510
f 1127/1133/2511 2049/3392/2511 604/1132/2511
f 696/2551/2512 398/3393/2512 2165/1991/2512
f 1076/3223/2513 1578/1404/2513 1680/1402/2513
f 1036/3116/2514 1920/464/2514 1921/3394/2514
f 850/379/2515 1333/2463/2515 338/2088/2515
f 1562/3395/2516 2053/2024/2516 82/99/2516
f 771/837/2517 284/993/2517 1354/995/2517
f 369/3396/2518 103/2698/2518 1971/3397/2518
f 103/201/2519 175/202/2519 1971/2690/2519
f 1575/3398/2520 1210/2830/2520 1735/2383/2520
f 1097/309/2521 282/2784/2521 901/1759/2521
f 115/3399/2522 2135/3159/2522 1353/3400/2522
f 1622/1581/2523 1621/1579/2523 2335/3401/2523
f 2027/2858/2524 1084/3402/2524 2125/2136/2524
f 1412/2906/2525 1995/1648/2525 1024/2908/2525
f 684/761/2526 2029/3403/2526 289/763/2526
f 1140/1153/2527 1836/447/2527 1732/445/2527
f 1040/2633/2528 2442/3404/2528 384/663/2528
f 384/663/2529 2442/3404/2529 546/662/2529
f 2370/1987/2530 711/2563/2530 712/3028/2530
f 914/3405/2531 447/140/2531 1236/3406/2531
f 1001/584/2532 447/140/2532 914/3405/2532
f 1384/2483/2533 1415/2678/2533 1795/1048/2533
f 2494/2359/2534 688/2360/2534 393/3120/2534
f 23/3206/2535 898/3407/2535 1186/3208/2535
f 1186/1667/2536 898/954/2536 371/955/2536
f 1376/433/2537 362/382/2537 2150/3408/2537
f 2150/3409/2538 1231/1872/2538 1376/3410/2538
f 1554/2209/2539 836/1165/2539 122/2279/2539
f 1865/154/2540 1560/2152/2540 1245/3411/2540
f 335/1760/2541 2168/2237/2541 1956/3060/2541
f 2328/292/2542 1907/2564/2542 1410/1765/2542
f 2480/1636/2543 2038/2951/2543 935/2446/2543
f 997/1815/2544 1876/2488/2544 2314/3195/2544
f 1252/2257/2545 2393/3379/2545 512/577/2545
f 137/2608/2546 1360/25/2546 1361/1897/2546
f 2278/2256/2547 1252/2257/2547 510/575/2547
f 1252/2257/2548 512/577/2548 510/575/2548
f 1080/3412/2549 1884/2669/2549 63/2667/2549
f 1279/3413/2550 2311/2620/2550 465/2619/2550
f 1349/2058/2551 1932/2059/2551 2073/3414/2551
f 1308/1300/2552 968/3009/2552 1300/3016/2552
f 1308/1300/2553 1977/3415/2553 968/3009/2553
f 1487/3304/2554 1485/3416/2554 339/1804/2554
f 1688/1107/2555 1105/1108/2555 1549/1106/2555
f 1105/1108/2556 259/310/2556 1549/1106/2556
f 605/1046/2557 1314/1625/2557 604/2389/2557
f 793/3417/2558 1241/3419/2558 794/3418/2558
f 1717/3420/2559 2333/450/2559 750/2429/2559
f 2453/1231/2560 546/2827/2560 2297/3421/2560
f 402/2848/2561 1201/1676/2561 2340/2106/2561
f 102/3049/2562 1657/2048/2562 833/2031/2562
f 979/1796/2563 1871/2991/2563 1870/1795/2563
f 1103/2592/2564 623/2593/2564 709/3422/2564
f 1474/2459/2565 2485/3423/2565 1477/1471/2565
f 2158/2313/2566 653/719/2566 2051/720/2566
f 1699/48/2567 1700/49/2567 1784/1713/2567
f 2479/3424/2568 1398/262/2568 1912/1398/2568
f 1408/1766/2569 11/1764/2569 566/3425/2569
f 567/3024/2570 566/3425/2570 11/1764/2570
f 523/142/2571 110/3426/2571 1347/1269/2571
f 319/3274/2572 1471/121/2572 706/2963/2572
f 739/128/2573 1805/3427/2573 2196/127/2573
f 1697/3428/2574 1693/3138/2574 1696/1160/2574
f 1461/3429/2575 2490/3431/2575 1462/3430/2575
f 215/1571/2576 473/3148/2576 1390/536/2576
f 116/2595/2577 1182/3432/2577 2333/450/2577
f 786/3433/2578 459/3434/2578 787/2334/2578
f 1522/1315/2579 1523/1908/2579 2434/1906/2579
f 955/693/2580 615/3094/2580 1943/1860/2580
f 60/68/2581 61/69/2581 2239/3435/2581
f 1650/1600/2582 810/2497/2582 1175/2500/2582
f 614/3436/2583 1457/1458/2583 624/1456/2583
f 2119/3437/2584 942/2901/2584 1428/1060/2584
f 1421/2513/2585 902/1016/2585 1770/834/2585
f 127/3438/2586 2035/3439/2586 2036/2352/2586
f 2460/2883/2587 1998/2618/2587 197/804/2587
f 2460/3440/2588 1999/3442/2588 1998/3441/2588
f 1837/2290/2589 655/1099/2589 1620/2292/2589
f 586/3443/2590 2495/3444/2590 1723/2843/2590
f 586/3443/2591 1723/2843/2591 2380/3445/2591
f 2193/2465/2592 344/3446/2592 1885/1807/2592
f 1883/3447/2593 714/3448/2593 1884/2669/2593
f 1078/2796/2594 814/1985/2594 2259/2326/2594
f 1277/3449/2595 1048/1070/2595 1046/1068/2595
f 2291/534/2596 496/2185/2596 1390/536/2596
f 15/3450/2597 1049/3451/2597 620/3336/2597
f 2320/1100/2598 1591/1582/2598 655/1099/2598
f 921/2425/2599 1828/3452/2599 417/1172/2599
f 2125/2136/2600 1845/3453/2600 2066/2138/2600
f 725/3189/2601 778/2832/2601 779/2558/2601
f 908/2862/2602 654/2342/2602 907/2343/2602
f 113/2870/2603 140/2008/2603 1520/2872/2603
f 1969/649/2604 1245/3454/2604 1560/2654/2604
f 1245/3454/2605 1969/649/2605 1744/3455/2605
f 1370/869/2606 926/1366/2606 1636/2727/2606
f 399/477/2607 1882/1080/2607 400/479/2607
f 1673/2907/2608 1024/2908/2608 876/3456/2608
f 1559/3457/2609 1061/2976/2609 207/2553/2609
f 1418/2607/2610 1763/2494/2610 1568/1821/2610
f 2126/212/2611 183/213/2611 862/3458/2611
f 1295/538/2612 351/1616/2612 1976/1917/2612
f 426/1823/2613 186/1345/2613 187/1346/2613
f 2119/3437/2614 2041/1061/2614 1021/1998/2614
f 2393/3379/2615 723/3377/2615 2123/3089/2615
f 512/577/2616 2393/3379/2616 2123/3089/2616
f 768/2713/2617 769/3460/2617 372/3459/2617
f 1066/2729/2618 768/2713/2618 372/3459/2618
f 1506/3461/2619 2495/3463/2619 1722/3462/2619
f 1261/1901/2620 1262/1506/2620 2436/1447/2620
f 1218/2927/2621 447/140/2621 1001/584/2621
f 401/3203/2622 2383/2841/2622 887/3202/2622
f 1312/2905/2623 401/3203/2623 860/2904/2623
f 787/2334/2624 460/1199/2624 1351/2336/2624
f 1816/221/2625 781/1505/2625 19/220/2625
f 781/1396/2626 2243/845/2626 19/843/2626
f 2451/2935/2627 1113/2719/2627 1114/3464/2627
f 2104/3272/2628 1597/1560/2628 2297/2447/2628
f 2201/2683/2629 168/184/2629 915/2682/2629
f 243/2130/2630 244/1794/2630 2178/2207/2630
f 1663/2591/2631 1511/830/2631 5/1741/2631
f 1030/681/2632 1352/2233/2632 1826/684/2632
f 216/250/2633 1614/248/2633 1613/3465/2633
f 1799/2568/2634 1399/2156/2634 761/1865/2634
f 2085/2077/2635 1233/2674/2635 747/810/2635
f 2105/435/2636 1386/2514/2636 366/159/2636
f 1321/1114/2637 2252/1690/2637 1888/1312/2637
f 2373/1118/2638 2370/1987/2638 1686/1117/2638
f 590/2584/2639 1267/2974/2639 2170/3466/2639
f 333/1343/2640 1350/1344/2640 334/2878/2640
f 431/2450/2641 746/2449/2641 672/3467/2641
f 777/2659/2642 2207/960/2642 2110/3468/2642
f 663/773/2643 694/775/2643 693/772/2643
f 356/2641/2644 809/2676/2644 808/3323/2644
f 480/2545/2645 356/2641/2645 808/3323/2645
f 128/3469/2646 1272/3470/2646 639/3198/2646
f 553/179/2647 402/2848/2647 1766/1260/2647
f 372/3459/2648 769/3460/2648 1557/135/2648
f 758/1393/2649 86/1042/2649 516/585/2649
f 1435/3471/2650 2325/679/2650 1980/3472/2650
f 1468/900/2651 844/901/2651 1847/3317/2651
f 1228/3280/2652 1795/1048/2652 605/1046/2652
f 1384/2483/2653 717/2586/2653 1415/2678/2653
f 421/1739/2654 1115/827/2654 2330/1877/2654
f 98/3473/2655 234/1136/2655 983/3474/2655
f 213/2759/2656 1926/1980/2656 2079/3475/2656
f 1839/3476/2657 1840/3100/2657 2488/3477/2657
f 717/2586/2658 715/2369/2658 1415/2678/2658
f 1813/2980/2659 2233/2025/2659 1522/1315/2659
f 2233/2025/2660 1523/1908/2660 1522/1315/2660
f 2014/823/2661 359/3183/2661 1405/3478/2661
f 1268/2975/2662 2471/2585/2662 2039/405/2662
f 1966/1910/2663 937/2613/2663 1460/3333/2663
f 2291/534/2664 663/773/2664 1938/1852/2664
f 653/717/2665 2158/2174/2665 120/716/2665
f 362/382/2666 1531/1509/2666 1503/381/2666
f 1303/912/2667 1304/2264/2667 756/2703/2667
f 1527/3080/2668 115/3399/2668 1353/3400/2668
f 1109/418/2669 2369/419/2669 1482/348/2669
f 630/2788/2670 1861/2789/2670 954/3095/2670
f 2461/8/2671 722/2742/2671 2393/3379/2671
f 660/3479/2672 1468/900/2672 398/2384/2672
f 1198/3480/2673 2177/307/2673 1196/2660/2673
f 1197/3481/2674 1198/3480/2674 1196/2660/2674
f 1443/1647/2675 1442/2962/2675 805/2398/2675
f 1119/3278/2676 1026/3482/2676 1907/2564/2676
f 1443/1647/2677 805/2398/2677 1125/1646/2677
f 1762/2947/2678 398/3393/2678 696/2551/2678
f 586/3443/2679 2201/3484/2679 585/3483/2679
f 899/1098/2680 1097/309/2680 900/1758/2680
f 1097/309/2681 901/1759/2681 900/1758/2681
f 2249/1448/2682 120/2297/2682 1786/1714/2682
f 2201/2683/2683 2420/3485/2683 168/184/2683
f 89/106/2684 18/12/2684 1193/108/2684
f 1601/1154/2685 1429/1020/2685 1140/1153/2685
f 1714/2631/2686 1778/1049/2686 1148/3486/2686
f 1148/3486/2687 1778/1049/2687 1147/3487/2687
f 598/573/2688 1657/574/2688 1006/1606/2688
f 598/953/2689 1006/1810/2689 2264/3488/2689
f 1440/50/2690 1044/3489/2690 1010/2322/2690
f 679/1817/2691 680/1084/2691 1887/1085/2691
f 569/811/2692 748/812/2692 1860/267/2692
f 707/137/2693 1894/2472/2693 1407/2473/2693
f 1799/2568/2694 761/1865/2694 385/1864/2694
f 748/812/2695 893/2864/2695 1342/2815/2695
f 514/582/2696 1166/1173/2696 361/943/2696
f 356/2641/2697 890/2677/2697 809/2676/2697
f 372/3459/2698 1557/135/2698 1547/133/2698
f 1710/857/2699 1509/1650/2699 796/56/2699
f 1746/660/2700 592/2067/2700 591/2065/2700
f 1490/3490/2701 839/659/2701 1746/660/2701
f 267/3491/2702 1923/3161/2702 603/3162/2702
f 891/3492/2703 267/3491/2703 603/3162/2703
f 1550/3320/2704 1933/2970/2704 280/2828/2704
f 2176/2873/2705 1545/3239/2705 1459/2868/2705
f 2104/3493/2706 2297/3421/2706 1598/2959/2706
f 2304/3494/2707 2303/769/2707 493/767/2707
f 1092/3143/2708 1799/2568/2708 385/1864/2708
f 1565/1531/2709 2483/668/2709 596/669/2709
f 673/3335/2710 1671/1923/2710 1672/1921/2710
f 674/3282/2711 673/3335/2711 1672/1921/2711
f 565/3495/2712 1709/2894/2712 657/3496/2712
f 88/1238/2713 1438/1429/2713 354/3497/2713
f 804/3498/2714 1228/3280/2714 573/2388/2714
f 793/3417/2715 794/3418/2715 1198/1201/2715
f 247/287/2716 1672/1921/2716 621/1922/2716
f 2337/2444/2717 565/3495/2717 1737/2070/2717
f 673/3335/2718 1583/2763/2718 1671/1923/2718
f 1619/1577/2719 2296/234/2719 2387/3499/2719
f 354/1428/2720 2043/3322/2720 755/2700/2720
f 1549/1106/2721 260/311/2721 1916/2649/2721
f 264/3500/2722 1306/2381/2722 2209/644/2722
f 1723/2843/2723 1506/3501/2723 2457/2844/2723
f 1817/1624/2724 1818/480/2724 2087/3502/2724
f 637/2735/2725 735/1263/2725 1273/3503/2725
f 1020/2484/2726 117/1773/2726 1384/2483/2726
f 901/1759/2727 1931/3019/2727 248/288/2727
f 222/2787/2728 223/2076/2728 1861/2789/2728
f 1511/830/2729 765/829/2729 1801/1740/2729
f 29/1455/2730 116/2595/2730 2333/450/2730
f 979/1796/2731 1867/3372/2731 1871/2991/2731
f 223/2076/2732 747/810/2732 569/811/2732
f 549/2820/2733 255/1327/2733 874/2151/2733
f 1976/1917/2734 1422/2512/2734 2137/2253/2734
f 1072/2813/2735 882/2814/2735 660/3479/2735
f 1233/2674/2736 1232/2675/2736 570/3337/2736
f 2329/3006/2737 2478/2095/2737 845/2093/2737
f 411/2825/2738 2216/1490/2738 870/2939/2738
f 1471/121/2739 106/122/2739 1501/3504/2739
f 1080/3412/2740 268/2845/2740 1883/3447/2740
f 1360/25/2741 1841/26/2741 1625/1772/2741
f 913/1696/2742 1898/2235/2742 1760/1695/2742
f 1929/3086/2743 1736/2909/2743 1057/3505/2743
f 1669/3506/2744 1929/3086/2744 1057/3505/2744
f 1132/3144/2745 2141/3334/2745 1931/3019/2745
f 1132/3144/2746 283/3507/2746 2141/3334/2746
f 1196/2660/2747 497/2661/2747 2320/1100/2747
f 1344/2717/2748 479/2544/2748 1277/2655/2748
f 107/3508/2749 1405/3478/2749 1833/3509/2749
f 2468/2923/2750 1541/3510/2750 940/2338/2750
f 1311/3511/2751 1800/3111/2751 1316/3512/2751
f 2091/1601/2752 1800/3111/2752 1311/3511/2752
f 2301/44/2753 186/1345/2753 177/1391/2753
f 1895/3513/2754 1392/1390/2754 426/1823/2754
f 513/579/2755 705/785/2755 1994/783/2755
f 981/164/2756 2375/165/2756 1401/786/2756
f 1583/2763/2757 1164/2495/2757 1582/2032/2757
f 866/2103/2758 1703/3514/2758 1052/2102/2758
f 332/3515/2759 31/35/2759 1015/1044/2759
f 1052/3516/2760 1703/1202/2760 1199/1203/2760
f 1344/2717/2761 355/2640/2761 479/2544/2761
f 1275/2082/2762 373/1965/2762 1276/1868/2762
f 378/3517/2763 1473/1826/2763 379/1469/2763
f 1413/2594/2764 63/2667/2764 478/3518/2764
f 1691/3357/2765 1049/3451/2765 15/3450/2765
f 359/3519/2766 609/1564/2766 1009/2424/2766
f 826/2291/2767 161/3520/2767 654/2342/2767
f 423/495/2768 1915/496/2768 1517/2261/2768
f 1413/2594/2769 478/3518/2769 1691/3521/2769
f 382/466/2770 390/467/2770 1533/3522/2770
f 1527/3080/2771 530/2356/2771 2035/2357/2771
f 1527/3080/2772 531/3523/2772 530/2356/2772
f 1418/2607/2773 1419/3124/2773 1763/2494/2773
f 1941/1857/2774 2489/1880/2774 612/687/2774
f 1357/1746/2775 1809/3010/2775 2449/3524/2775
f 1357/1354/2776 2449/1512/2776 49/1353/2776
f 1217/3275/2777 523/142/2777 447/140/2777
f 2289/2523/2778 1576/2426/2778 2423/3525/2778
f 434/3375/2779 928/3526/2779 1685/1635/2779
f 805/2398/2780 252/296/2780 1064/1899/2780
f 1783/2455/2781 1782/1707/2781 2146/3527/2781
f 1345/3528/2782 662/731/2782 1513/2716/2782
f 1759/3141/2783 1091/1692/2783 848/2611/2783
f 962/3212/2784 1770/834/2784 1264/2155/2784
f 2247/157/2785 1147/2662/2785 59/3529/2785
f 1735/2383/2786 2277/2365/2786 631/2157/2786
f 237/2805/2787 543/2567/2787 1092/3143/2787
f 1383/3132/2788 721/46/2788 47/47/2788
f 2429/944/2789 595/2370/2789 46/2912/2789
f 1307/3530/2790 1792/1729/2790 1570/2767/2790
f 1308/1300/2791 1792/3531/2791 1307/1299/2791
f 996/1813/2792 540/2282/2792 997/1815/2792
f 301/1392/2793 2121/1529/2793 758/1393/2793
f 1965/3532/2794 1604/588/2794 1386/1381/2794
f 1586/2295/2795 1666/4/2795 1585/2247/2795
f 1339/1881/2796 210/1894/2796 956/1883/2796
f 972/1021/2797 1601/1154/2797 1600/1255/2797
f 1414/3167/2798 1734/3338/2798 1413/2594/2798
f 1103/2592/2799 1414/3167/2799 1413/2594/2799
f 902/1016/2800 596/669/2800 1769/956/2800
f 1417/2498/2801 138/2499/2801 498/2838/2801
f 1185/3205/2802 293/1951/2802 918/22/2802
f 1186/3533/2803 293/3535/2803 1185/3534/2803
f 2249/2301/2804 1444/3536/2804 1445/3114/2804
f 230/270/2805 562/2526/2805 563/2527/2805
f 1898/1828/2806 913/3537/2806 1897/1827/2806
f 353/3538/2807 1897/3540/2807 913/3539/2807
f 1117/1116/2808 1320/2206/2808 535/615/2808
f 2404/2259/2809 2364/1628/2809 1706/2490/2809
f 258/306/2810 2181/304/2810 1819/1373/2810
f 1088/2764/2811 2130/3542/2811 136/3541/2811
f 1088/2764/2812 136/3541/2812 1805/3427/2812
f 2157/2312/2813 74/2400/2813 2159/2311/2813
f 2465/3018/2814 1300/3016/2814 125/139/2814
f 221/3140/2815 1232/2675/2815 894/2673/2815
f 295/344/2816 2003/345/2816 1952/1311/2816
f 355/2640/2817 889/1866/2817 356/2641/2817
f 566/2486/2818 721/46/2818 1408/789/2818
f 1963/211/2819 1262/1506/2819 1261/1901/2819
f 2359/756/2820 2360/488/2820 1368/755/2820
f 2489/2057/2821 1941/697/2821 614/690/2821
f 1806/1024/2822 2451/2935/2822 2452/916/2822
f 1548/927/2823 66/3001/2823 1686/1117/2823
f 1833/3543/2824 1009/2424/2824 610/685/2824
f 2268/15/2825 1815/613/2825 1733/611/2825
f 120/2297/2826 1765/1699/2826 1764/1697/2826
f 1775/1489/2827 283/3507/2827 1132/3144/2827
f 1131/1488/2828 1775/1489/2828 1132/3144/2828
f 1371/3544/2829 1372/3545/2829 1587/2714/2829
f 424/147/2830 2443/2186/2830 1055/1071/2830
f 1421/2513/2831 2391/3211/2831 1422/2512/2831
f 1187/1190/2832 1469/3546/2832 1939/2504/2832
f 728/1578/2833 202/233/2833 2296/234/2833
f 1834/3310/2834 501/3547/2834 1868/2964/2834
f 2209/3548/2835 1493/3549/2835 906/961/2835
f 2010/1725/2836 293/1951/2836 1793/1727/2836
f 1105/1108/2837 679/1817/2837 259/310/2837
f 1669/3506/2838 1825/3085/2838 1929/3086/2838
f 1983/1787/2839 1518/1788/2839 1122/3550/2839
f 1558/3257/2840 1249/2550/2840 476/2096/2840
f 42/2214/2841 41/1889/2841 944/2399/2841
f 63/2667/2842 1345/2668/2842 1344/3551/2842
f 1198/3480/2843 794/3552/2843 2177/307/2843
f 407/329/2844 1396/1847/2844 429/331/2844
f 1889/2707/2845 1890/161/2845 1534/2706/2845
f 2266/2340/2846 576/2886/2846 2467/1170/2846
f 678/1086/2847 268/2845/2847 1102/3553/2847
f 1887/1085/2848 678/1086/2848 1102/3553/2848
f 1744/3455/2849 576/2886/2849 129/3554/2849
f 1744/3455/2850 2467/1170/2850 576/2886/2850
f 2204/2418/2851 1083/1929/2851 2205/1930/2851
f 2056/3036/2852 835/1441/2852 651/1442/2852
f 650/3555/2853 579/3556/2853 580/163/2853
f 752/1933/2854 1062/3557/2854 911/1935/2854
f 823/3558/2855 2329/3006/2855 824/3559/2855
f 1906/1053/2856 1382/2269/2856 1905/1834/2856
f 391/1415/2857 635/707/2857 1423/2733/2857
f 2238/2302/2858 404/2303/2858 405/3081/2858
f 2133/2415/2859 1900/2416/2859 1580/1785/2859
f 1241/3560/2860 1918/1840/2860 2177/307/2860
f 794/3552/2861 1241/3560/2861 2177/307/2861
f 1958/1888/2862 2283/3369/2862 1621/1579/2862
f 2049/3561/2863 2184/3563/2863 604/3562/2863
f 993/443/2864 2231/107/2864 2459/2867/2864
f 2432/2724/2865 1985/485/2865 1282/3172/2865
f 1209/1262/2866 735/1263/2866 637/2735/2866
f 1423/2733/2867 1209/1262/2867 637/2735/2867
f 2204/2418/2868 659/1493/2868 1083/1929/2868
f 659/1493/2869 1514/1494/2869 1083/1929/2869
f 1141/1749/2870 337/2347/2870 1142/1783/2870
f 1059/2085/2871 1058/1887/2871 871/1802/2871
f 807/2027/2872 321/2728/2872 2227/1440/2872
f 1707/1843/2873 1878/2405/2873 1708/125/2873
f 143/726/2874 1238/2802/2874 2137/2149/2874
f 123/3038/2875 312/373/2875 2491/561/2875
f 819/873/2876 1892/1941/2876 1773/3373/2876
f 511/576/2877 2123/3089/2877 1043/3564/2877
f 723/3377/2878 963/3565/2878 2123/3089/2878
f 2225/3037/2879 1871/2991/2879 1867/3372/2879
f 1431/3566/2880 1430/2753/2880 26/28/2880
f 1139/3567/2881 1255/1253/2881 2167/1152/2881
f 1919/446/2882 1139/3567/2882 2167/1152/2882
f 2056/3036/2883 651/1442/2883 24/27/2883
f 804/3498/2884 1008/2482/2884 1228/3280/2884
f 2072/2587/2885 1050/323/2885 861/909/2885
f 769/3460/2886 1558/3257/2886 1557/135/2886
f 107/3568/2887 1833/3543/2887 610/685/2887
f 573/2388/2888 605/1046/2888 604/2389/2888
f 1852/3279/2889 391/1415/2889 680/1084/2889
f 2076/939/2890 885/940/2890 1116/1480/2890
f 616/692/2891 630/2788/2891 617/694/2891
f 784/3390/2892 1227/2092/2892 1271/2718/2892
f 1527/3080/2893 2126/212/2893 862/3458/2893
f 2155/2561/2894 2415/1014/2894 960/1012/2894
f 2261/1637/2895 1181/1638/2895 2175/3087/2895
f 308/3569/2896 1640/3570/2896 1639/3270/2896
f 2356/2875/2897 1930/1438/2897 272/2004/2897
f 2336/475/2898 2213/476/2898 1105/1108/2898
f 922/1317/2899 514/582/2899 1204/583/2899
f 572/82/2900 661/3571/2900 275/2826/2900
f 2213/476/2901 679/1817/2901 1105/1108/2901
f 752/1933/2902 324/2928/2902 2307/2932/2902
f 806/2871/2903 2233/2025/2903 1813/2980/2903
f 1292/3354/2904 107/3568/2904 319/3274/2904
f 1484/2596/2905 148/1589/2905 527/600/2905
f 2192/2377/2906 661/3571/2906 572/82/2906
f 672/1336/2907 430/3572/2907 1856/1335/2907
f 1882/1267/2908 1274/1853/2908 1751/3573/2908
f 736/1264/2909 2434/1906/2909 737/1896/2909
f 301/357/2910 487/3574/2910 302/359/2910
f 1646/2378/2911 527/600/2911 2145/1588/2911
f 634/3575/2912 2441/289/2912 2084/290/2912
f 70/75/2913 833/2031/2913 69/74/2913
f 206/237/2914 128/3302/2914 1353/3309/2914
f 635/707/2915 636/708/2915 736/1264/2915
f 977/2892/2916 2406/2625/2916 1804/1744/2916
f 503/3245/2917 1742/1674/2917 910/1747/2917
f 896/2469/2918 1991/3262/2918 897/2468/2918
f 2124/3576/2919 663/773/2919 952/3577/2919
f 759/822/2920 107/3508/2920 1292/3578/2920
f 635/707/2921 736/1264/2921 1209/1262/2921
f 699/3579/2922 1210/2830/2922 1575/3398/2922
f 1779/2109/2923 1136/2578/2923 1486/2108/2923
f 720/1524/2924 345/2704/2924 2028/1977/2924
f 1336/883/2925 2183/2599/2925 2184/3563/2925
f 1158/1975/2926 534/1976/2926 1155/2132/2926
f 2326/2420/2927 286/2421/2927 1089/1486/2927
f 1650/1600/2928 1689/3243/2928 810/2497/2928
f 2085/2077/2929 747/810/2929 223/2076/2929
f 1689/3243/2930 1688/1107/2930 810/2497/2930
f 21/18/2931 1323/3026/2931 2065/1314/2931
f 1615/3580/2932 1812/2286/2932 1457/1458/2932
f 471/1073/2933 1593/1556/2933 477/1557/2933
f 224/594/2934 1385/3581/2934 2226/1380/2934
f 2324/1983/2935 1027/1984/2935 1864/2502/2935
f 620/3336/2936 1046/1068/2936 1583/2763/2936
f 1489/914/2937 1299/2917/2937 562/2526/2937
f 1866/3582/2938 726/1662/2938 1862/936/2938
f 1753/1430/2939 2418/285/2939 1571/3112/2939
f 709/1487/2940 623/3355/2940 1775/1489/2940
f 541/2285/2941 1962/3326/2941 2246/2284/2941
f 1740/3022/2942 566/3425/2942 567/3024/2942
f 145/1036/2943 397/1037/2943 396/3583/2943
f 1759/3141/2944 2416/3093/2944 1551/3346/2944
f 2104/3272/2945 1949/3584/2945 624/1559/2945
f 584/656/2946 1702/1641/2946 1632/1642/2946
f 2080/945/2947 1187/1190/2947 1939/2504/2947
f 2080/945/2948 1939/2504/2948 270/45/2948
f 1999/3122/2949 2460/2884/2949 789/854/2949
f 1824/646/2950 1121/2480/2950 1789/1715/2950
f 806/2871/2951 807/2027/2951 2233/2025/2951
f 2265/2474/2952 2199/1652/2952 1491/858/2952
f 2434/1906/2953 137/2608/2953 737/1896/2953
f 2346/3585/2954 1143/2176/2954 81/98/2954
f 2229/2010/2955 140/2008/2955 113/2870/2955
f 1409/1767/2956 520/3175/2956 1309/2658/2956
f 1409/1767/2957 1309/2658/2957 2328/292/2957
f 2100/3586/2958 1183/3041/2958 976/3039/2958
f 976/3039/2959 28/3587/2959 2100/3586/2959
f 581/3588/2960 579/3589/2960 145/1036/2960
f 396/3583/2961 581/3588/2961 145/1036/2961
f 2002/3364/2962 1112/2438/2962 2309/3025/2962
f 869/1907/2963 2056/3036/2963 24/27/2963
f 1148/155/2964 2046/2007/2964 357/412/2964
f 870/2939/2965 357/410/2965 2046/2009/2965
f 1609/1150/2966 827/3590/2966 1895/1670/2966
f 608/286/2967 1647/2885/2967 1031/2232/2967
f 1030/681/2968 608/286/2968 1031/2232/2968
f 2150/607/2969 362/3592/2969 323/3591/2969
f 679/1817/2970 1852/3279/2970 680/1084/2970
f 521/1604/2971 1908/3594/2971 305/3593/2971
f 1433/1423/2972 1434/1421/2972 329/2001/2972
f 358/3595/2973 1379/2573/2973 992/2571/2973
f 2473/1142/2974 431/3596/2974 1134/1145/2974
f 2314/3597/2975 2170/3466/2975 1436/3136/2975
f 2185/2778/2976 1326/2791/2976 1014/2624/2976
f 583/3598/2977 1537/2646/2977 1889/2707/2977
f 2361/3599/2978 1537/2646/2978 583/3598/2978
f 2016/3600/2979 957/1090/2979 2017/2666/2979
f 703/2221/2980 2463/2222/2980 704/3218/2980
f 1348/3381/2981 2371/2508/2981 2269/3601/2981
f 62/73/2982 816/2622/2982 2143/72/2982
f 1217/3275/2983 1032/2029/2983 523/142/2983
f 29/1455/2984 1301/2955/2984 520/3602/2984
f 200/230/2985 2198/870/2985 108/871/2985
f 1816/2806/2986 1335/1324/2986 1332/1329/2986
f 835/1441/2987 1823/2372/2987 651/1442/2987
f 2118/402/2988 1866/2629/2988 1237/401/2988
f 2206/3329/2989 1754/2887/2989 2110/3468/2989
f 1754/2887/2990 2206/3329/2990 1035/1059/2990
f 2365/3222/2991 2075/2310/2991 1005/2308/2991
f 1877/3217/2992 1707/1843/2992 854/2443/2992
f 2309/3025/2993 2487/1072/2993 2347/10/2993
f 1767/1855/2994 999/3603/2994 731/3146/2994
f 732/3604/2995 731/3146/2995 999/3603/2995
f 188/2721/2996 1113/2719/2996 1806/1024/2996
f 106/122/2997 1008/2482/2997 804/3498/2997
f 2453/1231/2998 825/1476/2998 383/1230/2998
f 1121/2480/2999 1648/3605/2999 1650/1600/2999
f 499/555/3000 450/2049/3000 157/556/3000
f 504/2940/3001 1060/3607/3001 1811/3606/3001
f 1741/1675/3002 504/2940/3002 1811/3606/3002
f 683/2562/3003 711/2563/3003 1217/3608/3003
f 818/872/3004 1628/2983/3004 1230/2982/3004
f 1293/1290/3005 1695/2762/3005 1564/1289/3005
f 1689/3243/3006 1650/1600/3006 1648/3605/3006
f 1534/2706/3007 582/3610/3007 2267/3609/3007
f 2171/3240/3008 1534/3611/3008 2267/1940/3008
f 1374/277/3009 2422/278/3009 1819/334/3009
f 749/3612/3010 1919/446/3010 2368/1841/3010
f 672/3467/3011 746/2449/3011 430/2694/3011
f 2134/840/3012 152/841/3012 1900/2416/3012
f 622/2394/3013 353/2392/3013 70/75/3013
f 1139/3331/3014 16/32/3014 1255/1953/3014
f 1631/1584/3015 1702/1641/3015 584/656/3015
f 952/3577/3016 663/773/3016 2344/2739/3016
f 1925/1139/3017 952/3613/3017 2344/1141/3017
f 245/3614/3018 1616/3616/3018 1702/3615/3018
f 2068/2023/3019 778/2832/3019 725/3189/3019
f 328/384/3020 151/3617/3020 150/1513/3020
f 2240/3618/3021 461/3620/3021 1924/3619/3021
f 2260/3210/3022 1530/3209/3022 1936/3621/3022
f 1168/2238/3023 1212/1219/3023 1986/21/3023
f 1472/2458/3024 379/1469/3024 1473/1826/3024
f 755/2700/3025 227/2702/3025 1322/2205/3025
f 213/2759/3026 214/3622/3026 1239/1982/3026
f 1955/1884/3027 1239/1239/3027 214/2436/3027
f 1342/2815/3028 488/2006/3028 43/809/3028
f 702/782/3029 1638/3264/3029 2380/781/3029
f 980/2124/3030 2225/3623/3030 1867/3229/3030
f 1254/1251/3031 2225/3623/3031 980/2124/3031
f 504/702/3032 628/703/3032 1060/622/3032
f 1264/3237/3033 1580/3624/3033 572/91/3033
f 1389/1389/3034 1394/3233/3034 2232/3625/3034
f 1183/3626/3035 975/313/3035 1253/2141/3035
f 146/85/3036 2148/598/3036 147/87/3036
f 146/85/3037 2357/2693/3037 2148/598/3037
f 1813/2980/3038 1522/1315/3038 1814/706/3038
f 2103/3627/3039 1087/3628/3039 1371/3544/3039
f 203/235/3040 1747/3629/3040 2296/234/3040
f 461/3620/3041 786/3433/3041 1924/3619/3041
f 1924/3619/3042 786/3433/3042 787/2334/3042
f 2288/95/3043 1397/96/3043 1560/2654/3043
f 2462/612/3044 1037/1062/3044 156/1063/3044
f 1518/2260/3045 2187/2215/3045 1122/964/3045
f 2383/2841/3046 1817/1624/3046 2088/3250/3046
f 1730/109/3047 96/110/3047 1731/3630/3047
f 696/2551/3048 2165/1991/3048 1250/3328/3048
f 1876/2488/3049 1654/3013/3049 2314/3195/3049
f 2135/3159/3050 115/3399/3050 1563/3631/3050
f 1724/1663/3051 1078/2229/3051 727/2926/3051
f 768/2713/3052 1945/932/3052 769/3460/3052
f 354/1428/3053 1322/2205/3053 1240/1427/3053
f 2494/2359/3054 393/3120/3054 1720/3632/3054
f 835/1441/3055 574/645/3055 1823/2372/3055
f 1017/1045/3056 655/1099/3056 1016/2968/3056
f 1016/2968/3057 655/1099/3057 1837/2290/3057
f 333/1343/3058 334/2878/3058 160/2879/3058
f 611/123/3059 1008/2482/3059 106/122/3059
f 2292/3633/3060 2308/2950/3060 587/3634/3060
f 238/3635/3061 2085/2077/3061 1475/2075/3061
f 1049/3451/3062 1046/1068/3062 620/3336/3062
f 571/2865/3063 1673/3636/3063 488/2006/3063
f 488/2006/3064 1673/3636/3064 876/3004/3064
f 373/1965/3065 1299/2917/3065 1489/914/3065
f 563/2527/3066 1935/1849/3066 564/500/3066
f 326/2566/3067 1106/1898/3067 1107/544/3067
f 334/2876/3068 908/2862/3068 907/2343/3068
f 630/2788/3069 954/3095/3069 617/694/3069
f 2219/2239/3070 681/2191/3070 2168/2237/3070
f 826/2291/3071 724/2936/3071 161/3520/3071
f 1350/2861/3072 908/2862/3072 334/2876/3072
f 251/1047/3073 160/2879/3073 262/1626/3073
f 476/2096/3074 1249/2550/3074 1250/3328/3074
f 1024/2908/3075 1023/2565/3075 876/3456/3075
f 1415/2678/3076 160/2879/3076 251/1047/3076
f 1468/900/3077 1847/3317/3077 1466/459/3077
f 1466/459/3078 1847/3317/3078 843/1617/3078
f 1935/1849/3079 68/1088/3079 564/500/3079
f 564/500/3080 68/1088/3080 250/2270/3080
f 1680/1402/3081 2445/1403/3081 2388/3637/3081
f 1680/1402/3082 2388/3637/3082 1681/3638/3082
f 805/2398/3083 1500/3321/3083 2169/295/3083
f 572/91/3084 1580/3624/3084 1581/3639/3084
f 121/134/3085 476/2096/3085 477/1557/3085
f 489/545/3086 876/3456/3086 1023/2565/3086
f 1346/1342/3087 2031/3641/3087 666/3640/3087
f 42/737/3088 666/738/3088 2031/423/3088
f 635/707/3089 1209/1262/3089 1423/2733/3089
f 2094/2434/3090 213/2435/3090 2000/3069/3090
f 496/2185/3091 1058/2597/3091 1059/3155/3091
f 1439/3642/3092 560/631/3092 87/1432/3092
f 1439/1431/3093 87/284/3093 2418/285/3093
f 583/3643/3094 2171/3240/3094 817/2569/3094
f 1660/1609/3095 583/3643/3095 817/2569/3095
f 876/3004/3096 875/2005/3096 488/2006/3096
f 2434/1906/3097 869/1907/3097 137/2608/3097
f 1700/49/3098 1010/2322/3098 1785/3349/3098
f 229/269/3099 230/270/3099 563/2527/3099
f 1250/3328/3100 1056/1075/3100 477/1557/3100
f 1511/830/3101 1663/2591/3101 1662/1611/3101
f 1615/340/3102 1992/341/3102 1040/2633/3102
f 2218/966/3103 1063/967/3103 2307/1408/3103
f 1989/2430/3104 2334/2431/3104 1988/3644/3104
f 1861/2789/3105 569/811/3105 1860/267/3105
f 1861/2789/3106 1860/267/3106 954/3095/3106
f 1062/2984/3107 1064/1899/3107 252/296/3107
f 546/2827/3108 2442/2958/3108 2297/3421/3108
f 1620/2292/3109 1624/1583/3109 724/2936/3109
f 113/2870/3110 1459/2868/3110 937/2158/3110
f 1962/3326/3111 541/2285/3111 925/3253/3111
f 1501/3504/3112 573/2388/3112 1500/3321/3112
f 1995/1648/3113 325/1649/3113 1024/2908/3113
f 1024/2908/3114 325/1649/3114 326/2566/3114
f 1566/265/3115 954/3095/3115 1860/267/3115
f 325/1649/3116 1106/1898/3116 326/2566/3116
f 1323/3340/3117 2310/3160/3117 378/3517/3117
f 844/901/3118 386/2517/3118 44/2518/3118
f 17/680/3119 900/1758/3119 608/286/3119
f 248/288/3120 674/3282/3120 247/287/3120
f 1303/912/3121 863/913/3121 1304/2264/3121
f 893/2864/3122 488/2006/3122 1342/2815/3122
f 45/2519/3123 616/692/3123 955/693/3123
f 17/680/3124 1030/681/3124 1624/1583/3124
f 908/2862/3125 826/2291/3125 654/2342/3125
f 2043/3322/3126 756/2703/3126 755/2700/3126
f 223/2076/3127 569/811/3127 1861/2789/3127
f 1125/1646/3128 805/2398/3128 1064/1899/3128
f 2058/2026/3129 2227/1440/3129 835/1441/3129
f 227/2702/3130 228/1008/3130 1322/2205/3130
f 2071/2258/3131 2424/985/3131 2318/983/3131
f 161/3520/3132 724/2936/3132 162/2344/3132
f 1030/681/3133 1031/2232/3133 1352/2233/3133
f 162/2344/3134 654/2342/3134 161/3520/3134
f 530/605/3135 2061/2354/3135 2036/2352/3135
f 708/2801/3136 1103/2592/3136 709/3422/3136
f 2265/2474/3137 2266/2340/3137 1711/1651/3137
f 1321/1114/3138 175/1115/3138 176/2304/3138
f 2096/2218/3139 1614/3288/3139 344/3446/3139
f 992/2571/3140 587/3634/3140 358/3595/3140
f 1250/3328/3141 2165/1991/3141 1056/1075/3141
f 1028/1055/3142 1031/2232/3142 1647/2885/3142
f 1393/3645/3143 1394/3233/3143 2389/1387/3143
f 1944/1971/3144 1365/67/3144 1807/65/3144
f 971/2850/3145 28/3587/3145 976/3039/3145
f 2018/33/3146 28/31/3146 971/1018/3146
f 114/2755/3147 1445/3114/3147 1444/3536/3147
f 1230/2982/3148 1231/1872/3148 2150/3409/3148
f 756/2703/3149 1715/268/3149 227/2702/3149
f 228/1008/3150 227/2702/3150 1715/268/3150
f 113/2870/3151 1520/2872/3151 2176/2873/3151
f 2004/676/3152 2492/1955/3152 977/1956/3152
f 938/2614/3153 1967/231/3153 1507/2701/3153
f 1481/3646/3154 2297/2447/3154 776/2002/3154
f 568/715/3155 645/1472/3155 644/714/3155
f 1417/2498/3156 459/3434/3156 786/3433/3156
f 1101/3341/3157 1832/150/3157 2298/151/3157
f 508/3647/3158 1437/3342/3158 79/93/3158
f 1071/2997/3159 1929/3086/3159 2101/1723/3159
f 809/2676/3160 1303/912/3160 2042/3330/3160
f 2042/3330/3161 1303/912/3161 756/2703/3161
f 325/1649/3162 1125/1646/3162 1106/1898/3162
f 1416/2276/3163 1928/1876/3163 1135/2740/3163
f 1135/2740/3164 1328/2741/3164 1416/2276/3164
f 2381/3648/3165 2095/3649/3165 2000/3069/3165
f 2043/3322/3166 2042/3330/3166 756/2703/3166
f 1442/2962/3167 1501/3504/3167 805/2398/3167
f 805/2398/3168 1501/3504/3168 1500/3321/3168
f 715/2369/3169 333/1343/3169 1415/2678/3169
f 1880/758/3170 1026/3482/3170 2352/537/3170
f 1174/1186/3171 2172/1184/3171 1957/1886/3171
f 562/2526/3172 1067/2918/3172 1935/1849/3172
f 2088/3650/3173 2087/3651/3173 2086/1932/3173
f 1016/2968/3174 826/2291/3174 908/2862/3174
f 1572/2780/3175 2122/876/3175 2329/3006/3175
f 1734/3338/3176 1080/3412/3176 63/2667/3176
f 863/913/3177 562/2526/3177 230/270/3177
f 826/2291/3178 1620/2292/3178 724/2936/3178
f 1501/3504/3179 804/3498/3179 573/2388/3179
f 388/3652/3180 830/1411/3180 2350/1409/3180
f 1671/1923/3181 1583/2763/3181 1582/2032/3181
f 1228/3280/3182 1384/2483/3182 1795/1048/3182
f 616/692/3183 761/1865/3183 630/2788/3183
f 844/901/3184 44/2518/3184 1847/3317/3184
f 1117/1116/3185 1321/1114/3185 1320/2206/3185
f 1047/1069/3186 1438/1429/3186 88/1238/3186
f 1219/1948/3187 1217/3608/3187 1218/1949/3187
f 1715/268/3188 1716/1914/3188 228/1008/3188
f 1970/1007/3189 228/1008/3189 1716/1914/3189
f 1392/3653/3190 1895/3655/3190 177/3654/3190
f 2376/3656/3191 1284/1988/3191 1368/3657/3191
f 851/1322/3192 315/597/3192 1333/1321/3192
f 64/3658/3193 994/2856/3193 65/2857/3193
f 66/3001/3194 2142/1119/3194 1686/1117/3194
f 1521/319/3195 1286/3191/3195 1553/3659/3195
f 955/693/3196 617/694/3196 615/3094/3196
f 1979/1924/3197 986/1424/3197 1978/1425/3197
f 947/1124/3198 2390/1672/3198 946/1126/3198
f 1987/3370/3199 1241/3419/3199 793/3417/3199
f 611/123/3200 1007/3339/3200 1008/2482/3200
f 661/3571/3201 1937/1205/3201 275/2826/3201
f 1781/3660/3202 1779/2109/3202 25/2107/3202
f 1548/927/3203 1686/1117/3203 1687/3269/3203
f 12/2606/3204 1411/3344/3204 2090/3002/3204
f 1846/2452/3205 854/2443/3205 837/2442/3205
f 2080/945/3206 1740/2485/3206 1188/1191/3206
f 2022/1966/3207 292/2467/3207 72/3661/3207
f 192/566/3208 131/3043/3208 27/29/3208
f 1777/3096/3209 59/3180/3209 1147/3487/3209
f 1740/3022/3210 1548/927/3210 1188/925/3210
f 2256/3662/3211 231/1634/3211 729/2242/3211
f 1138/2143/3212 827/3590/3212 1609/1150/3212
f 2033/442/3213 1746/660/3213 1745/661/3213
f 2183/2599/3214 253/3663/3214 2184/3563/3214
f 2250/3664/3215 953/3666/3215 228/3665/3215
f 1322/2205/3216 228/1008/3216 953/1979/3216
f 312/3221/3217 1340/1717/3217 1791/1718/3217
f 163/1809/3218 1629/2341/3218 2083/2074/3218
f 1692/2094/3219 2450/2998/3219 2304/3494/3219
f 675/2505/3220 2245/1250/3220 1853/2603/3220
f 8/2688/3221 9/3667/3221 1551/3346/3221
f 858/1360/3222 2024/1359/3222 1944/1971/3222
f 1287/1285/3223 264/1671/3223 936/2445/3223
f 808/3323/3224 2042/3330/3224 2043/3322/3224
f 1438/1756/3225 2043/3322/3225 354/1428/3225
f 1299/2917/3226 1067/2918/3226 562/2526/3226
f 1705/784/3227 1125/1646/3227 325/1649/3227
f 1016/2968/3228 1837/2290/3228 826/2291/3228
f 769/3460/3229 1249/2550/3229 1558/3257/3229
f 1762/3668/3230 660/3479/3230 398/2384/3230
f 747/810/3231 893/2864/3231 748/812/3231
f 863/913/3232 1489/914/3232 562/2526/3232
f 2387/3499/3233 1747/3629/3233 1234/3669/3233
f 1704/672/3234 61/453/3234 2039/451/3234
f 1067/2918/3235 372/3459/3235 1547/133/3235
f 929/994/3236 2491/1842/3236 284/993/3236
f 1800/3111/3237 96/3226/3237 2379/3670/3237
f 2066/2138/3238 701/780/3238 281/2110/3238
f 2147/3671/3239 1403/3672/3239 2146/2770/3239
f 2229/2010/3240 2216/1490/3240 411/2825/3240
f 764/826/3241 1248/3673/3241 467/825/3241
f 2476/3137/3242 414/225/3242 1146/1159/3242
f 2476/3137/3243 194/224/3243 414/225/3243
f 1620/2292/3244 1591/1582/3244 1624/1583/3244
f 1851/2300/3245 114/2755/3245 1111/2754/3245
f 844/901/3246 385/1864/3246 386/2517/3246
f 2499/3674/3247 307/366/3247 243/367/3247
f 884/938/3248 1355/2811/3248 1761/2699/3248
f 1431/3566/3249 2107/2756/3249 1721/3675/3249
f 601/2652/3250 602/2653/3250 2176/2873/3250
f 1545/3239/3251 2176/2873/3251 602/2653/3251
f 13/2911/3252 1736/2909/3252 1929/3086/3252
f 1268/2975/3253 816/2622/3253 1267/2974/3253
f 816/2622/3254 1268/2975/3254 2039/405/3254
f 83/3012/3255 80/97/3255 81/98/3255
f 1952/1311/3256 1953/1156/3256 1954/1309/3256
f 1331/2570/3257 2268/15/3257 1157/149/3257
f 84/949/3258 83/3012/3258 1143/2176/3258
f 1944/1971/3259 1526/1862/3259 858/1360/3259
f 2316/2406/3260 1203/2833/3260 1914/3676/3260
f 1553/3659/3261 1552/3273/3261 30/3176/3261
f 2152/3021/3262 1745/661/3262 839/659/3262
f 2307/2932/3263 1062/3557/3263 752/1933/3263
f 302/359/3264 958/3252/3264 126/358/3264
f 1200/1204/3265 1528/918/3265 867/919/3265
f 668/740/3266 1914/2773/3266 1913/742/3266
f 2264/3488/3267 1424/3677/3267 598/953/3267
f 444/3678/3268 2070/3679/3268 445/512/3268
f 2376/3680/3269 1368/755/3269 1032/2029/3269
f 376/2272/3270 2362/3029/3270 2020/1039/3270
f 2270/3681/3271 2087/3651/3271 1818/3682/3271
f 232/3683/3272 175/3685/3272 1117/3684/3272
f 1233/2674/3273 570/3337/3273 893/2864/3273
f 442/1854/3274 443/3686/3274 1940/1167/3274
f 706/2963/3275 1501/3504/3275 1442/2962/3275
f 1066/2729/3276 372/3459/3276 1067/2918/3276
f 1705/784/3277 966/1645/3277 1125/1646/3277
f 1475/2075/3278 223/2076/3278 222/2787/3278
f 769/3460/3279 695/933/3279 1249/2550/3279
f 570/3687/3280 33/2943/3280 571/2942/3280
f 660/3479/3281 1094/899/3281 1468/900/3281
f 1827/1757/3282 480/2545/3282 1438/1756/3282
f 1438/1756/3283 480/2545/3283 2043/3322/3283
f 899/1098/3284 900/1758/3284 17/680/3284
f 1931/3019/3285 674/3282/3285 248/288/3285
f 33/2943/3286 1995/1648/3286 1412/2906/3286
f 1072/2813/3287 660/3479/3287 1762/3668/3287
f 1288/2113/3288 945/3075/3288 1290/2115/3288
f 401/2847/3289 402/2848/3289 2340/2106/3289
f 1009/2424/3290 1007/3339/3290 611/123/3290
f 106/122/3291 804/3498/3291 1501/3504/3291
f 673/3335/3292 620/3336/3292 1583/2763/3292
f 838/1811/3293 2264/3488/3293 1006/1810/3293
f 1587/2714/3294 209/478/3294 768/2713/3294
f 768/2713/3295 209/478/3295 1945/932/3295
f 338/2088/3296 316/2462/3296 1214/2086/3296
f 2317/3064/3297 909/2492/3297 2118/3688/3297
f 1450/2821/3298 1891/3689/3298 2131/1996/3298
f 782/1397/3299 1944/1971/3299 2243/845/3299
f 2060/974/3300 422/494/3300 423/495/3300
f 2245/1250/3301 1981/777/3301 1712/3308/3301
f 300/2598/3302 288/1054/3302 2226/3690/3302
f 586/3443/3303 585/3483/3303 2495/3444/3303
f 585/3691/3304 1722/3693/3304 2495/3692/3304
f 1318/1308/3305 2469/2528/3305 189/2529/3305
f 1704/3694/3306 1449/3097/3306 61/3193/3306
f 128/3302/3307 206/237/3307 2275/238/3307
f 1541/3695/3308 235/2781/3308 2131/1996/3308
f 852/3696/3309 1330/3698/3309 1381/3697/3309
f 890/2677/3310 7/1867/3310 1303/912/3310
f 1363/3699/3311 2402/1005/3311 1727/3700/3311
f 2055/3289/3312 2380/3445/3312 1723/2843/3312
f 1758/1151/3313 52/1818/3313 2252/1690/3313
f 1150/1161/3314 1327/1554/3314 1152/1163/3314
f 1898/1828/3315 364/2590/3315 1402/2610/3315
f 1611/848/3316 2207/960/3316 777/2659/3316
f 97/3011/3317 1612/1226/3317 1611/848/3317
f 270/45/3318 2281/2410/3318 985/3701/3318
f 1310/294/3319 2426/2011/3319 1293/1290/3319
f 379/1469/3320 1832/150/3320 1101/3341/3320
f 378/3517/3321 379/1469/3321 1101/3341/3321
f 1936/3621/3322 1180/3702/3322 2260/3210/3322
f 1836/447/3323 832/888/3323 831/887/3323
f 915/2682/3324 168/184/3324 1377/1539/3324
f 1777/3096/3325 881/1957/3325 59/3180/3325
f 50/1146/3326 1903/3192/3326 1134/1145/3326
f 2495/3444/3327 1506/3501/3327 1723/2843/3327
f 685/2477/3328 2350/1409/3328 441/1410/3328
f 2479/3424/3329 1865/1838/3329 1398/262/3329
f 704/3218/3330 1110/2134/3330 640/2715/3330
f 1110/2134/3331 704/3218/3331 2463/2222/3331
f 1363/3699/3332 1202/3703/3332 789/854/3332
f 1089/1486/3333 2116/2123/3333 2326/2420/3333
f 2116/2123/3334 682/3230/3334 2326/2420/3334
f 882/2814/3335 1094/899/3335 660/3479/3335
f 2293/2534/3336 2490/112/3336 97/113/3336
f 1217/3275/3337 2376/3680/3337 1032/2029/3337
f 1232/2990/3338 33/2943/3338 570/3687/3338
f 695/933/3339 1072/2946/3339 696/2551/3339
f 761/1865/3340 1475/2075/3340 222/2787/3340
f 1945/932/3341 695/933/3341 769/3460/3341
f 606/1658/3342 2284/198/3342 1189/199/3342
f 583/3598/3343 1889/2707/3343 2171/2705/3343
f 705/785/3344 966/1645/3344 1705/784/3344
f 2187/2215/3345 239/2289/3345 2195/3084/3345
f 2187/2215/3346 2195/3084/3346 783/2840/3346
f 1195/1197/3347 873/1198/3347 1938/1852/3347
f 1319/614/3348 1320/2206/3348 1321/1114/3348
f 1845/3453/3349 1846/2452/3349 837/2442/3349
f 2104/3493/3350 348/3704/3350 1949/2745/3350
f 220/2760/3351 1324/3705/3351 1325/3142/3351
f 434/1798/3352 2498/915/3352 306/3109/3352
f 1380/1376/3353 1382/2269/3353 300/2598/3353
f 202/233/3354 813/3706/3354 203/235/3354
f 720/1524/3355 1397/96/3355 2287/94/3355
f 331/387/3356 2305/3707/3356 330/880/3356
f 1035/1059/3357 1428/1060/3357 1755/499/3357
f 935/2446/3358 2117/2126/3358 1181/1638/3358
f 125/139/3359 1300/3016/3359 1510/138/3359
f 236/1433/3360 1542/3708/3360 1440/50/3360
f 1938/1852/3361 663/773/3361 692/771/3361
f 921/3382/3362 368/819/3362 1605/820/3362
f 2205/1930/3363 1983/1787/3363 2432/2724/3363
f 876/3456/3364 489/545/3364 880/3709/3364
f 844/901/3365 1092/3143/3365 385/1864/3365
f 1859/1614/3366 437/2948/3366 2308/2950/3366
f 1437/3710/3367 2319/3035/3367 2313/1293/3367
f 401/3203/3368 2340/3711/3368 860/2904/3368
f 1957/1886/3369 1956/1252/3369 1174/1186/3369
f 1994/783/3370 1705/784/3370 1995/1648/3370
f 123/3712/3371 226/1632/3371 1118/3713/3371
f 1116/1480/3372 2202/2230/3372 1726/1479/3372
f 1993/3714/3373 1982/3263/3373 246/283/3373
f 2491/561/3374 1358/2663/3374 123/3038/3374
f 123/3712/3375 1358/2241/3375 226/1632/3375
f 832/888/3376 2251/1128/3376 75/86/3376
f 1771/2379/3377 1772/2380/3377 926/1366/3377
f 1832/150/3378 379/1469/3378 1476/1470/3378
f 1283/1282/3379 561/1280/3379 2299/2945/3379
f 1197/3481/3380 1196/2660/3380 1017/1045/3380
f 1808/102/3381 2188/521/3381 455/519/3381
f 1638/3264/3382 586/2680/3382 2380/781/3382
f 1102/3553/3383 1080/3412/3383 1734/3338/3383
f 1146/1159/3384 414/225/3384 933/1002/3384
f 420/491/3385 119/3715/3385 188/339/3385
f 1957/1886/3386 2172/1184/3386 868/1885/3386
f 1663/2591/3387 5/1741/3387 1453/2250/3387
f 1379/2573/3388 358/3595/3388 1377/2639/3388
f 2068/2023/3389 254/3219/3389 780/2831/3389
f 2068/2023/3390 780/2831/3390 778/2832/3390
f 1987/3370/3391 1916/2649/3391 1241/3419/3391
f 812/3242/3392 1648/3605/3392 575/647/3392
f 575/647/3393 1648/3605/3393 1121/2480/3393
f 514/582/3394 361/943/3394 1/2064/3394
f 1891/3689/3395 2315/3717/3395 939/3716/3395
f 1257/1257/3396 2228/2319/3396 2413/2330/3396
f 1259/1259/3397 1257/1257/3397 2413/2330/3397
f 2162/2182/3398 1027/1984/3398 1012/1082/3398
f 865/2104/3399 1052/2102/3399 2072/2587/3399
f 694/775/3400 663/773/3400 2124/3576/3400
f 1564/1289/3401 710/787/3401 2001/670/3401
f 1564/1289/3402 2001/670/3402 2483/668/3402
f 631/2157/3403 1475/2075/3403 761/1865/3403
f 1276/1868/3404 1489/914/3404 7/1867/3404
f 706/2963/3405 1471/121/3405 1501/3504/3405
f 400/479/3406 1072/2946/3406 695/933/3406
f 32/2989/3407 1995/1648/3407 33/2943/3407
f 965/2345/3408 706/2963/3408 966/1645/3408
f 966/1645/3409 706/2963/3409 1443/1647/3409
f 1677/3718/3410 463/3319/3410 1652/3719/3410
f 1007/3339/3411 1020/2484/3411 1008/2482/3411
f 48/53/3412 2407/3721/3412 1045/3720/3412
f 15/3450/3413 620/3336/3413 2141/3334/3413
f 985/2471/3414 1894/2472/3414 986/1424/3414
f 1844/2173/3415 689/1332/3415 409/3722/3415
f 1325/3142/3416 1950/3723/3416 1003/1782/3416
f 1054/3110/3417 2091/1601/3417 1652/1602/3417
f 1652/1602/3418 2394/3724/3418 1054/3110/3418
f 1436/3136/3419 2089/3134/3419 999/3133/3419
f 1766/1260/3420 1988/2350/3420 2456/178/3420
f 1988/2350/3421 1766/1260/3421 1989/2938/3421
f 2089/3134/3422 1270/3389/3422 1269/794/3422
f 409/3725/3423 689/2643/3423 256/1461/3423
f 1967/231/3424 201/232/3424 199/1784/3424
f 469/565/3425 929/560/3425 767/564/3425
f 767/564/3426 929/560/3426 1997/3726/3426
f 2190/3727/3427 72/3728/3427 762/1595/3427
f 1685/3170/3428 305/3593/3428 1684/3169/3428
f 1909/3729/3429 1684/3169/3429 305/3593/3429
f 1498/1050/3430 482/1482/3430 1777/3096/3430
f 171/187/3431 1767/1855/3431 1627/3145/3431
f 687/2819/3432 1530/3209/3432 1524/2818/3432
f 458/2228/3433 2392/216/3433 2200/214/3433
f 1737/2070/3434 565/3495/3434 352/3730/3434
f 70/407/3435 352/408/3435 565/633/3435
f 1893/2267/3436 2236/3365/3436 2235/895/3436
f 1678/1627/3437 1279/3413/3437 2366/1629/3437
f 1896/1824/3438 1472/2458/3438 1473/1826/3438
f 2108/2460/3439 1472/2458/3439 1896/1824/3439
f 1269/794/3440 2228/2319/3440 897/3731/3440
f 897/3731/3441 2228/2319/3441 2346/3732/3441
f 823/3558/3442 76/3733/3442 2115/124/3442
f 375/2766/3443 2006/2881/3443 1569/2768/3443
f 2099/1379/3444 989/3734/3444 1831/2402/3444
f 156/1063/3445 1510/138/3445 968/3009/3445
f 989/3734/3446 1830/51/3446 1831/2402/3446
f 1222/3735/3447 194/2576/3447 193/698/3447
f 2003/345/3448 2191/1155/3448 1953/1156/3448
f 889/1866/3449 7/1867/3449 890/2677/3449
f 1258/1258/3450 169/1789/3450 1543/1520/3450
f 1417/2498/3451 498/2838/3451 459/3434/3451
f 825/879/3452 330/880/3452 2010/3736/3452
f 2464/3380/3453 1348/3381/3453 2384/2542/3453
f 439/1028/3454 440/1029/3454 1559/2116/3454
f 1237/401/3455 1422/3103/3455 2391/3737/3455
f 1000/1041/3456 712/3028/3456 711/2563/3456
f 2349/3738/3457 245/3739/3457 1435/3471/3457
f 1155/2132/3458 2121/1529/3458 1158/1975/3458
f 1213/354/3459 299/355/3459 1315/3225/3459
f 375/2766/3460 1825/3085/3460 1669/3506/3460
f 606/1658/3461 1722/1659/3461 2284/198/3461
f 1086/1094/3462 956/3741/3462 2030/3740/3462
f 1641/2949/3463 2012/1284/3463 1642/3281/3463
f 2012/1284/3464 2295/3742/3464 438/504/3464
f 1353/3400/3465 531/3523/3465 1527/3080/3465
f 1084/3402/3466 555/2453/3466 2341/2451/3466
f 1431/3566/3467 1432/982/3467 2107/2756/3467
f 1863/1792/3468 2477/1092/3468 923/1093/3468
f 518/1791/3469 1863/1792/3469 923/1093/3469
f 2458/1371/3470 2139/2797/3470 1078/2796/3470
f 1077/3743/3471 2458/1371/3471 1078/2796/3471
f 2040/1999/3472 1492/2554/3472 2306/2404/3472
f 1021/1998/3473 2040/1999/3473 2306/2404/3473
f 547/3234/3474 2153/2202/3474 1202/3744/3474
f 1903/3192/3475 2473/1142/3475 1134/1145/3475
f 1988/2350/3476 1149/2351/3476 2456/178/3476
f 2413/2330/3477 1270/3389/3477 815/2329/3477
f 302/359/3478 2016/3600/3478 2017/2666/3478
f 631/2157/3479 238/3635/3479 1475/2075/3479
f 194/224/3480 2476/3137/3480 2351/3745/3480
f 1093/2804/3481 1092/3143/3481 1094/899/3481
f 1094/899/3482 1092/3143/3482 844/901/3482
f 1049/3451/3483 1277/3449/3483 1046/1068/3483
f 2118/3688/3484 1725/1664/3484 276/1661/3484
f 882/2814/3485 1093/2804/3485 1094/899/3485
f 1298/2083/3486 1917/2712/3486 1066/2729/3486
f 373/1965/3487 1298/2083/3487 1299/2917/3487
f 1015/1044/3488 1017/1045/3488 1016/2968/3488
f 1829/3746/3489 2353/3748/3489 1849/3747/3489
f 32/2989/3490 1994/783/3490 1995/1648/3490
f 2000/3069/3491 213/2435/3491 2079/2072/3491
f 2122/876/3492 1572/2780/3492 1110/2134/3492
f 1846/2452/3493 1877/3217/3493 854/2443/3493
f 1485/618/3494 1487/3749/3494 539/617/3494
f 970/2730/3495 2127/2851/3495 969/2732/3495
f 2420/3485/3496 78/183/3496 168/184/3496
f 1756/3750/3497 642/875/3497 2061/3751/3497
f 1263/400/3498 572/91/3498 503/3065/3498
f 1263/400/3499 1264/3237/3499 572/91/3499
f 788/2409/3500 1158/1975/3500 2121/1529/3500
f 2117/2126/3501 936/2445/3501 1220/2125/3501
f 772/2224/3502 626/1962/3502 85/1997/3502
f 1993/3714/3503 246/283/3503 934/3752/3503
f 2228/2319/3504 1269/794/3504 2413/2330/3504
f 395/2516/3505 679/1817/3505 2213/476/3505
f 2030/1089/3506 957/1090/3506 2016/3600/3506
f 1809/3010/3507 427/171/3507 1206/3360/3507
f 1781/1711/3508 446/3753/3508 1780/1355/3508
f 66/3001/3509 2419/3023/3509 12/2606/3509
f 1605/820/3510 1828/3754/3510 921/3382/3510
f 1374/3755/3511 2181/304/3511 529/2511/3511
f 825/879/3512 1481/3756/3512 776/878/3512
f 2481/506/3513 1771/2379/3513 2300/3178/3513
f 1746/660/3514 2132/3311/3514 592/2067/3514
f 1635/3757/3515 2481/506/3515 438/504/3515
f 280/2828/3516 1933/2970/3516 1738/3758/3516
f 1855/2078/3517 466/83/3517 1599/84/3517
f 1469/3157/3518 2429/944/3518 46/2912/3518
f 2101/1723/3519 1825/3085/3519 1792/1729/3519
f 195/3759/3520 139/192/3520 173/193/3520
f 139/3760/3521 195/227/3521 1974/228/3521
f 2079/2072/3522 1925/1139/3522 1098/1140/3522
f 1810/55/3523 427/171/3523 1809/3010/3523
f 2277/2365/3524 483/3139/3524 238/3635/3524
f 1587/2714/3525 208/3761/3525 209/478/3525
f 1920/2835/3526 2202/2230/3526 1921/2231/3526
f 1545/3239/3527 602/2653/3527 2280/3166/3527
f 487/3574/3528 2016/3600/3528 302/359/3528
f 412/2227/3529 109/129/3529 870/2939/3529
f 2099/1379/3530 990/174/3530 989/3734/3530
f 2320/1100/3531 497/2661/3531 1591/1582/3531
f 940/2338/3532 2263/2339/3532 1011/2919/3532
f 2286/2630/3533 1491/858/3533 1778/1049/3533
f 1182/3283/3534 975/3284/3534 1183/3762/3534
f 404/2303/3535 1447/2782/3535 405/3081/3535
f 916/3763/3536 578/43/3536 1590/2306/3536
f 1983/1787/3537 1122/3550/3537 1984/484/3537
f 2118/3688/3538 276/1661/3538 1866/3582/3538
f 1866/3582/3539 276/1661/3539 726/1662/3539
f 594/667/3540 2027/3260/3540 554/666/3540
f 420/3764/3541 2330/1877/3541 119/3765/3541
f 2209/3548/3542 906/961/3542 2327/959/3542
f 2345/923/3543 2193/2465/3543 1555/1806/3543
f 464/2540/3544 1025/2387/3544 1858/2385/3544
f 1010/2322/3545 1018/3348/3545 1785/3349/3545
f 1749/507/3546 2057/3766/3546 1090/1682/3546
f 2447/2403/3547 1022/2390/3547 1447/2782/3547
f 993/443/3548 2136/2148/3548 2132/3311/3548
f 1804/1744/3549 2406/2625/3549 1151/1162/3549
f 1427/2823/3550 1592/1555/3550 1594/3327/3550
f 815/2329/3551 1267/2974/3551 816/2622/3551
f 1270/3389/3552 1267/2974/3552 815/2329/3552
f 1601/1154/3553 1256/1254/3553 1600/1255/3553
f 582/3610/3554 1534/2706/3554 1535/162/3554
f 283/3507/3555 15/3450/3555 2141/3334/3555
f 2457/2844/3556 949/655/3556 584/656/3556
f 1977/3415/3557 1308/1300/3557 1153/1301/3557
f 602/2653/3558 2174/2651/3558 2475/3165/3558
f 979/1796/3559 2235/2129/3559 277/3767/3559
f 1045/3720/3560 2263/2339/3560 2372/3158/3560
f 2263/2339/3561 2262/2018/3561 2372/3158/3561
f 2458/1371/3562 600/1372/3562 2139/2797/3562
f 964/3027/3563 319/3274/3563 965/2345/3563
f 965/2345/3564 319/3274/3564 706/2963/3564
f 2426/2011/3565 1301/1296/3565 1400/1026/3565
f 520/3175/3566 1301/1296/3566 2426/2011/3566
f 237/2805/3567 1092/3143/3567 1093/2804/3567
f 1780/1355/3568 446/3753/3568 1357/1354/3568
f 1536/979/3569 133/167/3569 665/3768/3569
f 1043/3391/3570 1994/783/3570 32/2989/3570
f 1065/3163/3571 1917/2712/3571 1298/2083/3571
f 483/3139/3572 894/2673/3572 238/3635/3572
f 238/3635/3573 894/2673/3573 2085/2077/3573
f 2220/2246/3574 1383/2929/3574 47/931/3574
f 1156/58/3575 2421/2084/3575 481/57/3575
f 221/3769/3576 32/2989/3576 1232/2990/3576
f 964/3027/3577 965/2345/3577 705/785/3577
f 2484/3383/3578 788/360/3578 303/361/3578
f 2291/534/3579 872/3258/3579 1058/2597/3579
f 2088/3250/3580 1817/1624/3580 2087/3502/3580
f 1325/3142/3581 1324/3705/3581 1950/3723/3581
f 2135/3159/3582 206/2019/3582 1353/3400/3582
f 1035/1059/3583 2111/2160/3583 2041/1061/3583
f 141/1902/3584 800/864/3584 1964/1904/3584
f 737/1896/3585 442/1854/3585 836/1165/3585
f 166/2296/3586 165/1530/3586 1556/349/3586
f 1388/1382/3587 526/1383/3587 2130/2615/3587
f 1791/1718/3588 1874/1803/3588 2365/3222/3588
f 644/714/3589 645/1472/3589 1479/1473/3589
f 2417/2903/3590 961/2893/3590 2337/2444/3590
f 1629/2341/3591 55/62/3591 1817/1624/3591
f 1807/65/3592 57/66/3592 1176/2098/3592
f 2256/3662/3593 469/527/3593 1317/528/3593
f 644/714/3594 2501/3770/3594 646/713/3594
f 2501/208/3595 2214/2657/3595 181/210/3595
f 727/2926/3596 1078/2229/3596 1355/2811/3596
f 393/3120/3597 4/3121/3597 1720/3632/3597
f 1890/161/3598 499/555/3598 179/207/3598
f 2214/2243/3599 2501/3770/3599 644/714/3599
f 130/3771/3600 2417/2903/3600 2078/2068/3600
f 1665/6/3601 1661/1613/3601 821/1778/3601
f 182/3325/3602 1962/3326/3602 1149/3059/3602
f 939/3772/3603 204/3774/3603 1387/3773/3603
f 2409/1011/3604 1290/2115/3604 1289/3073/3604
f 1290/2115/3605 945/3075/3605 1289/3073/3605
f 1674/3287/3606 1222/3735/3606 193/698/3606
f 2464/3380/3607 1645/2507/3607 2371/2508/3607
f 2358/1913/3608 942/2901/3608 2119/3437/3608
f 984/14/3609 2462/612/3609 2151/13/3609
f 934/3752/3610 246/283/3610 454/1830/3610
f 2117/2126/3611 2490/3775/3611 1461/3088/3611
f 2/2127/3612 2490/3775/3612 2117/2126/3612
f 165/1530/3613 166/2296/3613 1996/2045/3613
f 1682/3385/3614 2348/11/3614 2374/444/3614
f 2250/1006/3615 2109/1362/3615 404/2303/3615
f 2180/1481/3616 1907/2564/3616 1026/3482/3616
f 425/3776/3617 827/3590/3617 1138/2143/3617
f 388/3652/3618 51/1738/3618 830/1411/3618
f 1815/613/3619 967/2395/3619 1733/611/3619
f 1850/1689/3620 1900/2416/3620 152/841/3620
f 321/2728/3621 812/3242/3621 2227/1440/3621
f 2227/1440/3622 812/3242/3622 575/647/3622
f 961/2893/3623 2008/3777/3623 1709/2894/3623
f 478/3778/3624 1344/3779/3624 1277/3449/3624
f 1124/1120/3625 1120/1121/3625 1123/1130/3625
f 1517/2261/3626 239/2289/3626 2187/2215/3626
f 375/2766/3627 1570/2767/3627 1792/1729/3627
f 609/1564/3628 1608/1565/3628 1007/3339/3628
f 1238/2802/3629 143/726/3629 2359/756/3629
f 65/2857/3630 298/2808/3630 2044/2809/3630
f 796/56/3631 797/860/3631 1156/58/3631
f 797/860/3632 2421/2084/3632 1156/58/3632
f 2059/1495/3633 423/3780/3633 1514/1494/3633
f 1514/3781/3634 423/495/3634 1518/2260/3634
f 1584/1328/3635 1694/1936/3635 874/2151/3635
f 1335/1324/3636 1993/3782/3636 700/1325/3636
f 1297/1292/3637 2287/94/3637 859/2371/3637
f 2428/1466/3638 1470/1467/3638 846/1851/3638
f 1539/531/3639 766/1514/3639 1668/3361/3639
f 370/2985/3640 559/1668/3640 371/955/3640
f 370/3783/3641 293/3535/3641 559/3784/3641
f 1857/2052/3642 2466/70/3642 60/68/3642
f 111/3785/3643 219/254/3643 1875/3129/3643
f 1536/1511/3644 665/981/3644 1432/982/3644
f 113/2870/3645 2176/2873/3645 1459/2868/3645
f 1407/2473/3646 2388/3786/3646 1420/1413/3646
f 516/3052/3647 923/1093/3647 2431/3787/3647
f 518/1791/3648 923/1093/3648 516/3052/3648
f 82/52/3649 1045/3720/3649 1562/3788/3649
f 1562/3788/3650 1045/3720/3650 2372/3158/3650
f 2236/3365/3651 1893/2267/3651 2401/3789/3651
f 1684/3169/3652 1909/3729/3652 1604/3790/3652
f 437/2948/3653 2294/1615/3653 2433/2726/3653
f 1220/1225/3654 1612/3791/3654 97/113/3654
f 851/902/3655 2377/1375/3655 1803/2294/3655
f 264/3500/3656 2209/644/3656 1951/3792/3656
f 2086/1932/3657 2087/3651/3657 1434/1421/3657
f 820/3266/3658 943/3267/3658 1701/3047/3658
f 1925/3793/3659 1926/3216/3659 405/3081/3659
f 1544/1521/3660 1229/1519/3660 350/2317/3660
f 350/2316/3661 1373/589/3661 1544/590/3661
f 1868/1573/3662 191/3794/3662 74/2400/3662
f 580/163/3663 179/207/3663 650/3555/3663
f 1262/1506/3664 2500/3055/3664 2436/1447/3664
f 1490/3795/3665 591/3796/3665 347/1501/3665
f 591/3797/3666 2077/318/3666 347/316/3666
f 731/3146/3667 1269/3798/3667 897/2468/3667
f 1481/3646/3668 2453/3799/3668 2297/2447/3668
f 760/1598/3669 2014/823/3669 2194/821/3669
f 1169/1177/3670 1614/3800/3670 1170/1179/3670
f 739/128/3671 1088/2764/3671 1805/3427/3671
f 308/3569/3672 1639/3270/3672 310/368/3672
f 728/1578/3673 2296/234/3673 1619/1577/3673
f 1065/3163/3674 1587/2714/3674 1917/2712/3674
f 1493/3549/3675 1505/2746/3675 91/2159/3675
f 1043/3391/3676 513/579/3676 1994/783/3676
f 234/1136/3677 1317/528/3677 2444/526/3677
f 221/3769/3678 1043/3391/3678 32/2989/3678
f 631/2157/3679 2277/2365/3679 238/3635/3679
f 1751/2803/3680 1093/2804/3680 882/2814/3680
f 2012/1284/3681 936/2445/3681 1642/3281/3681
f 904/3248/3682 887/3202/3682 2088/3250/3682
f 375/2766/3683 1669/3506/3683 1670/1040/3683
f 2477/1092/3684 1339/3801/3684 1086/1094/3684
f 2485/3423/3685 665/3768/3685 1477/1471/3685
f 1236/3406/3686 352/3802/3686 353/3538/3686
f 297/988/3687 2034/415/3687 846/791/3687
f 76/3733/3688 1787/635/3688 2486/126/3688
f 644/714/3689 2486/126/3689 1787/635/3689
f 1851/2300/3690 2249/2301/3690 1445/3114/3690
f 1737/2070/3691 352/3730/3691 1236/2069/3691
f 947/1124/3692 2322/1125/3692 2319/3035/3692
f 1285/3803/3693 185/2747/3693 1540/2748/3693
f 392/312/3694 2244/2280/3694 1103/2592/3694
f 878/2273/3695 1548/927/3695 1687/3269/3695
f 1040/2960/3696 1992/686/3696 348/3704/3696
f 975/313/3697 159/314/3697 1253/2141/3697
f 1581/3639/3698 79/93/3698 572/91/3698
f 2382/3804/3699 2293/846/3699 2435/3062/3699
f 2435/3062/3700 2293/846/3700 773/847/3700
f 697/778/3701 548/3805/3701 1981/777/3701
f 1784/1713/3702 2361/1712/3702 583/3806/3702
f 2479/3042/3703 1912/3807/3703 2288/95/3703
f 1889/2707/3704 1537/2646/3704 1890/161/3704
f 534/609/3705 1157/149/3705 2268/15/3705
f 1180/3702/3706 2480/1636/3706 2261/1637/3706
f 958/3252/3707 2299/2945/3707 126/358/3707
f 1841/26/3708 1375/540/3708 1626/1214/3708
f 2159/2175/3709 74/81/3709 1765/79/3709
f 464/2540/3710 918/22/3710 1025/2387/3710
f 1025/2387/3711 918/22/3711 1960/2391/3711
f 647/1271/3712 648/1272/3712 2155/2561/3712
f 1805/3427/3713 1159/1762/3713 2196/127/3713
f 482/1482/3714 2161/1801/3714 881/1957/3714
f 1998/2618/3715 2173/469/3715 1788/470/3715
f 1999/3442/3716 2173/3808/3716 1998/3441/3716
f 530/605/3717 1756/603/3717 2061/2354/3717
f 1126/1780/3718 1002/1549/3718 1003/1782/3718
f 2315/764/3719 204/2961/3719 939/3809/3719
f 192/566/3720 1835/1705/3720 131/3043/3720
f 409/2645/3721 93/2644/3721 410/3810/3721
f 1753/1430/3722 1439/1431/3722 2418/285/3722
f 2184/3811/3723 253/3813/3723 604/3812/3723
f 1992/686/3724 294/3814/3724 613/688/3724
f 1154/3815/3725 1977/3415/3725 1153/1301/3725
f 1480/1474/3726 589/2248/3726 1479/1473/3726
f 589/3816/3727 1480/1684/3727 588/1683/3727
f 2342/1677/3728 94/215/3728 99/3153/3728
f 1872/816/3729 1070/814/3729 927/3817/3729
f 328/384/3730 150/1513/3730 1432/982/3730
f 1461/3088/3731 1462/3819/3731 2494/3818/3731
f 1832/150/3732 856/2577/3732 1331/2570/3732
f 1575/3398/3733 1735/2383/3733 543/2567/3733
f 558/2604/3734 2396/1735/3734 23/3206/3734
f 23/23/3735 919/24/3735 558/2605/3735
f 1237/401/3736 883/934/3736 143/726/3736
f 1168/2238/3737 2219/2239/3737 1212/1219/3737
f 1331/2570/3738 984/14/3738 2268/15/3738
f 773/847/3739 777/2659/3739 1739/3820/3739
f 1812/2283/3740 178/2632/3740 997/1815/3740
f 540/2282/3741 1812/2283/3741 997/1815/3741
f 1111/2220/3742 703/2221/3742 555/2453/3742
f 969/2732/3743 1610/682/3743 2164/2731/3743
f 2346/3732/3744 1579/2318/3744 1143/2321/3744
f 110/3426/3745 523/142/3745 941/1057/3745
f 1485/3416/3746 111/3822/3746 112/3821/3746
f 1055/1071/3747 2267/1940/3747 2005/146/3747
f 1764/1697/3748 1568/1821/3748 1763/2494/3748
f 1869/3823/3749 1868/1573/3749 2157/2312/3749
f 2381/3648/3750 2000/3069/3750 1098/1140/3750
f 439/1028/3751 406/3299/3751 2400/2685/3751
f 1279/398/3752 342/399/3752 2366/3824/3752
f 2366/3824/3753 342/399/3753 309/370/3753
f 379/1469/3754 1472/2458/3754 1477/1471/3754
f 1259/1259/3755 815/2329/3755 62/73/3755
f 493/766/3756 2315/764/3756 193/698/3756
f 2057/3766/3757 848/2611/3757 1090/1682/3757
f 839/659/3758 1490/3490/3758 265/3113/3758
f 2363/2489/3759 599/3825/3759 1654/3013/3759
f 2363/2487/3760 371/456/3760 599/671/3760
f 1757/1580/3761 58/3826/3761 59/3180/3761
f 2075/2310/3762 1874/1803/3762 339/1804/3762
f 1617/2965/3763 2223/2556/3763 1834/3310/3763
f 58/3827/3764 2002/3051/3764 2004/676/3764
f 1691/3357/3765 478/3778/3765 1049/3451/3765
f 718/2366/3766 483/3139/3766 2277/2365/3766
f 515/2021/3767 669/741/3767 1266/2934/3767
f 2208/3079/3768 1060/643/3768 1496/641/3768
f 2102/844/3769 1223/969/3769 19/843/3769
f 312/373/3770 2470/374/3770 1341/1334/3770
f 788/2409/3771 877/17/3771 263/2408/3771
f 1189/3181/3772 1190/3828/3772 2455/3313/3772
f 1049/3451/3773 478/3778/3773 1277/3449/3773
f 1178/2956/3774 1108/1939/3774 1135/2740/3774
f 1108/1939/3775 90/2515/3775 1135/2740/3775
f 51/1738/3776 1396/1847/3776 1395/1737/3776
f 151/3617/3777 1780/1355/3777 49/1353/3777
f 872/3258/3778 1938/1852/3778 873/1198/3778
f 2291/534/3779 1938/1852/3779 872/3258/3779
f 319/3274/3780 610/685/3780 1471/121/3780
f 208/3761/3781 399/477/3781 209/478/3781
f 1235/1844/3782 1479/1473/3782 855/89/3782
f 115/3399/3783 1527/3080/3783 862/3458/3783
f 1775/1489/3784 1133/3356/3784 283/3507/3784
f 283/3507/3785 1133/3356/3785 15/3450/3785
f 2397/2612/3786 1729/191/3786 173/189/3786
f 2397/2612/3787 173/189/3787 675/3829/3787
f 511/576/3788 1043/3564/3788 221/3830/3788
f 2153/2202/3789 1720/2200/3789 4/3831/3789
f 1133/3356/3790 1691/3357/3790 15/3450/3790
f 460/36/3791 1197/3481/3791 31/35/3791
f 31/35/3792 1197/3481/3792 1017/1045/3792
f 1009/2424/3793 609/1564/3793 1007/3339/3793
f 682/3230/3794 1902/3228/3794 1690/3832/3794
f 603/3162/3795 1065/3163/3795 1275/2082/3795
f 1275/2082/3796 1065/3163/3796 1298/2083/3796
f 892/1869/3797 1275/2082/3797 1276/1868/3797
f 606/1658/3798 1849/3747/3798 2457/3833/3798
f 1849/3747/3799 606/1658/3799 1848/3834/3799
f 1669/3506/3800 2020/1039/3800 1670/1040/3800
f 147/87/3801 831/887/3801 75/86/3801
f 147/87/3802 2149/599/3802 831/887/3802
f 2087/3651/3803 2270/3681/3803 1434/1421/3803
f 2045/3285/3804 2049/3561/3804 1127/3835/3804
f 2045/3285/3805 1127/3835/3805 2050/3286/3805
f 2259/2326/3806 814/1985/3806 813/1986/3806
f 1666/4/3807 1664/1612/3807 1665/6/3807
f 2268/15/3808 1733/611/3808 534/609/3808
f 1347/1270/3809 2190/3727/3809 2290/1593/3809
f 1497/2829/3810 1594/3327/3810 1592/1555/3810
f 1593/1556/3811 1497/2829/3811 1592/1555/3811
f 849/1465/3812 2428/1466/3812 848/2611/3812
f 914/3405/3813 353/3538/3813 913/3539/3813
f 1703/1202/3814 1201/1676/3814 1200/1204/3814
f 1498/1050/3815 1777/3096/3815 1778/1049/3815
f 1997/3836/3816 1996/992/3816 767/3837/3816
f 2265/2474/3817 1711/1651/3817 2199/1652/3817
f 155/1064/3818 1510/138/3818 156/1063/3818
f 1364/832/3819 2134/2146/3819 1770/834/3819
f 1760/1695/3820 2189/3312/3820 924/3031/3820
f 1949/3584/3821 2241/1858/3821 624/1559/3821
f 1693/3138/3822 492/1891/3822 982/1892/3822
f 823/3558/3823 824/3559/3823 76/3733/3823
f 752/1933/3824 37/2331/3824 324/2928/3824
f 1295/538/3825 1294/539/3825 351/1616/3825
f 1456/1453/3826 1454/1452/3826 2049/3561/3826
f 72/3838/3827 1346/1342/3827 762/1340/3827
f 2476/3137/3828 1693/3138/3828 982/1892/3828
f 1347/1270/3829 2290/1593/3829 648/1272/3829
f 1704/3839/3830 1424/3677/3830 2264/3488/3830
f 322/3265/3831 1842/3840/3831 943/3267/3831
f 943/3267/3832 236/1433/3832 1699/48/3832
f 1991/3262/3833 171/187/3833 1627/3145/3833
f 1991/3262/3834 170/186/3834 171/187/3834
f 1690/1522/3835 1748/328/3835 278/326/3835
f 860/2904/3836 2340/3711/3836 866/2103/3836
f 1346/1342/3837 666/3640/3837 1288/2113/3837
f 377/2854/3838 1515/2855/3838 1100/3386/3838
f 2465/1724/3839 643/3841/3839 1071/2997/3839
f 726/1662/3840 884/938/3840 1862/936/3840
f 2008/1010/3841 656/3074/3841 1709/3842/3841
f 1709/3842/3842 656/3074/3842 657/3843/3842
f 2228/2319/3843 1579/2318/3843 2346/3732/3843
f 1870/1795/3844 681/1176/3844 1167/1174/3844
f 2108/734/3845 2485/980/3845 1474/3844/3845
f 455/519/3846 211/101/3846 1808/102/3846
f 2327/3845/3847 1951/3792/3847 2209/644/3847
f 2080/945/3848 721/46/3848 566/2486/3848
f 2039/405/3849 349/406/3849 816/2622/3849
f 404/2303/3850 2109/1362/3850 2447/2403/3850
f 2109/1362/3851 1366/1361/3851 2447/2403/3851
f 402/2848/3852 1989/2938/3852 1766/1260/3852
f 1869/3259/3853 594/667/3853 1868/2964/3853
f 514/582/3854 1/2064/3854 279/581/3854
f 218/3846/3855 9/2417/3855 771/1459/3855
f 1642/3281/3856 2038/2951/3856 1641/2949/3856
f 96/110/3857 1467/111/3857 2379/1537/3857
f 272/2004/3858 271/3847/3858 2356/2875/3858
f 280/2828/3859 1497/2829/3859 2025/1973/3859
f 1229/1519/3860 169/1789/3860 2437/71/3860
f 2356/2875/3861 346/1437/3861 1930/1438/3861
f 1690/3832/3862 2326/2420/3862 682/3230/3862
f 1504/3848/3863 1531/1509/3863 2427/1318/3863
f 63/2667/3864 1344/3551/3864 478/3518/3864
f 1580/1785/3865 1900/2416/3865 1850/1689/3865
f 2423/3849/3866 1576/3196/3866 237/2805/3866
f 713/732/3867 892/1869/3867 889/1866/3867
f 452/559/3868 2099/3850/3868 367/3119/3868
f 451/558/3869 452/559/3869 367/3119/3869
f 1589/1944/3870 916/3851/3870 1588/1943/3870
f 1588/3852/3871 916/3763/3871 1590/2306/3871
f 2250/1006/3872 1970/1007/3872 2109/1362/3872
f 2296/234/3873 1747/3629/3873 2387/3499/3873
f 1014/2624/3874 2406/2625/3874 978/2181/3874
f 1618/1574/3875 191/3794/3875 1868/1573/3875
f 2499/3853/3876 2179/2204/3876 1679/2194/3876
f 1075/2995/3877 13/2911/3877 1929/3086/3877
f 1153/2100/3878 2121/1529/3878 1155/2132/3878
f 1618/2454/3879 1783/2455/3879 191/223/3879
f 1385/3854/3880 300/2598/3880 2226/3690/3880
f 300/2598/3881 1385/3854/3881 1803/2294/3881
f 407/329/3882 1395/1737/3882 1396/1847/3882
f 1395/728/3883 407/482/3883 2092/483/3883
f 1761/3855/3884 728/1578/3884 883/1576/3884
f 2224/2252/3885 2137/2253/3885 1238/3856/3885
f 970/2730/3886 2164/2731/3886 39/1567/3886
f 2279/1180/3887 1519/3179/3887 2033/442/3887
f 2478/2095/3888 2450/2998/3888 1692/2094/3888
f 648/1272/3889 2290/1593/3889 1643/2376/3889
f 2027/3857/3890 1869/3823/3890 2157/2312/3890
f 2117/2126/3891 1461/3088/3891 1181/1638/3891
f 1219/1948/3892 1000/1041/3892 683/2562/3892
f 2282/322/3893 270/45/3893 985/3701/3893
f 2142/1119/3894 677/759/3894 2373/1118/3894
f 2337/2444/3895 1709/2894/3895 565/3495/3895
f 130/3771/3896 2078/2068/3896 1236/2069/3896
f 1236/3406/3897 447/140/3897 130/141/3897
f 49/1353/3898 2449/1512/3898 150/1513/3898
f 1372/3545/3899 399/477/3899 208/3761/3899
f 941/3858/3900 2190/3727/3900 110/3859/3900
f 733/1278/3901 118/1227/3901 2338/2448/3901
f 718/3860/3902 1968/1912/3902 483/3861/3902
f 235/1686/3903 1541/3862/3903 2468/1685/3903
f 1409/1767/3904 1278/3863/3904 520/3175/3904
f 2179/2193/3905 2499/3674/3905 243/367/3905
f 1936/3621/3906 358/3595/3906 587/3634/3906
f 1058/1887/3907 873/3368/3907 1958/1888/3907
f 1568/1821/3908 1764/1697/3908 1403/1698/3908
f 1345/3528/3909 1513/2716/3909 1344/2717/3909
f 1542/3708/3910 2405/3864/3910 1044/3489/3910
f 205/2017/3911 2262/2018/3911 1387/3865/3911
f 1968/1912/3912 511/576/3912 221/3830/3912
f 1274/3866/3913 237/2805/3913 1751/2803/3913
f 892/1869/3914 603/3162/3914 1275/2082/3914
f 401/3203/3915 1312/2905/3915 2383/2841/3915
f 1372/3545/3916 208/3761/3916 1587/2714/3916
f 792/3353/3917 1131/1488/3917 1918/1840/3917
f 924/3031/3918 2189/3312/3918 1863/1792/3918
f 1923/3161/3919 1371/3544/3919 1065/3163/3919
f 1065/3163/3920 1371/3544/3920 1587/2714/3920
f 242/3867/3921 1679/2194/3921 1167/2217/3921
f 1576/3196/3922 1575/3398/3922 543/2567/3922
f 107/3568/3923 610/685/3923 319/3274/3923
f 516/3052/3924 2431/3787/3924 487/3185/3924
f 542/2364/3925 2277/2365/3925 1210/2830/3925
f 1161/2723/3926 2356/2875/3926 271/3847/3926
f 1161/2723/3927 1162/1463/3927 2356/2875/3927
f 1910/1027/3928 1749/507/3928 154/508/3928
f 2430/1895/3929 790/2165/3929 544/2121/3929
f 544/621/3930 211/244/3930 2430/242/3930
f 1654/3868/3931 2170/3466/3931 2314/3597/3931
f 2170/3466/3932 1654/3868/3932 590/2584/3932
f 2431/3787/3933 2030/3740/3933 487/3185/3933
f 1033/1919/3934 132/1920/3934 2222/2555/3934
f 2302/2966/3935 1881/2967/3935 1674/3869/3935
f 825/1476/3936 1793/3870/3936 370/3783/3936
f 2419/3023/3937 66/3001/3937 1548/927/3937
f 848/2611/3938 2428/1466/3938 2416/3093/3938
f 425/3871/3939 829/3873/3939 176/3872/3939
f 472/1994/3940 1730/109/3940 2285/3874/3940
f 323/2414/3941 1503/2212/3941 2032/2210/3941
f 1774/3261/3942 381/3374/3942 1773/3373/3942
f 1036/3875/3943 381/3374/3943 1774/3261/3943
f 288/1054/3944 300/2598/3944 1906/1053/3944
f 711/2563/3945 2376/3656/3945 1217/3608/3945
f 1124/1120/3946 549/2820/3946 550/1122/3946
f 1713/677/3947 676/2602/3947 1853/2603/3947
f 2375/165/3948 1484/3876/3948 1961/3254/3948
f 487/3574/3949 2030/1089/3949 2016/3600/3949
f 1052/2197/3950 1051/2055/3950 2072/2053/3950
f 514/582/3951 417/1172/3951 1166/1173/3951
f 1254/2189/3952 2168/2237/3952 681/2191/3952
f 5/1741/3953 421/1739/3953 1512/2251/3953
f 2317/3064/3954 910/2971/3954 909/2492/3954
f 1359/2481/3955 719/1525/3955 2312/1845/3955
f 1410/1765/3956 1409/1767/3956 2328/292/3956
f 1207/1211/3957 57/438/3957 374/437/3957
f 725/3189/3958 1857/2052/3958 2068/2023/3958
f 1010/2322/3959 1044/3489/3959 1018/3348/3959
f 2197/2501/3960 772/3877/3960 1864/2502/3960
f 776/2002/3961 1597/1560/3961 1433/1423/3961
f 2281/3332/3962 2388/3786/3962 1407/2473/3962
f 2281/3332/3963 1681/3878/3963 2388/3786/3963
f 2492/3232/3964 2347/10/3964 1171/3197/3964
f 1373/3190/3965 725/3189/3965 779/2558/3965
f 193/698/3966 36/699/3966 1553/2440/3966
f 1406/1147/3967 174/194/3967 139/192/3967
f 1368/3657/3968 2272/2882/3968 2224/2252/3968
f 1284/1988/3969 2272/2882/3969 1368/3657/3969
f 740/2765/3970 2130/3542/3970 1088/2764/3970
f 742/1527/3971 788/2409/3971 2121/1529/3971
f 1429/1020/3972 950/3127/3972 1359/2481/3972
f 832/888/3973 1836/447/3973 380/448/3973
f 2057/3766/3974 2369/1478/3974 849/1465/3974
f 1713/677/3975 1712/3308/3975 1980/3472/3975
f 1997/3836/3976 929/994/3976 1996/992/3976
f 1717/3376/3977 528/601/3977 2333/1295/3977
f 428/978/3978 2386/3296/3978 1586/2295/3978
f 2108/734/3979 2107/2756/3979 2485/980/3979
f 402/2848/3980 553/179/3980 1201/1676/3980
f 1220/1225/3981 264/3500/3981 1951/3792/3981
f 2107/2756/3982 1374/277/3982 1721/3675/3982
f 1034/2582/3983 1719/1655/3983 1718/2913/3983
f 2149/599/3984 2368/1841/3984 831/887/3984
f 819/873/3985 1773/3373/3985 1628/2983/3985
f 1119/3278/3986 2254/1288/3986 1564/1289/3986
f 942/2901/3987 229/269/3987 2120/501/3987
f 1146/1159/3988 933/1002/3988 1145/1158/3988
f 1874/1803/3989 2075/2310/3989 2365/3222/3989
f 1195/3068/3990 2211/1164/3990 1194/61/3990
f 2381/3648/3991 638/3879/3991 2095/3649/3991
f 1832/150/3992 1331/2570/3992 1157/149/3992
f 2232/3625/3993 1394/3233/3993 638/3879/3993
f 1835/3880/3994 501/3547/3994 1834/3310/3994
f 171/187/3995 1768/1702/3995 1767/1855/3995
f 1976/1917/3996 2137/2253/3996 2063/760/3996
f 824/3559/3997 1696/1160/3997 1145/1158/3997
f 1403/3672/3998 2318/983/3998 822/2407/3998
f 2240/3618/3999 1924/3619/3999 609/3881/3999
f 1241/3560/4000 792/3353/4000 1918/1840/4000
f 1114/425/4001 619/696/4001 903/958/4001
f 314/683/4002 1352/2233/4002 2448/1401/4002
f 1119/3278/4003 475/293/4003 2254/1288/4003
f 1563/3882/4004 115/3883/4004 730/3324/4004
f 1119/3278/4005 1564/1289/4005 1565/1531/4005
f 2216/1490/4006 412/2227/4006 870/2939/4006
f 1973/2671/4007 1574/850/4007 785/851/4007
f 1511/830/4008 2398/831/4008 765/829/4008
f 1019/143/4009 1537/2646/4009 2361/3599/4009
f 1746/660/4010 2033/442/4010 2132/3311/4010
f 828/1691/4011 1138/2143/4011 1758/1151/4011
f 2053/3884/4012 896/2469/4012 2412/3885/4012
f 2053/3884/4013 730/3324/4013 896/2469/4013
f 2076/939/4014 1/2064/4014 361/943/4014
f 1458/1561/4015 182/2509/4015 1597/1560/4015
f 1329/2277/4016 1333/2463/4016 850/379/4016
f 1329/2277/4017 1330/3698/4017 1333/2463/4017
f 905/3306/4018 182/2509/4018 2334/2431/4018
f 1597/1560/4019 182/2509/4019 905/3306/4019
f 1330/3698/4020 1329/2277/4020 1381/3697/4020
f 1149/2351/4021 1986/21/4021 22/19/4021
f 1258/1258/4022 895/2320/4022 1257/1257/4022
f 2247/157/4023 59/3529/4023 58/3827/4023
f 2321/3044/4024 290/1229/4024 1227/2092/4024
f 1258/1258/4025 1543/1520/4025 895/2320/4025
f 712/3028/4026 1099/3268/4026 2370/1987/4026
f 1686/1117/4027 2370/1987/4027 1099/3268/4027
f 305/3593/4028 928/990/4028 521/1604/4028
f 663/773/4029 2291/534/4029 474/535/4029
f 2090/3002/4030 2142/1119/4030 66/3001/4030
f 1480/1684/4031 645/3367/4031 180/209/4031
f 2412/3885/4032 896/2469/4032 2346/2470/4032
f 2197/2501/4033 1027/1984/4033 318/2183/4033
f 2197/2225/4034 318/1954/4034 626/1962/4034
f 60/68/4035 1822/3345/4035 1821/1183/4035
f 60/68/4036 1821/1183/4036 2410/996/4036
f 2170/3466/4037 1267/2974/4037 1436/3136/4037
f 1606/516/4038 745/3886/4038 2047/2013/4038
f 744/2924/4039 745/3886/4039 1606/516/4039
f 1372/3545/4040 2064/3887/4040 399/477/4040
f 1013/1081/4041 1012/1082/4041 1027/1984/4041
f 1775/1489/4042 623/3355/4042 1133/3356/4042
f 1924/3619/4043 787/2334/4043 1607/2335/4043
f 891/3492/4044 603/3162/4044 892/1869/4044
f 1581/1786/4045 1850/1689/4045 947/1124/4045
f 112/3821/4046 339/1804/4046 1485/3416/4046
f 339/1804/4047 112/3821/4047 2075/2310/4047
f 1274/3866/4048 2423/3849/4048 237/2805/4048
f 2278/2256/4049 718/3860/4049 542/1216/4049
f 1099/3268/4050 712/3028/4050 2362/3029/4050
f 428/978/4051 1536/979/4051 2449/3888/4051
f 1833/3543/4052 359/3519/4052 1009/2424/4052
f 1746/660/4053 591/2065/4053 1490/3490/4053
f 380/448/4054 951/449/4054 1359/2481/4054
f 2211/1164/4055 2140/1406/4055 1194/61/4055
f 466/3889/4056 1855/885/4056 2192/729/4056
f 1854/1279/4057 1985/1719/4057 784/3390/4057
f 1174/1186/4058 1254/1251/4058 980/2124/4058
f 131/1918/4059 1835/3880/4059 1834/3310/4059
f 2077/2066/4060 1505/2746/4060 1493/3549/4060
f 306/426/4061 2498/3891/4061 2452/3890/4061
f 141/1902/4062 738/3892/4062 142/2226/4062
f 143/726/4063 738/3893/4063 141/1905/4063
f 567/3024/4064 12/2606/4064 2419/3023/4064
f 931/181/4065 803/3894/4065 1369/2836/4065
f 972/1021/4066 2345/923/4066 1538/921/4066
f 369/3895/4067 669/741/4067 1913/742/4067
f 1913/2697/4068 103/2698/4068 369/3396/4068
f 2113/2122/4069 1633/1587/4069 2367/1585/4069
f 2367/1585/4070 1634/3246/4070 2113/2122/4070
f 914/3405/4071 1236/3406/4071 353/3538/4071
f 851/902/4072 852/903/4072 2377/1375/4072
f 1675/172/4073 989/3734/4073 990/174/4073
f 2032/2210/4074 2185/2778/4074 1013/1081/4074
f 2032/2210/4075 1504/2211/4075 2185/2778/4075
f 1822/3345/4076 2239/3435/4076 1448/116/4076
f 2314/3597/4077 1436/3136/4077 998/3135/4077
f 2199/1652/4078 1710/857/4078 1491/858/4078
f 828/1691/4079 829/2933/4079 425/3776/4079
f 754/957/4080 2375/165/4080 1961/3254/4080
f 1338/103/4081 394/104/4081 689/1332/4081
f 409/2645/4082 410/3810/4082 286/2421/4082
f 1034/2744/4083 2066/2138/4083 281/2110/4083
f 1908/3594/4084 1909/3729/4084 305/3593/4084
f 1266/2934/4085 669/741/4085 369/3895/4085
f 1818/3682/4086 917/3896/4086 2270/3681/4086
f 678/1086/4087 1423/2733/4087 268/2845/4087
f 1534/2706/4088 1890/161/4088 1535/162/4088
f 828/1691/4089 425/3776/4089 1138/2143/4089
f 2028/1977/4090 577/648/4090 1969/649/4090
f 2028/1977/4091 1555/1806/4091 577/648/4091
f 2279/1180/4092 1745/661/4092 2152/3021/4092
f 993/443/4093 2132/3311/4093 2033/442/4093
f 101/117/4094 1822/3345/4094 1448/116/4094
f 1154/3815/4095 967/2395/4095 968/3009/4095
f 1550/3320/4096 2025/1973/4096 1053/1972/4096
f 234/1136/4097 98/3473/4097 1129/1138/4097
f 98/3897/4098 387/1305/4098 1129/1101/4098
f 1828/3452/4099 416/1743/4099 417/1172/4099
f 448/514/4100 2469/2528/4100 1318/1308/4100
f 779/2558/4101 778/2832/4101 1603/2560/4101
f 714/788/4102 891/3492/4102 713/732/4102
f 713/732/4103 891/3492/4103 892/1869/4103
f 791/3898/4104 792/3353/4104 1241/3560/4104
f 212/246/4105 1596/100/4105 211/101/4105
f 773/847/4106 1738/3758/4106 1933/2970/4106
f 310/371/4107 307/2195/4107 309/370/4107
f 2353/3748/4108 245/3614/4108 1702/3615/4108
f 927/3899/4109 928/3526/4109 434/3375/4109
f 1172/1182/4110 36/3020/4110 1450/2361/4110
f 1614/248/4111 1509/197/4111 344/195/4111
f 135/3235/4112 857/907/4112 190/1863/4112
f 2013/505/4113 1286/3191/4113 2408/1286/4113
f 2408/1286/4114 438/504/4114 2013/505/4114
f 1854/1279/4115 784/3390/4115 1271/2718/4115
f 1662/1611/4116 341/396/4116 1511/830/4116
f 1614/248/4117 1169/3900/4117 1613/3465/4117
f 1784/1713/4118 583/3806/4118 1660/3048/4118
f 254/3219/4119 436/3388/4119 780/2831/4119
f 1042/152/4120 287/335/4120 988/1034/4120
f 1667/1030/4121 988/1031/4121 287/1052/4121
f 1044/2921/4122 1011/2919/4122 2407/3721/4122
f 55/62/4123 1629/2341/4123 164/1846/4123
f 2455/3313/4124 1039/2037/4124 1886/2038/4124
f 718/3860/4125 510/575/4125 1968/1912/4125
f 359/3183/4126 2240/3618/4126 609/3881/4126
f 122/3901/4127 2064/3887/4127 1372/3545/4127
f 1345/3528/4128 1884/730/4128 662/731/4128
f 1413/2594/4129 1691/3521/4129 623/2593/4129
f 443/3686/4130 2423/3525/4130 1274/1853/4130
f 925/3253/4131 1963/211/4131 1260/1900/4131
f 1447/2782/4132 694/2783/4132 2124/3083/4132
f 459/3434/4133 460/1199/4133 787/2334/4133
f 1229/1519/4134 2437/71/4134 350/2317/4134
f 1291/3378/4135 1292/3578/4135 723/3377/4135
f 723/3377/4136 1292/3578/4136 963/3565/4136
f 2103/3627/4137 1371/3544/4137 1923/3161/4137
f 1087/3628/4138 1372/3545/4138 1371/3544/4138
f 1634/3246/4139 2399/2914/4139 2113/2122/4139
f 859/2371/4140 2288/95/4140 1912/3807/4140
f 35/38/4141 1446/39/4141 103/2698/4141
f 2232/3625/4142 2381/3648/4142 474/3213/4142
f 1432/982/4143 26/28/4143 27/29/4143
f 1431/3566/4144 26/28/4144 1432/982/4144
f 1154/3815/4145 1155/610/4145 1733/611/4145
f 1867/3372/4146 979/1796/4146 277/3767/4146
f 1748/2738/4147 1867/3372/4147 277/3767/4147
f 1682/3385/4148 1171/3197/4148 2347/10/4148
f 1718/2913/4149 1226/2581/4149 1034/2582/4149
f 328/384/4150 1136/1148/4150 151/3617/4150
f 1695/2762/4151 1302/2012/4151 1564/1289/4151
f 1771/2379/4152 2302/2966/4152 2300/3178/4152
f 2454/2062/4153 1594/3327/4153 1497/2829/4153
f 2051/3902/4154 1084/3402/4154 2027/2858/4154
f 2256/813/4155 1317/3903/4155 234/275/4155
f 2310/3160/4156 1473/1826/4156 378/3517/4156
f 1243/818/4157 1244/2120/4157 418/2863/4157
f 1605/820/4158 1243/818/4158 418/2863/4158
f 749/3612/4159 1139/3567/4159 1919/446/4159
f 387/1305/4160 98/3897/4160 2248/3904/4160
f 2248/3904/4161 98/3897/4161 983/3905/4161
f 1828/3452/4162 484/1742/4162 416/1743/4162
f 162/2822/4163 2127/2139/4163 907/2140/4163
f 1757/2973/4164 2002/3364/4164 58/3906/4164
f 125/139/4165 643/2167/4165 2465/3018/4165
f 323/3591/4166 2324/1793/4166 1843/606/4166
f 1516/2626/4167 433/3907/4167 1100/3150/4167
f 1516/2626/4168 1896/733/4168 433/3907/4168
f 2180/1481/4169 1026/3482/4169 1880/758/4169
f 2230/2043/4170 507/2044/4170 465/2619/4170
f 507/2044/4171 2446/2042/4171 192/2771/4171
f 2041/1061/4172 2119/3437/4172 1428/1060/4172
f 428/978/4173 1585/2247/4173 133/167/4173
f 2203/1015/4174 902/1016/4174 1421/2513/4174
f 1312/2905/4175 1629/2341/4175 2383/2841/4175
f 1169/1177/4176 2018/33/4176 38/40/4176
f 2500/3055/4177 1444/1446/4177 2436/1447/4177
f 666/738/4178 944/736/4178 945/1004/4178
f 1288/2113/4179 666/3640/4179 945/3075/4179
f 1231/1872/4180 1230/2982/4180 2069/1871/4180
f 1932/2059/4181 463/3319/4181 1677/3718/4181
f 1932/2059/4182 1933/2970/4182 463/3319/4182
f 330/3908/4183 2305/3910/4183 1960/3909/4183
f 1683/3293/4184 2309/3025/4184 2347/10/4184
f 1578/1404/4185 1508/2910/4185 13/2911/4185
f 1704/3839/4186 2264/3488/4186 838/1811/4186
f 384/663/4187 1876/2488/4187 178/2632/4187
f 2419/3023/4188 1548/927/4188 1740/3022/4188
f 648/1272/4189 1643/2376/4189 2155/2561/4189
f 1679/2194/4190 242/3867/4190 2364/3911/4190
f 462/3912/4191 2464/3380/4191 2093/3913/4191
f 2095/3649/4192 2094/2434/4192 2000/3069/4192
f 1245/3130/4193 1744/3914/4193 129/2798/4193
f 1602/280/4194 1663/2591/4194 241/282/4194
f 1600/3915/4195 2438/1178/4195 1170/1179/4195
f 1632/1642/4196 1633/3916/4196 584/656/4196
f 2411/2637/4197 1378/2638/4197 1190/2816/4197
f 2100/3917/4198 1182/3283/4198 1183/3762/4198
f 1182/3432/4199 2100/3918/4199 2333/450/4199
f 1119/3278/4200 1294/539/4200 2352/537/4200
f 1434/1421/4201 1990/1422/4201 2086/1932/4201
f 2055/1657/4202 948/3919/4202 1899/1656/4202
f 1025/2387/4203 1960/2391/4203 2305/2386/4203
f 2414/1110/4204 2303/769/4204 1796/3920/4204
f 2303/769/4205 2414/1110/4205 690/768/4205
f 1482/2687/4206 2057/3766/4206 1749/507/4206
f 2222/2555/4207 1225/665/4207 1226/2581/4207
f 1410/1765/4208 1411/3344/4208 12/2606/4208
f 2414/1110/4209 1796/3920/4209 1272/3470/4209
f 1495/2837/4210 2458/1371/4210 1077/3743/4210
f 1079/1666/4211 1495/1926/4211 1077/1665/4211
f 1254/2189/4212 1956/3060/4212 2168/2237/4212
f 2125/2136/4213 1084/3402/4213 2341/2451/4213
f 1721/3675/4214 1430/2753/4214 1431/3566/4214
f 1844/333/4215 2422/278/4215 1515/3151/4215
f 1515/3151/4216 2422/278/4216 664/279/4216
f 1915/3033/4217 2439/973/4217 240/639/4217
f 1362/2169/4218 2289/2523/4218 443/3686/4218
f 443/3686/4219 2289/2523/4219 2423/3525/4219
f 1477/1471/4220 665/3768/4220 133/167/4220
f 1615/340/4221 178/2632/4221 1812/2283/4221
f 307/2195/4222 2499/3853/4222 1679/2194/4222
f 1728/1703/4223 1975/2537/4223 1729/191/4223
f 2364/1628/4224 242/3921/4224 2493/2491/4224
f 1449/3922/4225 1704/3839/4225 838/1811/4225
f 1168/2749/4226 1419/3124/4226 1418/2607/4226
f 1324/3923/4227 2062/2030/4227 1950/2852/4227
f 1004/1781/4228 1003/1782/4228 1950/3723/4228
f 686/2890/4229 2182/3924/4229 2236/2889/4229
f 1990/1422/4230 905/3306/4230 2334/2431/4230
f 1674/1266/4231 1881/3925/4231 1221/182/4231
f 1669/3506/4232 1057/3505/4232 376/2272/4232
f 2347/10/4233 2348/11/4233 1682/3385/4233
f 1580/1785/4234 1264/3926/4234 2133/2415/4234
f 1071/2997/4235 2101/1723/4235 2465/1724/4235
f 958/3252/4236 1283/1282/4236 2299/2945/4236
f 2017/2666/4237 1283/1282/4237 958/3252/4237
f 2435/3062/4238 775/2969/4238 774/2060/4238
f 224/594/4239 1972/3927/4239 1385/3581/4239
f 754/957/4240 2276/833/4240 1769/956/4240
f 2263/2339/4241 2407/3721/4241 1011/2919/4241
f 1075/2995/4242 1578/1404/4242 13/2911/4242
f 1550/3320/4243 280/2828/4243 2025/1973/4243
f 538/2079/4244 467/3359/4244 1248/3928/4244
f 23/3206/4245 2396/1735/4245 898/3407/4245
f 1965/3532/4246 1544/590/4246 1604/588/4246
f 1696/1160/4247 845/2093/4247 1692/2094/4247
f 2038/2951/4248 1642/3281/4248 935/2446/4248
f 1728/2981/4249 1776/805/4249 2269/803/4249
f 472/1074/4250 2285/3929/4250 1053/1972/4250
f 1874/1803/4251 1791/1718/4251 340/395/4251
f 2278/2256/4252 510/575/4252 718/3860/4252
f 2210/2216/4253 1152/1163/4253 1465/2941/4253
f 267/3491/4254 2103/3627/4254 1923/3161/4254
f 791/3898/4255 709/1487/4255 792/3353/4255
f 498/2838/4256 793/3417/4256 1198/1201/4256
f 1405/3478/4257 359/3183/4257 1833/3509/4257
f 1940/1167/4258 443/3686/4258 1274/1853/4258
f 2248/2790/4259 983/3930/4259 2444/746/4259
f 983/3474/4260 234/1136/4260 2444/526/4260
f 2279/1180/4261 2152/3021/4261 1172/1182/4261
f 1626/1214/4262 2278/2256/4262 542/1216/4262
f 699/2428/4263 1626/1214/4263 1210/1215/4263
f 2260/3210/4264 1180/3702/4264 2261/1637/4264
f 2051/720/4265 1085/2299/4265 1851/2300/4265
f 649/3058/4266 1567/2493/4266 1763/2494/4266
f 818/872/4267 1230/2982/4267 533/1775/4267
f 533/1775/4268 1230/2982/4268 2150/3409/4268
f 1644/1341/4269 1346/1342/4269 1288/2113/4269
f 309/370/4270 1640/3256/4270 308/369/4270
f 236/3931/4271 1842/1777/4271 235/1686/4271
f 305/3593/4272 1685/3170/4272 928/990/4272
f 2057/3766/4273 849/1465/4273 848/2611/4273
f 1444/3536/4274 2500/3053/4274 114/2755/4274
f 866/2103/4275 2083/2074/4275 860/2904/4275
f 1430/3932/4276 1639/3270/4276 73/3933/4276
f 2071/2258/4277 2404/2259/4277 2424/985/4277
f 420/3764/4278 421/1739/4278 2330/1877/4278
f 1100/3386/4279 2310/3934/4279 21/18/4279
f 286/2421/4280 410/3810/4280 1089/1486/4280
f 687/2819/4281 1936/3621/4281 1530/3209/4281
f 529/2511/4282 1721/3935/4282 1374/3755/4282
f 1036/3875/4283 2443/2186/4283 2166/2187/4283
f 71/76/4284 622/2394/4284 70/75/4284
f 71/1242/4285 364/3003/4285 622/3936/4285
f 2491/561/4286 312/373/4286 1005/3937/4286
f 1130/1102/4287 2488/3477/4287 1840/3100/4287
f 1075/2995/4288 1929/3086/4288 1071/2997/4288
f 914/1694/4289 1760/1695/4289 924/3031/4289
f 1640/3570/4290 342/3938/4290 1639/3270/4290
f 1004/3939/4291 1950/2852/4291 1242/2853/4291
f 1458/1457/4292 1457/1458/4292 2246/2284/4292
f 1036/3116/4293 1921/3394/4293 390/467/4293
f 435/917/4294 1806/1024/4294 2452/916/4294
f 1296/1291/4295 1297/1292/4295 859/2371/4295
f 1654/3868/4296 599/2583/4296 590/2584/4296
f 321/2728/4297 811/1688/4297 812/3242/4297
f 1255/1953/4298 2438/1178/4298 1256/3940/4298
f 485/3056/4299 486/3941/4299 2477/1092/4299
f 430/3572/4300 2129/1338/4300 1856/1335/4300
f 960/1012/4301 2417/2752/4301 130/2363/4301
f 1436/3136/4302 1267/2974/4302 2089/3134/4302
f 743/3942/4303 1677/2543/4303 658/1603/4303
f 1891/3689/4304 939/3716/4304 2131/1996/4304
f 658/1603/4305 1677/2543/4305 1652/1602/4305
f 1843/606/4306 2150/607/4306 323/3591/4306
f 1798/1736/4307 54/1484/4307 1163/2479/4307
f 108/3154/4308 94/215/4308 2257/627/4308
f 1512/2251/4309 421/1739/4309 420/3764/4309
f 19/220/4310 1223/414/4310 1993/222/4310
f 408/963/4311 2186/2839/4311 2011/3943/4311
f 1355/2811/4312 1078/2229/4312 2259/3944/4312
f 557/889/4313 1657/2048/4313 834/891/4313
f 1712/3308/4314 1713/677/4314 1853/2603/4314
f 158/177/4315 157/175/4315 1577/2432/4315
f 1373/3190/4316 2466/70/4316 1857/2052/4316
f 1910/1027/4317 2400/2685/4317 1911/2686/4317
f 2400/2685/4318 1910/1027/4318 439/1028/4318
f 2325/679/4319 1848/3092/4319 1038/3314/4319
f 2207/960/4320 2206/3329/4320 2110/3468/4320
f 2008/1010/4321 1289/3073/4321 656/3074/4321
f 1696/1160/4322 1692/2094/4322 1697/3428/4322
f 1499/1144/4323 1134/1145/4323 1856/1335/4323
f 2285/3874/4324 1730/109/4324 1731/3630/4324
f 1509/1650/4325 795/859/4325 796/56/4325
f 1206/3294/4326 2048/3945/4326 1661/1613/4326
f 1990/1422/4327 1433/1423/4327 905/3306/4327
f 1061/2976/4328 628/1206/4328 629/1207/4328
f 1168/2749/4329 2493/3946/4329 242/2751/4329
f 78/90/4330 2420/2679/4330 586/2680/4330
f 2310/3934/4331 1323/3026/4331 21/18/4331
f 1545/3239/4332 1460/2869/4332 1459/2868/4332
f 1741/1675/4333 1811/3606/4333 2097/2972/4333
f 2435/3062/4334 773/847/4334 775/2969/4334
f 1294/539/4335 1119/3278/4335 1565/1531/4335
f 1585/2247/4336 428/978/4336 1586/2295/4336
f 1652/3719/4337 463/3319/4337 1653/3947/4337
f 2011/3943/4338 783/2840/4338 2321/1619/4338
f 468/824/4339 1042/1065/4339 764/826/4339
f 984/14/4340 1037/1062/4340 2462/612/4340
f 1643/2376/4341 2415/1014/4341 2155/2561/4341
f 235/1686/4342 1542/1687/4342 236/3931/4342
f 581/654/4343 578/651/4343 1535/1123/4343
f 1590/3948/4344 578/3950/4344 581/3949/4344
f 697/778/4345 2349/3738/4345 548/3805/4345
f 2329/3006/4346 2122/876/4346 1494/877/4346
f 1386/1381/4347 1604/588/4347 1908/1538/4347
f 1604/3951/4348 1909/3953/4348 1908/3952/4348
f 2289/2523/4349 1625/1772/4349 699/2428/4349
f 533/1775/4350 322/1776/4350 818/872/4350
f 1916/2649/4351 791/2650/4351 1241/3419/4351
f 2403/2734/4352 2007/1730/4352 714/3448/4352
f 714/3448/4353 2007/1730/4353 891/3954/4353
f 394/924/4354 2484/3955/4354 303/473/4354
f 2205/1930/4355 2432/2724/4355 415/2374/4355
f 60/68/4356 2239/3435/4356 1822/3345/4356
f 2035/2357/4357 127/1508/4357 2126/212/4357
f 2053/3884/4358 1563/3882/4358 730/3324/4358
f 1562/3956/4359 1563/3882/4359 2053/3884/4359
f 1474/2459/4360 1477/1471/4360 1472/2458/4360
f 6/930/4361 1343/3957/4361 2160/3067/4361
f 1101/3341/4362 1323/3340/4362 378/3517/4362
f 131/1918/4363 1834/3310/4363 132/1920/4363
f 862/911/4364 170/186/4364 115/3883/4364
f 1032/2029/4365 1368/755/4365 2360/488/4365
f 1760/1695/4366 2271/2236/4366 2189/3312/4366
f 204/3958/4367 413/3008/4367 1387/2531/4367
f 1400/1026/4368 981/164/4368 1401/786/4368
f 2310/3160/4369 1100/3959/4369 433/1825/4369
f 627/3960/4370 1891/3689/4370 1450/2821/4370
f 619/696/4371 1114/425/4371 1948/3961/4371
f 72/3838/4372 2031/3641/4372 1346/1342/4372
f 2470/2925/4373 2398/831/4373 341/396/4373
f 1689/3243/4374 2336/475/4374 1688/1107/4374
f 2093/3913/4375 658/1603/4375 2091/1601/4375
f 1792/1729/4376 1825/3085/4376 375/2766/4376
f 1598/2959/4377 2297/3421/4377 2442/2958/4377
f 1163/2479/4378 54/1484/4378 92/1485/4378
f 293/3535/4379 1186/3533/4379 559/3784/4379
f 711/2563/4380 2370/1987/4380 2376/3656/4380
f 2128/1339/4381 1499/1144/4381 1856/1335/4381
f 1499/749/4382 2128/2142/4382 270/45/4382
f 998/1856/4383 999/3603/4383 1767/1855/4383
f 819/873/4384 1628/2983/4384 818/872/4384
f 1649/1599/4385 2240/3618/4385 359/3183/4385
f 1390/536/4386 2232/1385/4386 474/535/4386
f 266/1732/4387 2103/3962/4387 267/1731/4387
f 1581/3639/4388 508/3647/4388 79/93/4388
f 2007/1730/4389 267/1731/4389 891/3954/4389
f 1291/3378/4390 759/822/4390 1292/3578/4390
f 442/1854/4391 1362/2169/4391 443/3686/4391
f 521/593/4392 536/3963/4392 397/1038/4392
f 1034/2744/4393 1561/2137/4393 2066/2138/4393
f 1032/2029/4394 2360/488/4394 941/1057/4394
f 2014/823/4395 1405/3478/4395 759/822/4395
f 759/822/4396 1405/3478/4396 107/3508/4396
f 618/2423/4397 1609/1150/4397 426/1669/4397
f 791/2650/4398 708/2801/4398 709/3422/4398
f 459/3434/4399 498/2838/4399 460/1199/4399
f 2316/3964/4400 1914/2773/4400 668/740/4400
f 853/3965/4401 1330/1323/4401 852/3966/4401
f 923/1093/4402 1086/1094/4402 2030/3740/4402
f 2431/3787/4403 923/1093/4403 2030/3740/4403
f 796/56/4404 532/1051/4404 1491/858/4404
f 77/185/4405 589/3816/4405 588/1683/4405
f 70/75/4406 1242/2853/4406 2062/2030/4406
f 1171/3197/4407 2279/1180/4407 2273/1181/4407
f 207/2553/4408 2092/2552/4408 406/3967/4408
f 1255/1953/4409 2018/33/4409 2438/1178/4409
f 474/3213/4410 2381/3648/4410 1098/1140/4410
f 878/2273/4411 2362/3029/4411 376/2272/4411
f 515/2021/4412 921/3382/4412 2255/2580/4412
f 1393/3645/4413 216/2849/4413 1613/3968/4413
f 553/179/4414 552/1761/4414 1528/918/4414
f 1595/1745/4415 1332/1329/4415 1808/102/4415
f 2433/2726/4416 1636/2727/4416 1635/3757/4416
f 576/2886/4417 2286/2630/4417 1714/2631/4417
f 1634/3246/4418 1033/1919/4418 2399/2914/4418
f 1486/2108/4419 1645/2507/4419 462/3912/4419
f 25/2107/4420 1486/2108/4420 462/3912/4420
f 2269/803/4421 197/804/4421 1349/3076/4421
f 1849/3747/4422 1630/3970/4422 949/3969/4422
f 2273/1960/4423 1450/2821/4423 625/2144/4423
f 688/1189/4424 1463/2535/4424 2382/1188/4424
f 1612/1226/4425 2207/960/4425 1611/848/4425
f 1981/777/4426 548/3805/4426 1980/3472/4426
f 880/1208/4427 489/965/4427 2217/1210/4427
f 1190/2816/4428 1189/3971/4428 2411/2637/4428
f 2372/3158/4429 2262/2018/4429 206/2019/4429
f 123/3071/4430 535/615/4430 311/616/4430
f 1080/3412/4431 1883/3447/4431 1884/2669/4431
f 887/3202/4432 2383/2841/4432 2088/3250/4432
f 1800/3111/4433 2070/3679/4433 1316/3512/4433
f 449/515/4434 2331/247/4434 2332/245/4434
f 972/1021/4435 1600/1255/4435 1170/2219/4435
f 408/963/4436 2187/2215/4436 2186/2839/4436
f 102/3049/4437 2062/2030/4437 1324/3923/4437
f 245/2978/4438 2367/2496/4438 1632/2977/4438
f 1643/2376/4439 525/2634/4439 2415/1014/4439
f 729/2242/4440 505/2664/4440 2256/3662/4440
f 2274/1550/4441 220/2760/4441 1325/3142/4441
f 1584/1328/4442 220/2760/4442 2274/1550/4442
f 1267/2974/4443 1270/3389/4443 2089/3134/4443
f 1727/2601/4444 2397/3972/4444 675/2505/4444
f 2114/2779/4445 823/3558/4445 2115/124/4445
f 1969/649/4446 2467/1170/4446 1744/3455/4446
f 1621/1579/4447 2283/3369/4447 2335/3401/4447
f 1651/3973/4448 1169/1177/4448 38/40/4448
f 1310/294/4449 520/3175/4449 2426/2011/4449
f 2175/3087/4450 1720/2200/4450 1525/2201/4450
f 1435/3471/4451 2353/3974/4451 1829/3091/4451
f 1739/3820/4452 777/2659/4452 545/2063/4452
f 545/2063/4453 777/2659/4453 2110/3468/4453
f 703/2221/4454 1846/2452/4454 555/2453/4454
f 1546/3975/4455 278/971/4455 1959/1374/4455
f 1598/2959/4456 1040/2960/4456 348/3704/4456
f 393/3976/4457 2173/3808/4457 1999/3442/4457
f 909/2492/4458 1079/1666/4458 1725/1664/4458
f 141/1902/4459 142/2226/4459 800/864/4459
f 1937/1205/4460 2092/2552/4460 629/1207/4460
f 2253/80/4461 2146/3527/4461 1403/3977/4461
f 2131/1996/4462 939/3716/4462 1541/3695/4462
f 1022/2390/4463 2306/2404/4463 1492/2554/4463
f 116/3978/4464 2045/3285/4464 1182/3283/4464
f 1603/3979/4465 1684/3169/4465 1604/3790/4465
f 1315/3980/4466 299/1032/4466 1904/1835/4466
f 676/2602/4467 1886/2038/4467 547/2036/4467
f 1454/1452/4468 2184/3563/4468 2049/3561/4468
f 413/3008/4469 2378/3981/4469 2275/238/4469
f 842/898/4470 2210/2216/4470 841/897/4470
f 471/1073/4471 2025/1973/4471 1593/1556/4471
f 1842/3840/4472 236/1433/4472 943/3267/4472
f 643/3841/4473 261/2996/4473 1071/2997/4473
f 2160/1209/4474 1343/3982/4474 2129/2695/4474
f 1359/2481/4475 2312/1845/4475 2037/1127/4475
f 595/2370/4476 1057/3505/4476 1736/2909/4476
f 917/3896/4477 329/2001/4477 2270/3681/4477
f 1857/2052/4478 2410/996/4478 2052/997/4478
f 393/471/4479 688/1189/4479 1184/1187/4479
f 598/953/4480 1424/3677/4480 371/955/4480
f 941/1057/4481 734/489/4481 2023/3983/4481
f 1336/883/4482 2184/3563/4482 1454/1452/4482
f 2121/1529/4483 1153/2100/4483 758/1393/4483
f 2469/2528/4484 449/515/4484 14/3015/4484
f 2330/1877/4485 1113/2916/4485 119/3765/4485
f 463/3319/4486 1053/1972/4486 1653/3947/4486
f 2450/2998/4487 2215/2999/4487 1796/3920/4487
f 1645/2507/4488 2464/3380/4488 462/3912/4488
f 819/873/4489 817/2569/4489 1892/1941/4489
f 607/678/4490 676/2602/4490 1713/677/4490
f 1237/401/4491 2391/3737/4491 1263/400/4491
f 909/2492/4492 1725/1664/4492 2118/3688/4492
f 1542/3708/4493 1044/3489/4493 1440/50/4493
f 1593/1556/4494 2025/1973/4494 1497/2829/4494
f 1949/2745/4495 348/3704/4495 2242/2274/4495
f 1219/1948/4496 683/2562/4496 1217/3608/4496
f 982/1892/4497 2351/3745/4497 2476/3137/4497
f 1613/3984/4498 1169/1177/4498 1651/3973/4498
f 1508/2910/4499 1469/3157/4499 46/2912/4499
f 1874/1803/4500 340/395/4500 1602/280/4500
f 318/1954/4501 2492/1955/4501 2019/1961/4501
f 1178/2956/4502 1135/2740/4502 1928/1876/4502
f 649/3058/4503 1261/1901/4503 1567/2493/4503
f 649/3058/4504 1260/1900/4504 1261/1901/4504
f 1178/2956/4505 95/1157/4505 2191/1155/4505
f 1178/2956/4506 1179/1874/4506 95/1157/4506
f 1649/1599/4507 461/3620/4507 2240/3618/4507
f 318/1954/4508 2019/1961/4508 626/1962/4508
f 1026/3482/4509 1119/3278/4509 2352/537/4509
f 2282/3985/4510 986/1424/4510 1979/1924/4510
f 985/2471/4511 986/1424/4511 2282/3985/4511
f 490/626/4512 1404/1405/4512 2392/216/4512
f 490/547/4513 2392/3291/4513 95/524/4513
f 1965/3986/4514 1386/2514/4514 864/950/4514
f 1437/3710/4515 2313/1293/4515 1296/1291/4515
f 110/3859/4516 2190/3727/4516 1347/1270/4516
f 2190/3727/4517 762/1595/4517 2290/1593/4517
f 1921/2231/4518 1922/1113/4518 390/1111/4518
f 2412/2135/4519 2346/3585/4519 81/98/4519
f 2022/1966/4520 72/3661/4520 2190/1968/4520
f 1756/3750/4521 639/3198/4521 642/875/4521
f 2061/3751/4522 1478/2133/4522 2440/3987/4522
f 682/3230/4523 980/2124/4523 1902/3228/4523
f 116/3978/4524 1456/1453/4524 2045/3285/4524
f 2045/3285/4525 1456/1453/4525 2049/3561/4525
f 2457/3833/4526 1506/1660/4526 606/1658/4526
f 2443/2186/4527 1036/3875/4527 1055/1071/4527
f 190/219/4528 1816/221/4528 745/513/4528
f 1411/3344/4529 2180/1481/4529 2090/3002/4529
f 1487/3749/4530 240/639/4530 539/617/4530
f 1464/3238/4531 1460/2869/4531 1545/3239/4531
f 2083/2074/4532 1629/2341/4532 1312/2905/4532
f 1536/1511/4533 1432/982/4533 150/1513/4533
f 462/3912/4534 2093/3913/4534 1311/3511/4534
f 2468/2923/4535 940/2338/4535 1011/2919/4535
f 2215/2999/4536 2478/2095/4536 1797/3007/4536
f 2071/2258/4537 2318/983/4537 2147/3671/4537
f 1702/3615/4538 1631/3988/4538 2353/3748/4538
f 687/2819/4539 358/3595/4539 1936/3621/4539
f 1657/2048/4540 69/74/4540 833/2031/4540
f 498/2838/4541 1987/3370/4541 793/3417/4541
f 266/1732/4542 1273/3503/4542 2103/3962/4542
f 676/2602/4543 1202/2776/4543 1363/2777/4543
f 1750/2572/4544 2292/3633/4544 992/2571/4544
f 2375/165/4545 148/166/4545 1484/3876/4545
f 2194/821/4546 759/822/4546 1291/3378/4546
f 1273/3503/4547 1087/2993/4547 2103/3962/4547
f 1175/2500/4548 1417/2498/4548 461/3620/4548
f 461/3620/4549 1417/2498/4549 786/3433/4549
f 268/2845/4550 2403/2734/4550 1883/3447/4550
f 1883/3447/4551 2403/2734/4551 714/3448/4551
f 1626/1214/4552 1375/540/4552 2278/2256/4552
f 1360/25/4553 1625/1772/4553 2289/2523/4553
f 320/1716/4554 1291/3378/4554 722/2742/4554
f 260/311/4555 708/2801/4555 791/2650/4555
f 2461/8/4556 2393/3379/4556 1252/2257/4556
f 650/3989/4557 179/176/4557 1574/850/4557
f 2415/1014/4558 525/2634/4558 959/2635/4558
f 492/1891/4559 2304/3494/4559 493/767/4559
f 1180/3702/4560 2308/2950/4560 2480/1636/4560
f 207/2553/4561 406/3967/4561 1559/3457/4561
f 2325/679/4562 1829/3091/4562 1848/3092/4562
f 1176/1435/4563 272/1436/4563 1224/3990/4563
f 784/3390/4564 2011/1720/4564 1227/2092/4564
f 440/1029/4565 1910/1027/4565 154/508/4565
f 226/1632/4566 232/1633/4566 1118/3713/4566
f 556/890/4567 834/891/4567 1191/3991/4567
f 2315/764/4568 627/700/4568 193/698/4568
f 855/89/4569 2221/2249/4569 77/88/4569
f 1846/2452/4570 1845/3453/4570 2341/2451/4570
f 1363/3699/4571 789/854/4571 2402/1005/4571
f 750/1653/4572 749/3612/4572 1646/2378/4572
f 2432/2724/4573 1984/484/4573 1985/485/4573
f 991/868/4574 1859/1614/4574 1750/2572/4574
f 1725/1664/4575 1077/1665/4575 1724/1663/4575
f 1863/1792/4576 485/3056/4576 2477/1092/4576
f 2384/2542/4577 1348/3381/4577 1349/3316/4577
f 1482/2687/4578 2369/1478/4578 2057/3766/4578
f 2323/2413/4579 1002/1549/4579 1126/1780/4579
f 1393/3645/4580 1651/1400/4580 2441/289/4580
f 1651/1400/4581 1393/3645/4581 1613/3968/4581
f 1245/3411/4582 1159/1169/4582 1865/154/4582
f 391/1415/4583 1423/2733/4583 678/1086/4583
f 1533/1112/4584 885/940/4584 1532/941/4584
f 1633/1587/4585 1899/1656/4585 948/3919/4585
f 2090/3002/4586 2180/1481/4586 677/759/4586
f 548/3805/4587 2349/3738/4587 1435/3471/4587
f 701/780/4588 2380/781/4588 281/2110/4588
f 837/2442/4589 854/2443/4589 702/782/4589
f 2142/1119/4590 2090/3002/4590 677/759/4590
f 1754/2887/4591 545/2063/4591 2110/3468/4591
f 2394/3724/4592 1731/3227/4592 1054/3110/4592
f 2394/3992/4593 2285/3929/4593 1731/3993/4593
f 1356/2895/4594 202/233/4594 728/1578/4594
f 1761/3855/4595 1356/2895/4595 728/1578/4595
f 2147/3671/4596 2318/983/4596 1403/3672/4596
f 2402/1005/4597 2397/2612/4597 1727/3700/4597
f 2124/3083/4598 405/3081/4598 1447/2782/4598
f 2368/1841/4599 1646/2378/4599 749/3612/4599
f 25/2107/4600 444/3678/4600 1781/3660/4600
f 650/3989/4601 1574/850/4601 1973/2671/4601
f 1052/2197/4602 2172/1184/4602 1051/2055/4602
f 803/3128/4603 1771/2379/4603 926/1366/4603
f 2441/289/4604 1651/1400/4604 313/376/4604
f 2048/3945/4605 1979/1924/4605 1661/1613/4605
f 27/29/4606 328/384/4606 1432/982/4606
f 2098/1221/4607 684/2627/4607 685/2525/4607
f 2098/1221/4608 685/2525/4608 763/1220/4608
f 2275/3994/4609 2414/1110/4609 1272/3470/4609
f 2401/3789/4610 1893/2267/4610 1639/3271/4610
f 812/3242/4611 1689/3243/4611 1648/3605/4611
f 2399/2914/4612 2222/2555/4612 1226/2581/4612
f 2073/3414/4613 1932/2059/4613 1677/3718/4613
f 1366/1361/4614 1970/1007/4614 1021/1998/4614
f 1524/2818/4615 547/3234/4615 1039/2817/4615
f 2459/774/4616 694/775/4616 2136/3995/4616
f 1750/3996/4617 588/1683/4617 180/209/4617
f 2230/2043/4618 465/2619/4618 2404/2259/4618
f 2221/2249/4619 589/2248/4619 77/88/4619
f 1426/3131/4620 1755/499/4620 1427/2823/4620
f 1905/1834/4621 317/3997/4621 1315/3980/4621
f 950/3127/4622 3/922/4622 719/1525/4622
f 1294/539/4623 1565/1531/4623 351/1616/4623
f 992/2571/4624 2292/3633/4624 587/3634/4624
f 111/3785/4625 1485/618/4625 219/254/4625
f 1752/2255/4626 1753/3998/4626 1571/413/4626
f 2304/3494/4627 1697/3428/4627 1692/2094/4627
f 135/3235/4628 464/3999/4628 1858/2866/4628
f 1137/3305/4629 1974/2506/4629 1645/2507/4629
f 464/2539/4630 135/493/4630 189/217/4630
f 48/53/4631 1830/51/4631 1675/172/4631
f 2268/15/4632 2151/13/4632 1815/613/4632
f 924/3030/4633 1001/584/4633 914/3405/4633
f 1739/3820/4634 545/2063/4634 2074/2061/4634
f 1674/3869/4635 2395/3177/4635 2302/2966/4635
f 1877/3217/4636 704/3218/4636 1878/2405/4636
f 738/3893/4637 143/726/4637 1623/364/4637
f 1636/2727/4638 926/1366/4638 1772/2380/4638
f 595/2370/4639 376/2272/4639 1057/3505/4639
f 879/926/4640 1548/927/4640 878/2273/4640
f 774/2060/4641 775/2969/4641 1932/2059/4641
f 2070/3679/4642 1800/3111/4642 2379/3670/4642
f 1773/3373/4643 1892/1941/4643 1774/3261/4643
f 1286/3191/4644 1552/3273/4644 1553/3659/4644
f 2358/1913/4645 2119/3437/4645 1021/1998/4645
f 1939/4000/4646 1469/3157/4646 1076/3223/4646
f 613/688/4647 294/3814/4647 1941/1857/4647
f 1286/3191/4648 2013/505/4648 1552/3273/4648
f 2093/3913/4649 743/3942/4649 658/1603/4649
f 878/2273/4650 1099/3268/4650 2362/3029/4650
f 1830/51/4651 989/3734/4651 1675/172/4651
f 1082/2419/4652 798/861/4652 799/862/4652
f 515/2021/4653 1265/2672/4653 368/819/4653
f 1421/2513/4654 1770/834/4654 962/3212/4654
f 2446/2042/4655 2147/3671/4655 192/2771/4655
f 1865/154/4656 1042/152/4656 468/4001/4656
f 1904/1835/4657 299/1032/4657 1667/1030/4657
f 1906/1053/4658 1904/1835/4658 1667/1030/4658
f 1905/1834/4659 1315/3980/4659 1904/1835/4659
f 1418/2607/4660 2493/3946/4660 1168/2749/4660
f 1877/3217/4661 1878/2405/4661 1707/1843/4661
f 1403/1698/4662 822/1820/4662 1568/1821/4662
f 158/177/4663 1574/850/4663 179/176/4663
f 1617/2965/4664 594/667/4664 1225/665/4664
f 1154/3815/4095 968/3009/4095 1977/3415/4095
f 1974/228/4665 1975/2536/4665 2269/803/4665
f 1337/1330/4666 377/2854/4666 21/18/4666
f 1038/3314/4667 2455/3313/4667 607/678/4667
f 607/678/4668 2455/3313/4668 1886/2038/4668
f 823/3558/4669 1572/2780/4669 2329/3006/4669
f 751/881/4670 753/1934/4670 1336/883/4670
f 2217/2245/4671 2220/2246/4671 2021/929/4671
f 2256/3662/4672 505/2664/4672 469/527/4672
f 929/560/4673 469/565/4673 505/562/4673
f 1414/3167/4674 1102/3553/4674 1734/3338/4674
f 2313/1293/4675 2312/1845/4675 1297/1292/4675
f 2153/2202/4676 1524/2818/4676 1525/2201/4676
f 457/1873/4677 1668/3361/4677 166/2296/4677
f 1361/1897/4678 1360/25/4678 1362/2169/4678
f 1362/2169/4679 1360/25/4679 2289/2523/4679
f 2135/3159/4680 1563/3631/4680 1562/3788/4680
f 1718/2913/4681 1719/1655/4681 1899/1656/4681
f 2002/3364/4682 1757/2973/4682 1112/2438/4682
f 948/3290/4683 584/656/4683 1633/3916/4683
f 2355/1959/4684 871/1802/4684 1621/1579/4684
f 170/186/4685 730/3324/4685 115/3883/4685
f 2027/3857/4686 2157/2312/4686 2051/720/4686
f 1393/3645/4687 2441/289/4687 634/3575/4687
f 1300/3016/4688 1794/3017/4688 1308/1300/4688
f 845/2093/4689 1696/1160/4689 824/3559/4689
f 2329/3006/4690 1494/877/4690 1797/3007/4690
f 2463/2222/4691 1478/2133/4691 1110/2134/4691
f 2440/3987/4692 1478/2133/4692 2463/2222/4692
f 2189/3312/4693 485/3056/4693 1863/1792/4693
f 529/2511/4694 277/1681/4694 2182/3924/4694
f 554/2859/4695 2125/2136/4695 1561/2137/4695
f 1922/1113/4696 1116/1480/4696 885/940/4696
f 1180/3702/4697 587/3634/4697 2308/2950/4697
f 1355/2811/4698 2259/3944/4698 1356/2810/4698
f 1184/1187/4699 2382/1188/4699 2435/4002/4699
f 129/2798/4700 1148/155/4700 1159/411/4700
f 991/868/4701 1370/869/4701 1859/1614/4701
f 1419/3124/4702 1168/2749/4702 1986/3123/4702
f 381/3374/4703 1036/3875/4703 1946/1870/4703
f 2274/1550/4704 1325/3142/4704 1002/1549/4704
f 2224/2252/4705 2272/2882/4705 2063/760/4705
f 1220/1225/4706 1951/3792/4706 1612/3791/4706
f 1457/1458/4707 1812/2286/4707 2246/2284/4707
f 1387/3865/4708 2262/2018/4708 940/2338/4708
f 1706/4003/4709 2493/3946/4709 1418/2607/4709
f 2295/3742/4710 1635/3757/4710 438/504/4710
f 2114/2779/4711 1572/2780/4711 823/3558/4711
f 1972/2293/4712 1803/2294/4712 1385/3854/4712
f 315/597/4713 316/596/4713 1333/1321/4713
f 745/3886/4714 1595/1745/4714 2047/2013/4714
f 1816/2806/4715 1595/1745/4715 745/3886/4715
f 1375/540/4716 1251/2168/4716 2278/2256/4716
f 2446/2042/4717 2071/2258/4717 2147/3671/4717
f 1777/3096/4718 1147/3487/4718 1778/1049/4718
f 637/2735/4719 1273/3503/4719 266/1732/4719
f 638/3879/4720 634/3575/4720 2084/290/4720
f 1928/1876/4721 1927/2275/4721 1947/1875/4721
f 1549/1106/4722 1916/2649/4722 1987/3370/4722
f 405/3081/4723 952/3082/4723 1925/3793/4723
f 735/1263/4724 1554/2209/4724 1273/3503/4724
f 1273/3503/4725 1554/2209/4725 1087/2993/4725
f 1881/3925/4726 803/3894/4726 931/181/4726
f 737/1896/4727 836/1165/4727 1554/2209/4727
f 320/1716/4728 2194/821/4728 1291/3378/4728
f 637/2735/4729 266/1732/4729 2403/2734/4729
f 2403/2734/4730 266/1732/4730 2007/1730/4730
f 1251/2168/4731 2461/8/4731 1252/2257/4731
f 1272/3470/4732 2215/2999/4732 639/3198/4732
f 46/2912/4733 595/2370/4733 1736/2909/4733
f 1846/2452/4734 703/2221/4734 704/3218/4734
f 1713/677/4735 1980/3472/4735 2325/679/4735
f 2193/2465/4736 2096/2218/4736 344/3446/4736
f 2414/4004/4737 2275/238/4737 2378/3981/4737
f 2292/3633/4738 1859/1614/4738 2308/2950/4738
f 1669/3506/4739 376/2272/4739 2020/1039/4739
f 1525/2201/4740 2261/1637/4740 2175/3087/4740
f 2260/3210/4741 2261/1637/4741 1525/2201/4741
f 348/3704/4742 1992/686/4742 2242/2274/4742
f 1636/2727/4743 1772/2380/4743 1635/3757/4743
f 1635/3757/4744 1772/2380/4744 2481/506/4744
f 2343/4005/4745 457/4007/4745 296/4006/4745
f 58/3827/4746 2004/676/4746 2247/157/4746
f 686/2890/4747 529/2511/4747 2182/3924/4747
f 1465/2941/4748 1464/4008/4748 2280/1833/4748
f 256/1464/4749 494/1462/4749 93/2644/4749
f 1434/1421/4750 2270/3681/4750 329/2001/4750
f 886/2846/4751 1989/2938/4751 402/2848/4751
f 1829/3091/4752 2325/679/4752 1435/3471/4752
f 1136/2578/4753 1137/3305/4753 1486/2108/4753
f 1951/3792/4754 2327/3845/4754 1612/3791/4754
f 25/2107/4755 462/3912/4755 1311/3511/4755
f 1316/3512/4756 25/2107/4756 1311/3511/4756
f 1936/3621/4757 587/3634/4757 1180/3702/4757
f 1911/2686/4758 1482/2687/4758 1749/507/4758
f 541/2285/4759 1658/1608/4759 1963/211/4759
f 1221/182/4760 1881/3925/4760 931/181/4760
f 1716/1914/4761 942/2901/4761 2358/1913/4761
f 1641/2949/4762 2433/2726/4762 2295/3742/4762
f 640/2715/4763 1110/2134/4763 2114/2779/4763
f 855/89/4764 78/90/4764 586/2680/4764
f 2464/3380/4765 743/3942/4765 2093/3913/4765
f 1641/2949/4766 2295/3742/4766 2012/1284/4766
f 1478/2133/4767 642/875/4767 2122/876/4767
f 579/4009/4768 1973/2671/4768 145/2670/4768
f 1885/3298/4769 344/195/4769 343/196/4769
f 2367/2496/4770 245/2978/4770 2349/2475/4770
f 450/2433/4771 451/2711/4771 1573/1541/4771
f 276/1661/4772 1725/1664/4772 1724/1663/4772
f 967/2395/4773 1154/3815/4773 1733/611/4773
f 1130/1102/4774 1502/3101/4774 1129/1101/4774
f 1963/211/4775 2126/212/4775 1262/1506/4775
f 1712/3308/4776 1981/777/4776 1980/3472/4776
f 2021/929/4777 2220/2246/4777 47/931/4777
f 1465/2616/4778 691/770/4778 1464/2617/4778
f 1260/1900/4779 1149/3059/4779 925/3253/4779
f 1149/3059/4780 1962/3326/4780 925/3253/4780
f 2406/2625/4781 1150/1161/4781 1151/1162/4781
f 1234/1915/4782 217/252/4782 304/4010/4782
f 304/4011/4783 217/952/4783 1623/3102/4783
f 317/3997/4784 1905/1834/4784 2237/2268/4784
f 444/3678/4785 25/2107/4785 1316/3512/4785
f 2223/2556/4786 1617/2965/4786 1225/665/4786
f 640/2715/4787 2114/2779/4787 2115/124/4787
f 2100/3918/4788 28/31/4788 2333/450/4788
f 1780/1355/4789 151/3617/4789 1136/1148/4789
f 1054/3110/4790 96/3226/4790 1800/3111/4790
f 1738/3758/4791 2074/2061/4791 280/2828/4791
f 741/391/4792 289/392/4792 316/596/4792
f 316/2462/4793 289/4012/4793 2029/2648/4793
f 1330/1323/4794 853/3965/4794 851/1322/4794
f 4/3121/4795 789/854/4795 1202/3703/4795
f 1637/2915/4796 586/2680/4796 1638/3264/4796
f 463/3319/4797 1933/2970/4797 1550/3320/4797
f 700/4013/4798 1993/3714/4798 934/3752/4798
f 2384/2542/4799 1677/2543/4799 743/3942/4799
f 2407/3721/4800 2263/2339/4800 1045/3720/4800
f 1378/2638/4801 358/3595/4801 687/2819/4801
f 932/1001/4802 933/1002/4802 2067/3104/4802
f 499/4014/4803 2099/3850/4803 452/559/4803
f 1488/1805/4804 240/281/4804 1487/3304/4804
f 922/1596/4805 1205/4015/4805 668/740/4805
f 1494/877/4806 639/3198/4806 1797/3007/4806
f 1598/2959/4807 348/3704/4807 2104/3493/4807
f 182/3325/4808 1458/1457/4808 2246/2284/4808
f 2066/2138/4809 837/2442/4809 701/780/4809
f 1845/3453/4810 837/2442/4810 2066/2138/4810
f 1986/3123/4811 1149/3059/4811 649/3058/4811
f 877/105/4812 2484/3383/4812 394/104/4812
f 1541/3510/4813 1387/3865/4813 940/2338/4813
f 2399/2914/4814 1899/1656/4814 2113/2122/4814
f 2308/2950/4815 2038/2951/4815 2480/1636/4815
f 1053/1972/4816 2285/3929/4816 2394/3992/4816
f 1652/3719/4817 1653/3947/4817 2394/3992/4817
f 1687/3269/4818 1686/1117/4818 1099/3268/4818
f 1693/3138/4819 2304/3494/4819 492/1891/4819
f 1697/3428/4820 2304/3494/4820 1693/3138/4820
f 2482/3054/4821 127/3438/4821 114/2755/4821
f 727/2926/4822 1355/2811/4822 884/938/4822
f 726/1662/4823 727/2926/4823 884/938/4823
f 642/875/4824 1478/2133/4824 2061/3751/4824
f 1928/1876/4825 1179/1874/4825 1178/2956/4825
f 1279/3413/4826 1678/1627/4826 2311/2620/4826
f 753/1934/4827 911/1935/4827 2183/2599/4827
f 1111/2220/4828 2440/3987/4828 2463/2222/4828
f 2353/3748/4829 1631/3988/4829 1630/3970/4829
f 545/2063/4830 1426/3131/4830 2454/2062/4830
f 2341/2451/4831 1845/3453/4831 2125/2136/4831
f 1851/4016/4832 1111/2220/4832 555/2453/4832
f 1851/4016/4833 555/2453/4833 1084/3402/4833
f 962/3236/4834 1263/400/4834 2391/3737/4834
f 676/2602/4835 607/678/4835 1886/2038/4835
f 181/4017/4836 991/868/4836 180/3343/4836
f 2342/1677/4837 99/3153/4837 1743/752/4837
f 1552/3273/4838 2481/506/4838 2300/3178/4838
f 686/2890/4839 2401/2888/4839 1721/3935/4839
f 1887/1085/4840 1414/3167/4840 2244/2280/4840
f 82/52/4841 48/53/4841 1045/3720/4841
f 1750/2572/4842 1859/1614/4842 2292/3633/4842
f 1394/3233/4843 1393/3645/4843 638/3879/4843
f 1353/3309/4844 128/3302/4844 1756/603/4844
f 1102/3553/4845 268/2845/4845 1080/3412/4845
f 138/2499/4846 1987/3370/4846 498/2838/4846
f 2198/870/4847 1266/2934/4847 369/3895/4847
f 760/1598/4848 1649/1599/4848 2014/823/4848
f 743/3942/4849 2464/3380/4849 2384/2542/4849
f 824/3559/4850 1145/1158/4850 76/3733/4850
f 1793/3870/4851 293/3535/4851 370/3783/4851
f 1738/3758/4852 1739/3820/4852 2074/2061/4852
f 773/847/4853 1739/3820/4853 1738/3758/4853
f 2304/3494/4854 2450/2998/4854 2303/769/4854
f 2450/2998/4855 1796/3920/4855 2303/769/4855
f 1721/3935/4856 529/2511/4856 686/2890/4856
f 1682/3385/4857 2374/444/4857 1519/3179/4857
f 1588/3852/4858 1590/2306/4858 396/2307/4858
f 537/1942/4859 1588/1943/4859 396/2324/4859
f 342/3938/4860 73/3933/4860 1639/3270/4860
f 500/4018/4861 451/2711/4861 450/2433/4861
f 1018/173/4862 2407/3721/4862 48/53/4862
f 2407/3721/4863 1018/173/4863 1044/2921/4863
f 181/4017/4864 802/867/4864 991/868/4864
f 2153/2202/4865 4/3831/4865 1202/3744/4865
f 192/2771/4866 2147/3671/4866 2146/2770/4866
f 824/3559/4867 2329/3006/4867 845/2093/4867
f 2454/2062/4868 280/2828/4868 2074/2061/4868
f 1311/3511/4869 2093/3913/4869 2091/1601/4869
f 642/875/4870 639/3198/4870 1494/877/4870
f 1970/1007/4871 2358/1913/4871 1021/1998/4871
f 1505/2746/4872 1492/2554/4872 91/2159/4872
f 1033/1919/4873 2222/2555/4873 2399/2914/4873
f 1014/2624/4874 1326/2791/4874 1327/1554/4874
f 1653/3947/4875 1053/1972/4875 2394/3992/4875
f 1403/1698/4876 1765/1699/4876 2253/4019/4876
f 2208/3079/4877 1496/641/4877 1495/2837/4877
f 1906/1053/4878 300/2598/4878 1382/2269/4878
f 2158/2313/4879 2051/720/4879 2157/2312/4879
f 150/1513/4880 151/3617/4880 49/1353/4880
f 127/3438/4881 2036/2352/4881 114/2755/4881
f 2295/3742/4882 2433/2726/4882 1635/3757/4882
f 2232/3625/4883 638/3879/4883 2381/3648/4883
f 446/510/4884 1781/3660/4884 444/3678/4884
f 444/3678/4885 445/512/4885 446/510/4885
f 1505/2746/4886 592/2067/4886 2385/2147/4886
f 2353/3748/4887 1630/3970/4887 1849/3747/4887
f 416/1743/4888 1165/1171/4888 417/1172/4888
f 1848/3092/4889 1189/3181/4889 1038/3314/4889
f 1377/2639/4890 358/3595/4890 1378/2638/4890
f 638/3879/4891 2084/290/4891 2095/3649/4891
f 437/2948/4892 1859/1614/4892 2294/1615/4892
f 2335/60/4893 1194/61/4893 2140/1406/4893
f 508/3034/4894 2319/3035/4894 1437/3710/4894
f 661/727/4895 1395/728/4895 2092/483/4895
f 896/2469/4896 730/3324/4896 1991/3262/4896
f 775/2969/4897 773/847/4897 1933/2970/4897
f 29/1455/4898 520/3602/4898 1278/790/4898
f 1490/3795/4899 347/1501/4899 265/1502/4899
f 1849/3747/4900 949/3969/4900 2457/3833/4900
f 1055/1071/4901 1036/3875/4901 1774/3261/4901
f 1887/1085/4902 1102/3553/4902 1414/3167/4902
f 1134/1145/4903 431/3596/4903 672/1336/4903
f 994/422/4904 2031/423/4904 292/797/4904
f 292/2467/4905 2031/4020/4905 72/3661/4905
f 1650/1600/4906 1175/2500/4906 1649/1599/4906
f 1649/1599/4907 1175/2500/4907 461/3620/4907
f 675/2505/4908 173/4021/4908 174/2642/4908
f 1948/4022/4909 1114/3464/4909 1113/2719/4909
f 650/3989/4910 1973/2671/4910 579/4009/4910
f 1688/1107/4911 1549/1106/4911 1987/3370/4911
f 2111/2160/4912 2206/3329/4912 2207/960/4912
f 1383/2929/4913 2307/2932/4913 324/2928/4913
f 2385/2147/4914 1492/2554/4914 1505/2746/4914
f 2399/2914/4915 1226/2581/4915 1718/2913/4915
f 1722/1659/4916 585/2684/4916 915/2682/4916
f 2401/4023/4917 1639/3270/4917 1430/3932/4917
f 2121/1529/4918 301/1392/4918 126/1528/4918
f 816/2622/4919 349/406/4919 2143/72/4919
f 2395/3177/4920 2300/3178/4920 2302/2966/4920
f 1261/1901/4921 2436/1447/4921 1786/1714/4921
f 2293/2534/4922 1463/2535/4922 2490/112/4922
f 1435/3471/4923 245/3739/4923 2353/3974/4923
f 2175/3087/4924 2494/3818/4924 1720/2200/4924
f 1348/4024/4925 2269/803/4925 1349/3076/4925
f 584/656/4926 948/3290/4926 1723/2843/4926
f 1206/3294/4927 1664/1612/4927 1586/2295/4927
f 974/1023/4928 1806/1024/4928 995/4025/4928
f 721/46/4929 29/1455/4929 1278/790/4929
f 306/426/4930 2452/3890/4930 1114/425/4930
f 1114/425/4931 2452/3890/4931 2451/4026/4931
f 870/2939/4932 109/129/4932 357/410/4932
f 1980/3472/4933 548/3805/4933 1435/3471/4933
f 995/4025/4934 1806/1024/4934 435/917/4934
f 995/3115/4935 435/2807/4935 298/2808/4935
f 2366/3824/4936 309/370/4936 1679/2194/4936
f 2486/126/4937 2115/124/4937 76/3733/4937
f 1605/820/4938 484/543/4938 1828/3754/4938
f 2021/929/4939 6/930/4939 2160/3067/4939
f 1939/2504/4940 1076/4027/4940 1680/2503/4940
f 1615/3580/4941 1457/1458/4941 614/3436/4941
f 269/320/4942 1306/1297/4942 1305/1298/4942
f 128/3302/4943 639/4028/4943 1756/603/4943
f 241/282/4944 1663/2591/4944 1453/2250/4944
f 2370/1987/4945 1284/1988/4945 2376/3656/4945
f 1393/3645/4946 634/3575/4946 638/3879/4946
f 1316/3512/4947 2070/3679/4947 444/3678/4947
f 2186/2839/4948 783/2840/4948 2011/3943/4948
f 803/3128/4949 926/1366/4949 1369/4029/4949
f 1369/4029/4950 926/1366/4950 802/867/4950
f 1655/2772/4951 1069/1078/4951 1589/4030/4951
f 1589/1946/4952 521/1604/4952 1655/1605/4952
f 916/3763/4953 1069/745/4953 578/43/4953
f 1589/4030/4954 1069/1078/4954 916/4031/4954
f 1430/4032/4955 1721/3935/4955 2401/2888/4955
f 2060/974/4956 2439/975/4956 422/494/4956
f 1272/3470/4957 1796/3920/4957 2215/2999/4957
f 2111/2160/4958 2207/960/4958 906/961/4958
f 2437/71/4959 2143/72/4959 350/2317/4959
f 76/3733/4960 1145/1158/4960 1144/634/4960
f 2445/1630/4961 1420/1413/4961 2388/3786/4961
f 1783/2455/4962 2146/3527/4962 2253/80/4962
f 1540/1517/4963 1668/1516/4963 457/522/4963
f 2372/3158/4964 2135/3159/4964 1562/3788/4964
f 415/2374/4965 2432/2724/4965 1282/3172/4965
f 2408/1286/4966 2012/1284/4966 438/504/4966
f 30/3176/4967 1552/3273/4967 2300/3178/4967
f 2095/3649/4968 2084/290/4968 2094/2434/4968
f 2084/290/4969 249/291/4969 2094/2434/4969
f 2068/2023/4970 1857/2052/4970 2052/997/4970
f 1656/2288/4971 189/217/4971 2015/4033/4971
f 995/3115/4972 994/2856/4972 974/4034/4972
f 1679/2194/4973 2364/3911/4973 2366/3824/4973
f 818/872/4974 322/1776/4974 820/874/4974
f 1195/3068/4975 2212/1194/4975 2211/1164/4975
f 825/1476/4976 370/3783/4976 383/1230/4976
f 2389/1387/4977 216/2849/4977 1393/3645/4977
f 1191/572/4978 834/4035/4978 1657/574/4978
f 1581/1786/4979 947/1124/4979 508/3034/4979
f 1369/2836/4980 802/4036/4980 181/210/4980
f 1788/470/4981 393/471/4981 1184/1187/4981
f 1493/3549/4982 91/2159/4982 906/961/4982
f 2181/304/4983 1374/3755/4983 1819/1373/4983
f 1136/2578/4984 139/4037/4984 1137/3305/4984
f 1844/333/4985 1515/3151/4985 2156/4038/4985
f 471/1073/4986 472/1074/4986 2025/1973/4986
f 1461/3088/4987 2494/3818/4987 2175/3087/4987
f 2501/208/4988 180/209/4988 646/638/4988
f 124/2309/4989 2075/2310/4989 112/3821/4989
f 2360/488/4990 2359/756/4990 415/2375/4990
f 2408/1286/4991 1305/1298/4991 1287/1285/4991
f 1755/499/4992 1428/1060/4992 2120/501/4992
f 1014/2624/4993 1327/1554/4993 1150/1161/4993
f 76/3733/4994 1144/634/4994 1787/635/4994
f 139/4037/4995 1974/2506/4995 1137/3305/4995
